{"type":"FeatureCollection","features":[{"type":"Feature","properties":{"2024":1326784.310941,"2023":1326784.310941,"DistrictID":0,"2020":1361299.96581,"2014":1435840.215078,"2021":1349599.951982,"2022":1338096,"district":"Bagerhat","2018":1385303.769826,"2013":1449025.856056,"2017":1397615.558001,"2016":1410139.407443,"2015":1422879.527545,"2025":1326784.310941,"2019":1373199.919103,"2012":1462440.927625,"division":"Khulna","UpazilaID":0},"geometry":{"type":"MultiPolygon","coordinates":[[[[89.5884188,21.9464738],[89.5734118,21.9352485],[89.5545407,21.8985298],[89.5485377,21.8770476],[89.5542877,21.8562668],[89.5661499,21.8415017],[89.6080707,21.8108658],[89.6160623,21.7994102],[89.618529,21.7862687],[89.6101677,21.764257],[89.6373894,21.7570764],[89.6699426,21.755112],[89.6876059,21.7637999],[89.6999413,21.7757272],[89.6946747,21.7972794],[89.6808121,21.8039942],[89.6607022,21.8215002],[89.6257372,21.8637114],[89.6264259,21.8844139],[89.6456959,21.9114683],[89.6296659,21.9289308],[89.6222987,21.944117],[89.6147587,21.9467288],[89.5884188,21.9464738]]],[[[89.6115343,22.1564077],[89.6141797,22.1486778],[89.6103748,22.1336915],[89.6037401,22.1252953],[89.5982614,22.0887715],[89.62204,22.0966148],[89.6456996,22.1008002],[89.6507437,22.0988841],[89.652094,22.083926],[89.6474148,22.0734135],[89.6604072,22.0730344],[89.667971,22.0558012],[89.6642627,22.0516702],[89.6575643,22.051477],[89.6538836,22.0360514],[89.6611933,22.0214853],[89.6543611,22.0011465],[89.6420315,21.9910327],[89.6239926,21.9889367],[89.6281661,21.9807708],[89.6454535,21.9856857],[89.6485963,21.9792862],[89.6464867,21.9618317],[89.6284645,21.9449156],[89.6393346,21.9323662],[89.6567503,21.9028581],[89.6697753,21.9086217],[89.6769417,21.9226916],[89.6852333,21.9499586],[89.6844013,21.9671199],[89.6783331,21.9760484],[89.6768905,21.9907225],[89.6985163,22.0302051],[89.6730753,22.0467803],[89.6717785,22.0532317],[89.6801754,22.0678893],[89.6679529,22.0838732],[89.6641411,22.1011968],[89.6768492,22.1203585],[89.6802375,22.132144],[89.6703769,22.1424137],[89.6612997,22.136455],[89.6371209,22.1632548],[89.6185688,22.166726],[89.6115343,22.1564077]]],[[[89.6118494,22.0916076],[89.5996763,22.0854647],[89.5957913,22.0895051],[89.5734843,22.0533499],[89.5687342,22.0392054],[89.6053284,22.023775],[89.6089972,22.0133445],[89.6058746,22.0038573],[89.588076,21.9856201],[89.563432,21.9750179],[89.5632317,21.973392],[89.5821139,21.9577124],[89.5866709,21.9503139],[89.60391,21.9523643],[89.6258805,21.9483519],[89.6424268,21.9611058],[89.645015,21.9817644],[89.6269295,21.9783298],[89.6198593,21.9962895],[89.6317126,22.0018623],[89.638709,21.9922685],[89.6547512,22.0040637],[89.6598832,22.0199289],[89.6519366,22.0327604],[89.6551329,22.0494999],[89.6590331,22.0537512],[89.6664022,22.0551407],[89.6579757,22.072459],[89.6483843,22.0690338],[89.6461241,22.0743655],[89.6500621,22.0827924],[89.6490318,22.0988559],[89.6118494,22.0916076]]],[[[89.7051052,21.9842614],[89.7047264,22.0062523],[89.6961666,22.0052807],[89.6864792,21.9926409],[89.6872563,21.977296],[89.6939738,21.9640183],[89.6945454,21.9483858],[89.6832262,21.9223568],[89.6784487,21.9049451],[89.6584866,21.8866899],[89.6685861,21.8720335],[89.6661303,21.8487456],[89.6707635,21.8381893],[89.6816778,21.8465772],[89.7015548,21.8431244],[89.708179,21.8341958],[89.727664,21.83356],[89.7406873,21.8383141],[89.7408679,21.865948],[89.7335278,21.8746852],[89.7284537,21.8898321],[89.7155602,21.8949737],[89.7110521,21.907683],[89.7253399,21.9242493],[89.7264292,21.930753],[89.7135592,21.9477986],[89.7109011,21.9571166],[89.7144751,21.9766765],[89.7051052,21.9842614]]],[[[89.5348248,21.8383087],[89.5308553,21.8229511],[89.5498435,21.7925975],[89.540804,21.7859274],[89.5381164,21.7620155],[89.5553971,21.7253223],[89.5738502,21.7140881],[89.5897154,21.7135775],[89.6063027,21.719068],[89.5885912,21.7490492],[89.5865772,21.7643428],[89.6010312,21.775231],[89.6052296,21.7935042],[89.6030551,21.8023914],[89.5574665,21.8356936],[89.544954,21.8495241],[89.5348248,21.8383087]]],[[[89.6139219,22.2816434],[89.623403,22.2924192],[89.6125678,22.2974653],[89.5939879,22.2767101],[89.5994005,22.2524702],[89.5955374,22.2329758],[89.5812487,22.2176077],[89.5540785,22.2095041],[89.5561486,22.1963017],[89.5972546,22.1418332],[89.6072996,22.1424503],[89.6128704,22.1501354],[89.610246,22.159347],[89.6133967,22.1676283],[89.6051783,22.1780367],[89.6180691,22.1984561],[89.6068733,22.2058582],[89.6003515,22.2209594],[89.613146,22.2414131],[89.6041931,22.2485622],[89.6189988,22.2565115],[89.6095486,22.2663011],[89.6170504,22.2694727],[89.6139219,22.2816434]]],[[[89.5825102,21.9492754],[89.5785128,21.9580617],[89.5657997,21.9675425],[89.5613225,21.9734587],[89.5630041,21.9766661],[89.5868806,21.9869485],[89.6063399,22.0086873],[89.605759,22.0214697],[89.5830505,22.032972],[89.5684764,22.0375347],[89.5649866,22.0234693],[89.5507915,21.9849519],[89.5486117,21.9610899],[89.5649763,21.9433019],[89.5736416,21.9416989],[89.5825102,21.9492754]]],[[[89.5529695,21.9014652],[89.5671901,21.9255504],[89.5688507,21.9355946],[89.5416227,21.9573689],[89.5470734,21.927313],[89.5451578,21.9012524],[89.5529695,21.9014652]]],[[[89.6606065,21.869738],[89.6443005,21.8978149],[89.6326752,21.8864588],[89.6321218,21.8724496],[89.6379798,21.8649088],[89.6541057,21.8574376],[89.6606065,21.869738]]],[[[89.7583427,22.0252853],[89.7554586,22.0232618],[89.7468016,22.0202198],[89.7429986,22.0159366],[89.7533052,22.001147],[89.7395064,21.9915642],[89.7493987,21.9777629],[89.7396284,21.9667997],[89.7162911,21.9624584],[89.7209387,21.944586],[89.7308747,21.9339891],[89.731364,21.918978],[89.7163016,21.905423],[89.7300467,21.8973663],[89.7387912,21.8778745],[89.7538936,21.8527024],[89.7728111,21.8528885],[89.7704575,21.8389096],[89.7795296,21.8335194],[89.7879406,21.8420407],[89.835863,21.8502707],[89.8367272,21.8783355],[89.8447797,21.8922077],[89.8084789,21.9161696],[89.8084301,21.9333806],[89.8165408,21.9422345],[89.8425335,21.9552175],[89.8362696,21.9651077],[89.8037698,21.9875421],[89.8102442,21.9952469],[89.8360998,22.001442],[89.8399228,22.021095],[89.8268561,22.0354241],[89.8236324,22.0506713],[89.7765678,22.0887262],[89.770238,22.076847],[89.7528605,22.0653526],[89.752337,22.0566984],[89.7420386,22.0511367],[89.7453215,22.036465],[89.7586044,22.0354334],[89.7583427,22.0252853]]],[[[89.8646666,21.8813666],[89.8755882,21.8979169],[89.8763207,21.9101567],[89.8696056,21.9420879],[89.8613096,21.9623998],[89.8604762,22.0025581],[89.8534962,22.0349182],[89.842842,22.0474339],[89.8279161,22.0495702],[89.8265394,22.043067],[89.8401734,22.0263003],[89.8434926,22.0154509],[89.8411738,22.0030185],[89.8134246,21.9937624],[89.8065895,21.9874438],[89.8364698,21.9694525],[89.8448095,21.9596119],[89.8431773,21.9524391],[89.815625,21.9373508],[89.808956,21.9236701],[89.8123477,21.9160724],[89.8440311,21.8979381],[89.84824,21.890197],[89.8426939,21.8794825],[89.8502044,21.8732264],[89.8646666,21.8813666]]],[[[89.7736106,22.0871349],[89.766882,22.1104652],[89.7550528,22.1327793],[89.7248896,22.1328976],[89.7129393,22.1283742],[89.7133055,22.104169],[89.7088782,22.0931016],[89.7107125,22.0739222],[89.7026878,22.0635692],[89.6805546,22.0559979],[89.6816636,22.0475144],[89.6995595,22.0405467],[89.7047479,22.0237757],[89.6990532,22.013152],[89.7067817,22.0071899],[89.7081826,21.9864437],[89.724678,21.9786796],[89.7319233,21.9691299],[89.7460809,21.9771841],[89.7334241,21.9888294],[89.7494182,22.003197],[89.7430198,22.011936],[89.7415767,22.0159973],[89.7435685,22.0203031],[89.7501526,22.0229429],[89.7550739,22.023524],[89.7579817,22.0322772],[89.7430286,22.0354097],[89.7389765,22.0499368],[89.7498117,22.05636],[89.7497977,22.064296],[89.7693639,22.0790101],[89.7736106,22.0871349]]],[[[89.8409232,21.810728],[89.8532549,21.8175283],[89.8402131,21.8278432],[89.8409232,21.810728]]],[[[89.8877428,22.1652391],[89.8886024,22.1509645],[89.8912177,22.1500588],[89.8892894,22.1581899],[89.8877428,22.1652391]]],[[[89.9437802,22.8564936],[89.9223103,22.8640649],[89.9198826,22.8808104],[89.8903908,22.88107],[89.8740467,22.8865351],[89.857772,22.8863729],[89.8640868,22.9038156],[89.8379941,22.9168221],[89.8159969,22.9368188],[89.8010467,22.94126],[89.7863609,22.9620903],[89.7797966,22.9834021],[89.7675628,22.9777387],[89.760656,22.9647134],[89.7491627,22.9639069],[89.7511215,22.9456849],[89.7297012,22.9238643],[89.7363573,22.9133989],[89.7214139,22.9029136],[89.7267964,22.8943891],[89.7193404,22.884385],[89.6989297,22.8776012],[89.6989905,22.864641],[89.7114081,22.8580153],[89.7176871,22.8485937],[89.7115226,22.826133],[89.6750003,22.811175],[89.6770487,22.7978994],[89.6658794,22.7953927],[89.6610598,22.7762315],[89.6550611,22.7728863],[89.6572451,22.7583657],[89.6471624,22.7528849],[89.6442684,22.7740438],[89.6357694,22.7664544],[89.6112477,22.7739789],[89.6082086,22.752009],[89.598713,22.738553],[89.5976133,22.7207716],[89.5915374,22.7091259],[89.6030952,22.7032264],[89.5702009,22.6916474],[89.580021,22.6731564],[89.5771583,22.6684476],[89.5582826,22.679264],[89.5490878,22.6613742],[89.5526118,22.642361],[89.5369794,22.6253821],[89.5323675,22.6091006],[89.5676201,22.5560473],[89.5820587,22.515166],[89.587612,22.4789655],[89.5960543,22.4499308],[89.6026166,22.4469459],[89.6055282,22.4318001],[89.6226183,22.4067777],[89.6268141,22.3914157],[89.6288232,22.3659067],[89.6364088,22.349632],[89.6308611,22.3272701],[89.6149304,22.3000648],[89.6254425,22.29391],[89.6160166,22.2826981],[89.62506,22.2771677],[89.6131531,22.2653538],[89.6206629,22.2566645],[89.6053101,22.2478837],[89.6153021,22.2414453],[89.621823,22.2149696],[89.6096301,22.2211211],[89.6071331,22.2080668],[89.6178219,22.2019464],[89.6188957,22.1936724],[89.6068926,22.1789733],[89.6160022,22.1682631],[89.6316473,22.167131],[89.6438926,22.160173],[89.6512208,22.1485715],[89.6771392,22.1424445],[89.6815534,22.1347649],[89.6789119,22.1209867],[89.6665564,22.0986125],[89.6803624,22.099606],[89.681773,22.0917262],[89.669101,22.0883069],[89.6744742,22.0758761],[89.6850821,22.0670024],[89.703827,22.0706828],[89.7044588,22.093428],[89.7102631,22.1041863],[89.7089359,22.1296463],[89.6898479,22.1764835],[89.6966989,22.1910019],[89.6870647,22.1980802],[89.6943035,22.2144534],[89.7035529,22.2028783],[89.7138346,22.1987121],[89.7136067,22.1882426],[89.6942121,22.1823034],[89.7060298,22.1454525],[89.7138279,22.1305883],[89.7416047,22.1365099],[89.7579662,22.1346694],[89.7705036,22.111546],[89.7761787,22.0914747],[89.8028507,22.07742],[89.8358863,22.1198619],[89.8407576,22.1110703],[89.8348692,22.1010726],[89.8057132,22.0754635],[89.8174202,22.0659631],[89.8444527,22.0634094],[89.8614109,22.0848533],[89.875155,22.0945909],[89.8840636,22.1148688],[89.8848717,22.1409584],[89.876742,22.1764952],[89.8858729,22.1772728],[89.8758656,22.2099935],[89.8647762,22.2256517],[89.8578212,22.2561213],[89.8623579,22.2911272],[89.8757093,22.3201339],[89.8900241,22.3391963],[89.9003452,22.3612601],[89.8982034,22.3823198],[89.8750982,22.4061511],[89.8708923,22.4171443],[89.8774292,22.4282747],[89.9107258,22.4472934],[89.9300221,22.4463317],[89.9398389,22.453362],[89.9445552,22.4663807],[89.9381876,22.4752485],[89.9254277,22.4778303],[89.9127111,22.4736242],[89.8969982,22.4749356],[89.8840939,22.4856127],[89.8819318,22.4962745],[89.891637,22.5068362],[89.913898,22.505385],[89.9317039,22.4967928],[89.9498719,22.4922299],[89.9648488,22.49251],[89.9646344,22.5076841],[89.9318026,22.5080982],[89.9234623,22.5125002],[89.9303049,22.523847],[89.9469868,22.5420519],[89.9580519,22.5641284],[89.96267,22.5891159],[89.9577432,22.598591],[89.9206397,22.6061551],[89.9272116,22.6408765],[89.9239999,22.6454792],[89.895901,22.6562708],[89.8900829,22.6638285],[89.8999357,22.6728505],[89.9140874,22.6597574],[89.9370883,22.6794439],[89.9208669,22.6916067],[89.9032878,22.695369],[89.8672919,22.6918042],[89.8624685,22.7019519],[89.9027274,22.7250646],[89.9324247,22.7255621],[89.9305518,22.7534975],[89.9154458,22.7515268],[89.9053772,22.7743534],[89.9168714,22.7772357],[89.9316152,22.7941005],[89.9157522,22.7982648],[89.9153227,22.8073664],[89.9289242,22.8159768],[89.9457868,22.8316996],[89.9403124,22.8453933],[89.9437802,22.8564936]]]]}},{"type":"Feature","properties":{"2024":6136525.231829,"2023":6136525.231829,"DistrictID":0,"2020":5172712.357797,"2014":3765356.569105,"2021":5471078.212422,"2022":5791743,"district":"Dhaka","2018":4636295.196318,"2013":3582693.108377,"2017":4395266.647582,"2016":4170563.138065,"2015":3960967.578344,"2025":6136525.231829,"2019":4894967.474998,"2012":3412019.868752,"division":"Dhaka","UpazilaID":0},"geometry":{"type":"Polygon","coordinates":[[[90.1475526,24.033543],[90.1277355,24.0329929],[90.1096676,24.0188104],[90.1021502,24.019038],[90.081651,24.0406691],[90.0744913,24.0338195],[90.0405648,24.0283101],[90.0255496,24.0210451],[90.0194403,24.0257316],[90.0075938,24.0113622],[90.0435812,24.0042364],[90.0482896,23.9878102],[90.0390148,23.9828394],[90.0391035,23.9724809],[90.0464598,23.9629463],[90.060055,23.9577146],[90.0677083,23.9403641],[90.066645,23.916856],[90.071606,23.9052092],[90.082853,23.9108997],[90.0937173,23.900965],[90.1080007,23.8957846],[90.1160475,23.8755804],[90.1447394,23.8466052],[90.1509309,23.8342349],[90.1719229,23.8276654],[90.1854617,23.8187837],[90.1971928,23.8303026],[90.2186813,23.8401676],[90.239925,23.8321569],[90.2474097,23.8072769],[90.2411226,23.7781382],[90.2369871,23.7800189],[90.2185573,23.7483146],[90.2265032,23.7378016],[90.2382024,23.7355371],[90.2542526,23.7215612],[90.2555117,23.715085],[90.2363407,23.71554],[90.2253459,23.7092291],[90.203605,23.7252143],[90.1896028,23.7205769],[90.176213,23.7263013],[90.1595896,23.72566],[90.1541694,23.7476922],[90.1365206,23.7454167],[90.1238214,23.7345594],[90.115563,23.7175929],[90.1071008,23.7188048],[90.1008374,23.7300762],[90.083669,23.7283363],[90.0812447,23.7174595],[90.0662067,23.7254972],[90.051207,23.7256057],[90.0422926,23.7129959],[90.0377541,23.6852029],[90.0205512,23.6652076],[90.0183003,23.6524954],[90.0071594,23.6447095],[90.0076972,23.6349422],[90.0447607,23.6290116],[90.0476122,23.6130594],[90.039007,23.6093927],[90.0419787,23.596116],[90.0554521,23.5844549],[90.0465462,23.5742795],[90.0740358,23.5654945],[90.0781695,23.5614237],[90.1020094,23.5685798],[90.1298949,23.5650982],[90.147778,23.5411757],[90.1582572,23.5221472],[90.1709134,23.5272628],[90.1815343,23.5404455],[90.1771676,23.5520414],[90.1852979,23.5618207],[90.1928282,23.5596076],[90.2056718,23.5689441],[90.2086072,23.5888157],[90.2259756,23.601876],[90.2261978,23.6135511],[90.2452832,23.6323362],[90.2469403,23.6500654],[90.2735063,23.6624114],[90.2861832,23.673856],[90.3098547,23.6590359],[90.3277076,23.6441314],[90.3471183,23.636679],[90.3568161,23.6407533],[90.3682559,23.652653],[90.3919608,23.6484947],[90.4301934,23.6086052],[90.4467325,23.6238699],[90.4702314,23.6292545],[90.4714738,23.639466],[90.4484,23.6653247],[90.4619274,23.6835275],[90.4990213,23.705247],[90.5127945,23.709569],[90.5018524,23.71805],[90.4975088,23.730575],[90.4899304,23.7359875],[90.4824351,23.7733627],[90.4709282,23.7835517],[90.4800997,23.7918203],[90.4866089,23.8261018],[90.4712694,23.8473083],[90.4716497,23.8660769],[90.4613558,23.8767354],[90.4578006,23.8964471],[90.4382006,23.9010634],[90.4189792,23.8858237],[90.3957001,23.8801828],[90.3937296,23.8883603],[90.377153,23.8980401],[90.3553939,23.8878992],[90.3447699,23.9042427],[90.3483654,23.9275104],[90.3455134,23.9471435],[90.3307168,23.9503848],[90.300174,23.9488359],[90.297812,23.9618741],[90.2751068,23.9653652],[90.2601326,23.9711313],[90.2501171,23.9916158],[90.2600262,24.0148275],[90.2398412,24.0318236],[90.2397139,24.009211],[90.1940474,24.0085671],[90.1832993,24.0016785],[90.1711325,24.0008774],[90.1615449,24.0196457],[90.1469307,24.0257916],[90.1475526,24.033543]]]}},{"type":"Feature","properties":{"2024":2561565.410293,"2023":2561565.410293,"DistrictID":0,"2020":2514271.269521,"2014":2423148.833686,"2021":2529904.71069,"2022":2545669,"district":"Gaibandha","2018":2483391.907467,"2013":2408396.803279,"2017":2468143.507696,"2016":2453020.997982,"2015":2438023.17138,"2025":2561565.410293,"2019":2498767.417124,"2012":2393765.911003,"division":"Rangpur","UpazilaID":0},"geometry":{"type":"Polygon","coordinates":[[[89.6478348,25.0467389],[89.6559142,25.0499892],[89.6530672,25.0780119],[89.6404188,25.0889714],[89.6517376,25.1435129],[89.6659032,25.1609215],[89.6860004,25.2042972],[89.6958649,25.2181915],[89.7012143,25.2321527],[89.7126028,25.2357854],[89.7478714,25.2350838],[89.7506637,25.250669],[89.7493563,25.2711176],[89.7563331,25.2808593],[89.7449169,25.29866],[89.7414418,25.31637],[89.723093,25.357836],[89.744416,25.3739898],[89.7478744,25.3863141],[89.7398588,25.397453],[89.7016508,25.3902361],[89.7015037,25.4116293],[89.6937312,25.4233231],[89.700331,25.4372737],[89.7062099,25.4595888],[89.7052095,25.4691964],[89.6825484,25.4672939],[89.6842741,25.4753782],[89.6713592,25.4847218],[89.6776939,25.4934283],[89.6938699,25.4924701],[89.6947044,25.5046737],[89.6833542,25.5114084],[89.6839282,25.5227327],[89.6978747,25.5333537],[89.69098,25.5378003],[89.67532,25.5349924],[89.6453526,25.5474752],[89.6343056,25.5598456],[89.6167266,25.568932],[89.6055567,25.5681917],[89.5908865,25.5563528],[89.5850746,25.5579935],[89.5653761,25.5847942],[89.5518278,25.5848018],[89.535995,25.590928],[89.5375363,25.6009373],[89.5488999,25.6267214],[89.5358905,25.6489942],[89.5301708,25.6444349],[89.5133792,25.6193488],[89.4969329,25.6219711],[89.4894784,25.6042659],[89.4905092,25.5903782],[89.4864916,25.5810337],[89.4655034,25.5976553],[89.4429454,25.5844441],[89.4128801,25.5883466],[89.4130317,25.5757654],[89.4029014,25.5335044],[89.4112637,25.5365132],[89.4397001,25.5297623],[89.4340382,25.5204952],[89.4397899,25.5120983],[89.4413351,25.4936824],[89.4342749,25.4876237],[89.4300178,25.4742672],[89.4145348,25.4629404],[89.3981423,25.4597293],[89.391414,25.4418408],[89.3803393,25.4437496],[89.3783535,25.4100181],[89.3661721,25.4032238],[89.3637308,25.3886885],[89.350844,25.3783145],[89.3431383,25.3667514],[89.3451508,25.3543877],[89.3402898,25.3423669],[89.3468937,25.3368573],[89.3302116,25.3219275],[89.3427579,25.3042962],[89.3183519,25.3027507],[89.3134871,25.2994467],[89.2806563,25.3013452],[89.2692327,25.3005757],[89.2645271,25.2897497],[89.2732484,25.264583],[89.2857811,25.2581654],[89.2991814,25.222508],[89.2803091,25.2291998],[89.2459161,25.2237201],[89.2349964,25.2306874],[89.2150705,25.2360219],[89.2046099,25.2284573],[89.194595,25.2169153],[89.1941454,25.2000736],[89.1839476,25.1872358],[89.1964804,25.1786414],[89.1978058,25.170826],[89.2100582,25.1676771],[89.2196422,25.1560093],[89.2176428,25.1449014],[89.2313008,25.1444328],[89.237527,25.1292215],[89.2493505,25.1130811],[89.2515846,25.0974007],[89.2598301,25.0969482],[89.2800909,25.0876313],[89.2905512,25.1090791],[89.3010167,25.1184224],[89.3178066,25.1160426],[89.3321066,25.1229208],[89.3532881,25.0890583],[89.3602094,25.0663174],[89.3811674,25.0600017],[89.3878295,25.0505357],[89.3947925,25.0685332],[89.4095896,25.0773651],[89.4295837,25.0732767],[89.4532751,25.0750422],[89.4493617,25.059147],[89.4880981,25.0616291],[89.4929183,25.0506805],[89.519867,25.0401751],[89.564139,25.0379217],[89.5720656,25.0428102],[89.5908043,25.0449728],[89.6104254,25.0508596],[89.6344843,25.0392154],[89.6478348,25.0467389]]]}},{"type":"Feature","properties":{"2024":6590246.428411,"2023":6590246.428411,"DistrictID":0,"2020":5383896.849748,"2014":3688895.044765,"2021":5753687.005347,"2022":6154811,"district":"Gazipur","2018":4727805.20154,"2013":3475675.44918,"2017":4436859.786089,"2016":4167910.249569,"2015":3919139.189957,"2025":6590246.428411,"2019":5042748.416237,"2012":3278112.397242,"division":"Dhaka","UpazilaID":0},"geometry":{"type":"Polygon","coordinates":[[[90.1475526,24.033543],[90.1469307,24.0257916],[90.1615449,24.0196457],[90.1711325,24.0008774],[90.1832993,24.0016785],[90.1940474,24.0085671],[90.2397139,24.009211],[90.2398412,24.0318236],[90.2600262,24.0148275],[90.2501171,23.9916158],[90.2601326,23.9711313],[90.2751068,23.9653652],[90.297812,23.9618741],[90.300174,23.9488359],[90.3307168,23.9503848],[90.3455134,23.9471435],[90.3483654,23.9275104],[90.3447699,23.9042427],[90.3553939,23.8878992],[90.377153,23.8980401],[90.3937296,23.8883603],[90.3957001,23.8801828],[90.4189792,23.8858237],[90.4382006,23.9010634],[90.4578006,23.8964471],[90.4613558,23.8767354],[90.4716497,23.8660769],[90.4712694,23.8473083],[90.4831838,23.8468956],[90.5030441,23.8591211],[90.5057539,23.8701361],[90.5210692,23.8773819],[90.5171745,23.8882959],[90.5300787,23.8934861],[90.5342791,23.8871372],[90.5539868,23.8858905],[90.5579363,23.8933611],[90.5706679,23.8949893],[90.5603912,23.9110953],[90.5766292,23.9166398],[90.5917463,23.914309],[90.6081534,23.921517],[90.6169355,23.9402456],[90.6175756,23.9671117],[90.6301487,23.9796106],[90.6411706,24.0059429],[90.6568066,24.0113043],[90.6572761,24.0253396],[90.6460068,24.0518235],[90.6364548,24.0675339],[90.6410604,24.0762378],[90.6388442,24.0982476],[90.657232,24.0923672],[90.6679283,24.0996045],[90.6998357,24.1013494],[90.7031568,24.10785],[90.6948405,24.116615],[90.6845364,24.1127846],[90.6764097,24.1180231],[90.6945609,24.1413763],[90.6876255,24.1447506],[90.6845602,24.1668024],[90.6860905,24.1900849],[90.6717392,24.2045967],[90.6726493,24.2226149],[90.6848016,24.2344729],[90.6829503,24.2443483],[90.6563899,24.2511419],[90.6492934,24.2579878],[90.6224176,24.2686103],[90.6030353,24.2628217],[90.5770756,24.2457491],[90.5441423,24.2661609],[90.5471385,24.2726372],[90.5211356,24.2901656],[90.5290108,24.3032948],[90.5119801,24.311782],[90.4890238,24.3136161],[90.4555653,24.3398852],[90.436608,24.3385156],[90.4292333,24.3303222],[90.4212761,24.3082826],[90.4097376,24.2970103],[90.4038949,24.2842802],[90.3928256,24.2816132],[90.3822624,24.2884604],[90.364573,24.2811299],[90.3587842,24.2909822],[90.3244153,24.2990092],[90.2904978,24.2777749],[90.3008329,24.2693562],[90.2979212,24.2523361],[90.2902584,24.2453026],[90.2903059,24.2271674],[90.2815845,24.2201721],[90.2661585,24.2151159],[90.2259171,24.1623855],[90.2199375,24.1427025],[90.2186314,24.1234286],[90.2298722,24.1141558],[90.2301684,24.1056047],[90.2075472,24.0948668],[90.1840198,24.0997579],[90.1723441,24.0963291],[90.1794616,24.084452],[90.1763562,24.0741764],[90.1577614,24.0642731],[90.1616921,24.0547698],[90.150407,24.0522365],[90.1475526,24.033543]]]}},{"type":"Feature","properties":{"2024":2405906.984026,"2023":2405906.984026,"DistrictID":0,"2020":2376223.385165,"2014":2319639.627235,"2021":2386011.897602,"2022":2395906,"district":"Jamalpur","2018":2356958.054298,"2013":2310555.573947,"2017":2347478.742515,"2016":2338100.033449,"2015":2328820.72382,"2025":2405906.984026,"2019":2366539.189235,"2012":2301567.410603,"division":"Mymensingh","UpazilaID":0},"geometry":{"type":"Polygon","coordinates":[[[90.1949259,24.8852587],[90.1705712,24.8885183],[90.156856,24.8952312],[90.1546036,24.9048479],[90.1335808,24.8988341],[90.1088217,24.9084618],[90.0911688,24.9060155],[90.0818807,24.9089419],[90.0671759,24.9059684],[90.0462585,24.9108256],[90.0287918,24.9090389],[90.0128258,24.910997],[89.9955543,24.9228945],[89.9820966,24.9167669],[89.956009,24.9243669],[89.9444529,24.9337245],[89.9426998,24.9502177],[89.9325508,24.9612891],[89.9073532,24.9549492],[89.9034711,24.9637369],[89.9055255,24.9800062],[89.8903141,25.0079111],[89.8924494,25.018758],[89.8798304,25.0198851],[89.8825497,25.0357137],[89.9047325,25.0338466],[89.9047861,25.0438435],[89.9252202,25.0627686],[89.9113095,25.0722261],[89.9146325,25.0892386],[89.8964756,25.1105538],[89.8935513,25.1324356],[89.8996804,25.1346378],[89.9006302,25.1589932],[89.91045,25.1716852],[89.9012646,25.1810145],[89.8862665,25.182662],[89.889406,25.2143799],[89.8987009,25.2249583],[89.9060099,25.2659881],[89.9206386,25.2601108],[89.9313885,25.2608053],[89.93094,25.2827523],[89.9482017,25.2936637],[89.9389349,25.2991282],[89.9090719,25.3081765],[89.8999444,25.3054158],[89.8851148,25.2881],[89.8568002,25.2867699],[89.8344736,25.2948464],[89.8415497,25.3082645],[89.8404985,25.3190335],[89.8213679,25.3556257],[89.8199732,25.3825977],[89.8272845,25.4063448],[89.8256201,25.4152186],[89.7993383,25.4197835],[89.7867103,25.4283403],[89.7733526,25.4264679],[89.784189,25.4069188],[89.7802719,25.3879589],[89.7718145,25.3819192],[89.7486924,25.3790955],[89.744416,25.3739898],[89.723093,25.357836],[89.7414418,25.31637],[89.7449169,25.29866],[89.7563331,25.2808593],[89.7493563,25.2711176],[89.7506637,25.250669],[89.7478714,25.2350838],[89.7126028,25.2357854],[89.7012143,25.2321527],[89.6958649,25.2181915],[89.6860004,25.2042972],[89.6659032,25.1609215],[89.6517376,25.1435129],[89.6404188,25.0889714],[89.6530672,25.0780119],[89.6559142,25.0499892],[89.6478348,25.0467389],[89.6609062,25.0078314],[89.6621074,24.9860027],[89.6765063,24.9657729],[89.6778582,24.9431856],[89.6722436,24.9299162],[89.6831602,24.9159804],[89.6860598,24.9028484],[89.6607921,24.8880723],[89.6671481,24.8780518],[89.6684876,24.864986],[89.6791278,24.8467356],[89.6868002,24.826396],[89.7099731,24.8070164],[89.7303162,24.7983838],[89.7153356,24.7773463],[89.74046,24.7684447],[89.7580017,24.7671775],[89.770959,24.7729159],[89.7812294,24.7634065],[89.7869802,24.7407323],[89.7873917,24.727525],[89.7724048,24.7240242],[89.7880056,24.6967517],[89.7901369,24.686417],[89.7986048,24.6785684],[89.7834172,24.6695106],[89.7845399,24.6255755],[89.7659136,24.6234636],[89.7650285,24.6138362],[89.7716214,24.6002138],[89.780708,24.5912002],[89.7890685,24.5722892],[89.8039647,24.5668609],[89.8180548,24.5757031],[89.8169386,24.5813364],[89.8293954,24.6013228],[89.8270603,24.6085956],[89.8415142,24.6140694],[89.8426285,24.6322382],[89.8500855,24.6465412],[89.8640684,24.6465031],[89.8695497,24.6523988],[89.8672341,24.6646994],[89.8793079,24.6790466],[89.88705,24.6740063],[89.8994095,24.6814949],[89.8951462,24.6947294],[89.8823474,24.705324],[89.8782175,24.7276347],[89.8814248,24.741859],[89.8952218,24.7362021],[89.9115874,24.7361279],[89.9357673,24.7571875],[89.9407807,24.7446031],[89.9580972,24.7440518],[89.9604368,24.732171],[89.9738515,24.7238294],[89.9896203,24.7275483],[89.9921529,24.7369226],[90.0107995,24.7512701],[90.0204485,24.7547479],[90.0222773,24.7701022],[90.0322226,24.7770348],[90.0479079,24.7739402],[90.0693717,24.7811208],[90.075779,24.7878738],[90.0870707,24.7900809],[90.1030456,24.7825165],[90.1245991,24.7891066],[90.1390653,24.7790927],[90.1413529,24.7876032],[90.1595725,24.7971187],[90.1588368,24.8122747],[90.1717156,24.8277487],[90.183792,24.8302608],[90.1917092,24.8576389],[90.1888743,24.86502],[90.2007764,24.8753323],[90.1949259,24.8852587]]]}},{"type":"Feature","properties":{"2024":3174098.412268,"2023":3174098.412268,"DistrictID":0,"2020":3105194.043569,"2014":2974174.894218,"2021":3127903.876365,"2022":3150871,"district":"Kishoreganj","2018":3060534.444349,"2013":2953185.21734,"2017":3038578.865982,"2016":3016868.95364,"2015":2995401.890416,"2025":3174098.412268,"2019":3082738.540917,"2012":2932430.146014,"division":"Dhaka","UpazilaID":0},"geometry":{"type":"Polygon","coordinates":[[[91.1952143,24.6311394],[91.1720524,24.6407302],[91.1623966,24.6322009],[91.1543379,24.6389647],[91.1412888,24.6350701],[91.1303459,24.6421536],[91.127319,24.6291606],[91.134677,24.6220988],[91.1288569,24.6100293],[91.1039004,24.606473],[91.0996522,24.5998734],[91.0839414,24.6085873],[91.0736035,24.6188264],[91.036716,24.6119673],[91.0413347,24.6243593],[91.0273081,24.6287888],[91.0178026,24.6031267],[90.9773041,24.5995875],[90.9636677,24.611319],[90.9500176,24.6018794],[90.9321931,24.6069555],[90.9284034,24.6155255],[90.9163242,24.6137279],[90.9148085,24.599969],[90.9063152,24.5949202],[90.8901843,24.6004248],[90.8800049,24.5924657],[90.8504824,24.59667],[90.837148,24.5816206],[90.8199658,24.5880182],[90.815171,24.5605898],[90.8017011,24.5378805],[90.8040532,24.5307],[90.7936928,24.5077948],[90.7585662,24.5110094],[90.7541847,24.5032317],[90.7421843,24.4987637],[90.7295767,24.4766934],[90.7219699,24.4711],[90.7164867,24.488998],[90.7044781,24.5008573],[90.704468,24.516976],[90.6825077,24.5028243],[90.6801441,24.4678774],[90.6632361,24.4670302],[90.6584191,24.4734449],[90.6363256,24.4759132],[90.6166952,24.4940766],[90.6028461,24.4989226],[90.588236,24.4969064],[90.5737733,24.4821295],[90.5788886,24.4585807],[90.5874388,24.448074],[90.6185314,24.4374808],[90.6303173,24.4364003],[90.6458482,24.416719],[90.6420685,24.3856035],[90.6353021,24.3747795],[90.6319308,24.3584605],[90.6228721,24.345335],[90.6230815,24.3380011],[90.64114,24.3057541],[90.6431048,24.2795959],[90.6510012,24.2691922],[90.6492934,24.2579878],[90.6563899,24.2511419],[90.6829503,24.2443483],[90.7079331,24.2367814],[90.7330779,24.2384557],[90.7533106,24.2517196],[90.7702077,24.2507578],[90.7815453,24.2426676],[90.7833051,24.2266327],[90.7931904,24.2198468],[90.786149,24.1930529],[90.804073,24.1847045],[90.8204614,24.1709926],[90.8251515,24.1570971],[90.8498303,24.1410385],[90.8634999,24.1436712],[90.8709936,24.1399901],[90.8642002,24.12523],[90.8485198,24.1204866],[90.8460334,24.1116133],[90.8569492,24.1055166],[90.8711929,24.1041107],[90.8941636,24.0942392],[90.9064964,24.0780668],[90.9240219,24.0755353],[90.9368155,24.0834486],[90.9473437,24.0813336],[90.9550397,24.0659267],[90.9661974,24.062817],[90.9599096,24.0407036],[90.966741,24.0320559],[90.9859915,24.030601],[91.0085139,24.0498984],[91.0181632,24.0525874],[91.0429015,24.0678124],[91.0531153,24.083152],[91.053653,24.092889],[91.0442312,24.1099256],[91.0335192,24.1183253],[91.0094686,24.1287936],[90.9851408,24.1525744],[90.9918879,24.1646953],[91.0087381,24.1737915],[91.0219487,24.1868276],[91.037843,24.2101735],[91.0653651,24.2159739],[91.0867087,24.2115289],[91.0902657,24.2193243],[91.0791225,24.2273267],[91.0851033,24.2411208],[91.1311373,24.2425873],[91.1461919,24.2476363],[91.1535871,24.2566497],[91.1735579,24.2651986],[91.1933063,24.2801748],[91.1959758,24.2931512],[91.1845948,24.2926534],[91.1589605,24.2839518],[91.1597689,24.293301],[91.1701763,24.3151433],[91.1793226,24.3218027],[91.1965693,24.3218867],[91.2337694,24.3154436],[91.2340776,24.3334633],[91.2148313,24.3579804],[91.2302265,24.3658562],[91.2406941,24.3766453],[91.2544658,24.3824689],[91.2420307,24.3944239],[91.2372308,24.4069247],[91.2152022,24.408903],[91.2199365,24.4194803],[91.2171054,24.432476],[91.2299936,24.4331207],[91.2378612,24.4415355],[91.2371365,24.4603874],[91.2324589,24.4730547],[91.2190678,24.4851405],[91.2053208,24.4809377],[91.1989924,24.46659],[91.1841001,24.4714372],[91.1916392,24.4817455],[91.152485,24.4848917],[91.1693025,24.5007329],[91.1795667,24.4940964],[91.1909783,24.5007644],[91.213186,24.5234362],[91.2339612,24.5689629],[91.2260421,24.5751851],[91.2058449,24.5772248],[91.2000249,24.609412],[91.179146,24.61629],[91.1819657,24.6298941],[91.1952143,24.6311394]]]}},{"type":"Feature","properties":{"2024":1124562.588856,"2023":1124562.588856,"DistrictID":0,"2020":1134654.36009,"2014":1155345.938327,"2021":1131271.886222,"2022":1127908,"district":"Madaripur","2018":1141475.524625,"2013":1158861.738216,"2017":1144914.444018,"2016":1148372.408521,"2015":1151849.534318,"2025":1124562.588856,"2019":1138055.53489,"2012":1162397.052386,"division":"Dhaka","UpazilaID":0},"geometry":{"type":"Polygon","coordinates":[[[90.3487856,23.056747],[90.3402187,23.0714426],[90.352369,23.1040934],[90.346295,23.1186352],[90.3482075,23.1295466],[90.3290163,23.1375986],[90.3097252,23.1376721],[90.308156,23.1445337],[90.2919181,23.146225],[90.2837733,23.1822741],[90.2833599,23.1976675],[90.2703435,23.2001333],[90.2665394,23.2089703],[90.2529052,23.2113669],[90.2416682,23.2322874],[90.2417933,23.2474641],[90.2301792,23.2699617],[90.2392083,23.2895784],[90.2439269,23.3176116],[90.2380241,23.3271585],[90.2278422,23.3322825],[90.2471677,23.3431589],[90.2421988,23.3553636],[90.2323843,23.3605307],[90.2351141,23.368876],[90.2586204,23.3861066],[90.241208,23.3941185],[90.2217183,23.3986627],[90.2235145,23.4128702],[90.2372328,23.4167788],[90.2448549,23.4274841],[90.2713643,23.4270474],[90.2813847,23.4465064],[90.2487939,23.4609297],[90.1820035,23.4980373],[90.1707849,23.4886026],[90.1531564,23.4656056],[90.1416152,23.4754127],[90.1351947,23.4652033],[90.1106928,23.4563426],[90.1058913,23.4457017],[90.1111156,23.4325093],[90.1025661,23.4201224],[90.1101755,23.4125537],[90.0973283,23.4029251],[90.0972002,23.3804814],[90.0925116,23.3740798],[90.0840477,23.3491515],[90.0986028,23.3426364],[90.1021898,23.3335761],[90.0915753,23.3264561],[90.0928895,23.3125313],[90.0844814,23.3060536],[90.0675944,23.305185],[90.0536564,23.3252807],[90.0393431,23.3391972],[90.0325962,23.332884],[90.0313199,23.3172524],[90.0257316,23.3058823],[90.0238932,23.2882504],[90.0240431,23.2740779],[90.0312868,23.2642846],[90.0235249,23.2567522],[90.0234273,23.2404337],[90.0181733,23.230456],[90.0027754,23.2278188],[89.9963106,23.2167621],[89.9847336,23.2182304],[89.9812534,23.1991416],[89.962239,23.1606901],[89.9441182,23.1574988],[89.9409263,23.1248962],[89.9364561,23.1176638],[89.9631228,23.1139302],[89.9684372,23.1097879],[89.9843149,23.1105372],[89.9928308,23.1319373],[90.0118355,23.1387731],[90.0136776,23.1292212],[90.0441876,23.1212234],[90.0423231,23.1056514],[90.0512555,23.1072471],[90.0636342,23.1203862],[90.0792695,23.1133026],[90.1186966,23.1114757],[90.1103936,23.1034104],[90.1083817,23.0768711],[90.122669,23.0762486],[90.1241819,23.065077],[90.1108057,23.067063],[90.1148392,23.0339684],[90.126145,23.0273388],[90.1353231,23.049785],[90.1401385,23.0543969],[90.1550367,23.0526508],[90.1582497,23.0632969],[90.1726104,23.0664515],[90.182883,23.0586385],[90.2034003,23.0558808],[90.2077515,23.0658508],[90.2208509,23.0648027],[90.2253887,23.0532753],[90.2367918,23.0445008],[90.2383649,23.0367161],[90.2326954,23.0179644],[90.2344791,23.0021882],[90.2302171,22.9786893],[90.2399345,22.9666547],[90.2474357,22.9746361],[90.259127,22.9716861],[90.2805251,22.9748791],[90.2908669,22.9725214],[90.31988,22.9814611],[90.3276046,22.996613],[90.326818,23.0179115],[90.314346,23.0369346],[90.3157509,23.0528791],[90.3299543,23.0579827],[90.3487856,23.056747]]]}},{"type":"Feature","properties":{"2024":1572384.401857,"2023":1572384.401857,"DistrictID":0,"2020":1538651.578368,"2014":1475326.245635,"2021":1549739.20975,"2022":1560983,"district":"Munshiganj","2018":1516939.080148,"2013":1465292.689984,"2017":1506311.406155,"2016":1495834.276321,"2015":1485506.335058,"2025":1572384.401857,"2019":1527718.67293,"2012":1455404.368533,"division":"Dhaka","UpazilaID":0},"geometry":{"type":"Polygon","coordinates":[[[90.2813847,23.4465064],[90.2994939,23.451185],[90.3213622,23.4381127],[90.3611568,23.4295833],[90.3954515,23.4114661],[90.4012641,23.4035153],[90.4164683,23.4021415],[90.4305071,23.4066791],[90.4309553,23.416242],[90.470277,23.4109562],[90.4867846,23.4046713],[90.4996146,23.4039279],[90.5386889,23.3793492],[90.5390047,23.391194],[90.5458435,23.4063132],[90.5703092,23.4368931],[90.577757,23.4520762],[90.5775597,23.4705894],[90.5842842,23.4801632],[90.5771596,23.4850979],[90.5769513,23.4960282],[90.6014119,23.4980708],[90.61303,23.4904308],[90.6234905,23.4927818],[90.6319029,23.5019837],[90.6469854,23.5022808],[90.6621774,23.4938455],[90.6824174,23.489566],[90.6877545,23.4924753],[90.70091,23.4983775],[90.7110802,23.5150409],[90.7005472,23.5251559],[90.6898103,23.5462557],[90.6876238,23.5566493],[90.6673875,23.5717652],[90.6469654,23.5760624],[90.6465337,23.5883223],[90.6665536,23.5889174],[90.6657953,23.5969409],[90.6530537,23.6204042],[90.6431043,23.6173787],[90.6299502,23.6208192],[90.6138993,23.6032302],[90.5995918,23.5984791],[90.5735695,23.5972609],[90.5602955,23.5890412],[90.5579202,23.5803774],[90.5652007,23.5629893],[90.5796136,23.5379036],[90.5649229,23.5343926],[90.5517528,23.5544019],[90.5416869,23.5628529],[90.5183172,23.5730784],[90.4858261,23.5707327],[90.4715835,23.5635792],[90.4566696,23.5515267],[90.4372814,23.5562156],[90.4289841,23.5665897],[90.4418233,23.5857877],[90.4394894,23.5978834],[90.4301934,23.6086052],[90.3919608,23.6484947],[90.3682559,23.652653],[90.3568161,23.6407533],[90.3471183,23.636679],[90.3277076,23.6441314],[90.3098547,23.6590359],[90.2861832,23.673856],[90.2735063,23.6624114],[90.2469403,23.6500654],[90.2452832,23.6323362],[90.2261978,23.6135511],[90.2259756,23.601876],[90.2086072,23.5888157],[90.2056718,23.5689441],[90.1928282,23.5596076],[90.1852979,23.5618207],[90.1771676,23.5520414],[90.1815343,23.5404455],[90.1709134,23.5272628],[90.1582572,23.5221472],[90.1820035,23.4980373],[90.2487939,23.4609297],[90.2813847,23.4465064]]]}},{"type":"Feature","properties":{"2024":1882991.19972,"2023":1882991.19972,"DistrictID":0,"2020":1750370.904905,"2014":1528281.473153,"2021":1792795.271349,"2022":1836973,"district":"Nawabganj","2018":1670455.046746,"2013":1496026.205416,"2017":1632809.933156,"2016":1596610.543689,"2015":1561789.181332,"2025":1882991.19972,"2019":1709617.079068,"2012":1464965.166901,"division":"Rajshahi","UpazilaID":0},"geometry":{"type":"Polygon","coordinates":[[[88.5055698,24.7186309],[88.5099596,24.7316691],[88.4936655,24.739069],[88.4889545,24.7335357],[88.473649,24.7353959],[88.4625636,24.7319564],[88.4654973,24.7474407],[88.458276,24.7585342],[88.475182,24.7587406],[88.4744078,24.7497676],[88.4853024,24.7441247],[88.4930322,24.7518478],[88.4945926,24.7717705],[88.4793402,24.7728438],[88.4731543,24.7626285],[88.455843,24.7718477],[88.4526611,24.7774779],[88.433793,24.7771728],[88.4209379,24.7678404],[88.41792,24.7811243],[88.4309639,24.7840776],[88.4300427,24.7935746],[88.4411817,24.8048376],[88.4473359,24.8258821],[88.4309259,24.8177505],[88.4262729,24.824957],[88.4127206,24.8236789],[88.4058416,24.8445402],[88.4235885,24.8482369],[88.4366224,24.8396122],[88.4480048,24.8579946],[88.4586609,24.8598612],[88.4740312,24.8443736],[88.4756538,24.8621518],[88.4906075,24.8803702],[88.485497,24.9030868],[88.4940797,24.9066748],[88.4928891,24.9247054],[88.4707391,24.9377933],[88.4584512,24.931572],[88.4511341,24.9164001],[88.4319278,24.9286639],[88.4358123,24.9523259],[88.4341691,24.9608676],[88.4195825,24.9660016],[88.3995148,24.9596713],[88.3951119,24.9647076],[88.4004472,24.9547998],[88.3950199,24.9417076],[88.3825012,24.9388967],[88.3603314,24.9495285],[88.3397534,24.9396687],[88.3342478,24.9266883],[88.3242881,24.9177475],[88.3280048,24.904303],[88.3438866,24.8996713],[88.3468104,24.8925136],[88.3329508,24.8709127],[88.3213235,24.8756365],[88.3046564,24.8723369],[88.2939241,24.889379],[88.264912,24.8927934],[88.264136,24.9145702],[88.2590594,24.9263355],[88.2398258,24.9408887],[88.2249853,24.9600901],[88.1989129,24.95668],[88.1749272,24.9488425],[88.1701502,24.95049],[88.1574644,24.933585],[88.1380038,24.9362576],[88.1403066,24.9141565],[88.1652431,24.8955166],[88.1526305,24.8845315],[88.1658847,24.8634992],[88.1640101,24.8500543],[88.1468568,24.850249],[88.1334725,24.8241692],[88.115229,24.8171677],[88.1049851,24.7996687],[88.1060769,24.7796622],[88.0889804,24.7830195],[88.0657086,24.7508149],[88.0724507,24.7437571],[88.0628394,24.7216422],[88.0536657,24.7109585],[88.0391455,24.7016692],[88.008628,24.6678838],[88.0278797,24.6499123],[88.0393912,24.6448974],[88.1055921,24.5463137],[88.1495142,24.5038846],[88.1666526,24.4979655],[88.1849826,24.4815912],[88.1913196,24.468565],[88.2044116,24.4594671],[88.2274531,24.4555989],[88.2633036,24.4459926],[88.2756204,24.437785],[88.2916867,24.4163618],[88.3204347,24.437321],[88.3308903,24.4476297],[88.3153772,24.4611618],[88.3040035,24.4937744],[88.3099059,24.5058725],[88.3103931,24.5363683],[88.3017875,24.5583963],[88.305711,24.5701004],[88.3184105,24.5693403],[88.3315904,24.5862422],[88.3449547,24.585985],[88.3549334,24.5948403],[88.3749959,24.6034933],[88.3912959,24.6001069],[88.410271,24.6089953],[88.4268069,24.6334853],[88.4334168,24.6505126],[88.4347482,24.66632],[88.4487288,24.6618589],[88.4863157,24.6592987],[88.4885388,24.6760849],[88.4805115,24.6788217],[88.4725846,24.6688009],[88.455379,24.6781143],[88.4599228,24.6848518],[88.4748177,24.6841901],[88.4897321,24.6903251],[88.4878741,24.7065171],[88.5055698,24.7186309]]]}},{"type":"Feature","properties":{"2024":1561886.183779,"2023":1561886.183779,"DistrictID":0,"2020":1522848.056539,"2014":1458757.273103,"2021":1535302.47335,"2022":1548309,"district":"Patuakhali","2018":1499524.630938,"2013":1449700.749055,"2017":1488621.725977,"2016":1478203.094254,"2015":1468253.254057,"2025":1561886.183779,"2019":1510927.860481,"2012":1441069.790732,"division":"Barisal","UpazilaID":0},"geometry":{"type":"MultiPolygon","coordinates":[[[[90.5898318,21.9868729],[90.5927009,21.9960519],[90.5824514,22.0225407],[90.5740395,22.0138611],[90.5672031,21.9939492],[90.5726594,21.9892643],[90.5898318,21.9868729]]],[[[90.6017857,21.9675681],[90.5849742,21.9777879],[90.5872884,21.983936],[90.5627117,21.9859357],[90.5298499,21.9570263],[90.5151783,21.9388104],[90.5070547,21.9238721],[90.5078501,21.9097662],[90.5171337,21.8915227],[90.5607599,21.8802887],[90.5763141,21.8824817],[90.5889964,21.9210652],[90.6017857,21.9675681]]],[[[90.4866454,22.1157292],[90.4891723,22.0934146],[90.498131,22.1013383],[90.4992826,22.1227465],[90.4866454,22.1157292]]],[[[90.5746763,22.5711993],[90.5577438,22.5882739],[90.5518669,22.5768832],[90.5588755,22.5660076],[90.5862341,22.5473577],[90.5752228,22.5704566],[90.5746763,22.5711993]]],[[[90.5467786,22.5925385],[90.5571564,22.5890221],[90.554346,22.5926399],[90.5467786,22.5925385]]],[[[90.621536,22.2434769],[90.589474,22.240981],[90.5920351,22.2272038],[90.5865309,22.2063327],[90.5775085,22.1906849],[90.5867573,22.1890387],[90.621536,22.2434769]]],[[[90.6522989,22.2880648],[90.6464377,22.3051185],[90.6354626,22.285084],[90.6178962,22.2693167],[90.63022,22.2686717],[90.6441317,22.2853488],[90.6522989,22.2880648]]],[[[90.5853407,22.2101615],[90.5893191,22.2286001],[90.5793545,22.2253582],[90.5700108,22.1922861],[90.5853407,22.2101615]]],[[[90.3043998,21.9741931],[90.2916958,21.9905188],[90.2725511,21.9781215],[90.2599209,21.9526601],[90.2497981,21.9517676],[90.2383141,21.9617165],[90.2288015,21.9773755],[90.2122369,21.9835873],[90.1999026,21.9789175],[90.1742431,21.97517],[90.1608467,21.9816855],[90.1366794,21.9564168],[90.1460141,21.9381938],[90.1446952,21.9260992],[90.1181524,21.9252121],[90.1190564,21.9032192],[90.1104675,21.8785259],[90.0999132,21.8681426],[90.0915643,21.8671085],[90.0828446,21.8502816],[90.0854814,21.8392668],[90.1005771,21.8226864],[90.1282727,21.8098355],[90.1633655,21.8002976],[90.1849736,21.7977296],[90.2194753,21.8062069],[90.2586486,21.8440409],[90.2672854,21.8757243],[90.2963012,21.9372521],[90.3043998,21.9741931]]],[[[90.2303529,22.4532887],[90.220616,22.4466671],[90.2238463,22.4395099],[90.2113358,22.418165],[90.1957456,22.4149382],[90.1876652,22.395128],[90.1865782,22.3663438],[90.1783906,22.3398876],[90.1593346,22.321737],[90.1564019,22.3103697],[90.1457142,22.3124725],[90.1434376,22.2895692],[90.1479425,22.2730143],[90.1558144,22.2648258],[90.1587384,22.2492827],[90.1790671,22.2355867],[90.2090893,22.2219237],[90.2249584,22.217122],[90.2328369,22.227445],[90.2362702,22.2483162],[90.2456848,22.2616126],[90.2717895,22.2626071],[90.2815333,22.2554752],[90.2920278,22.2553912],[90.2888636,22.2434436],[90.304153,22.2444905],[90.3131737,22.2535862],[90.3340005,22.2634784],[90.3283106,22.2464012],[90.343071,22.2384747],[90.357781,22.2246881],[90.3632075,22.2152474],[90.3518844,22.1954939],[90.3718422,22.19796],[90.3655018,22.1877088],[90.3497987,22.1805785],[90.3368134,22.1659381],[90.3383559,22.1348586],[90.3434973,22.1294179],[90.3441303,22.109544],[90.3173632,22.0822329],[90.2912495,22.0716318],[90.2889358,22.0572671],[90.276373,22.0308857],[90.2561294,22.0330257],[90.2476051,22.0201606],[90.2408293,22.0266439],[90.2360325,22.0421683],[90.2271815,22.0500064],[90.2343503,22.0589295],[90.2178304,22.0647446],[90.2059864,22.0779966],[90.1998238,22.091942],[90.1855003,22.0841384],[90.1864012,22.0686225],[90.1911042,22.0604886],[90.2112113,22.0483985],[90.196628,22.0205286],[90.1803101,22.0223659],[90.1846995,22.0109354],[90.1786985,22.0024862],[90.1911724,21.9846931],[90.171521,21.9812999],[90.1589242,21.9867232],[90.1534956,21.9825583],[90.1474151,21.974766],[90.1556715,21.9833639],[90.1638995,21.984073],[90.1736565,21.9774177],[90.2103695,21.9858845],[90.226957,21.9803377],[90.2401199,21.9646375],[90.2554973,21.9536315],[90.2694897,21.9817204],[90.2838129,21.9927399],[90.2978316,21.9920219],[90.3075506,21.9822511],[90.3230621,22.0186032],[90.3293707,22.0417774],[90.3459338,22.0626352],[90.3743896,22.0787792],[90.3781034,22.0865631],[90.3745887,22.101664],[90.3763984,22.1205578],[90.3855202,22.1373438],[90.39849,22.149094],[90.3958464,22.1645965],[90.4012334,22.1751605],[90.4265819,22.1875855],[90.4270052,22.1789792],[90.4105686,22.1750774],[90.404539,22.1645153],[90.4062991,22.1517226],[90.4009088,22.1333596],[90.3879966,22.1213912],[90.3867732,22.1056658],[90.3907537,22.0898145],[90.4078466,22.0834798],[90.4407789,22.0837769],[90.4650734,22.1091426],[90.4880596,22.1395761],[90.5024981,22.1664949],[90.5184449,22.1764842],[90.52934,22.2073319],[90.5551671,22.2343039],[90.582002,22.2542405],[90.5938673,22.2669615],[90.6151252,22.3109314],[90.630836,22.3119932],[90.6180865,22.2950805],[90.6205055,22.2752768],[90.6344433,22.2869405],[90.6461773,22.3066799],[90.643347,22.3139214],[90.6605691,22.3176602],[90.6624925,22.340222],[90.6607181,22.3558487],[90.6582396,22.3660275],[90.6569793,22.3830913],[90.6431545,22.3813621],[90.6387209,22.4183361],[90.6435058,22.4352357],[90.644563,22.4519043],[90.6323495,22.4629843],[90.6175403,22.4758052],[90.594646,22.4452707],[90.5917823,22.424821],[90.6149556,22.4071061],[90.6078884,22.4041206],[90.589946,22.4201242],[90.5863043,22.4284076],[90.5892985,22.4494306],[90.6092879,22.4859852],[90.6055758,22.499851],[90.5928505,22.5197367],[90.5915063,22.5293278],[90.5757637,22.5434617],[90.5393714,22.5633412],[90.5201354,22.5590314],[90.5136181,22.5520992],[90.5285057,22.5469353],[90.5141379,22.5349096],[90.497586,22.5452658],[90.4772311,22.5323047],[90.4567268,22.5352152],[90.4401263,22.5103615],[90.4374853,22.4979864],[90.4406508,22.4867878],[90.4363486,22.4734282],[90.4272202,22.4604457],[90.4108496,22.4805058],[90.3922491,22.4845858],[90.3710872,22.501489],[90.361821,22.503785],[90.3579712,22.4918679],[90.3359627,22.4684051],[90.3276689,22.4709345],[90.321987,22.4810493],[90.3110578,22.4817464],[90.3073305,22.4727251],[90.2926284,22.4687349],[90.2677538,22.4703619],[90.2636578,22.4626081],[90.2303529,22.4532887]]],[[[90.1103251,21.898377],[90.1143181,21.9042266],[90.11128,21.917185],[90.1146918,21.9258187],[90.1077732,21.9131322],[90.1103251,21.898377]]],[[[90.1084959,21.8958062],[90.0982777,21.8871308],[90.0903142,21.873857],[90.1084959,21.8958062]]],[[[90.4205122,22.0332186],[90.3980612,22.0106081],[90.3561109,21.979134],[90.3542915,21.9690977],[90.3390487,21.9464836],[90.3271412,21.9162757],[90.3067981,21.8831664],[90.3133942,21.8545166],[90.3335535,21.8463497],[90.3580452,21.8515571],[90.3700046,21.8621442],[90.3765413,21.8743685],[90.3931816,21.8706924],[90.4008206,21.8855458],[90.4130444,21.8965598],[90.4645177,21.9188455],[90.4838266,21.9367504],[90.4983768,21.9602454],[90.4830578,21.992196],[90.4793554,22.0294664],[90.4661555,22.0542697],[90.4543447,22.0505096],[90.4205122,22.0332186]]],[[[90.5239534,21.8611528],[90.5022339,21.8599296],[90.4816931,21.8435926],[90.4757447,21.8254907],[90.4814941,21.8146692],[90.5010444,21.8124596],[90.5243985,21.8287854],[90.5412867,21.8535908],[90.5239534,21.8611528]]],[[[90.4131309,22.0803798],[90.3954124,22.0859451],[90.3645695,22.0605354],[90.3401565,22.0222744],[90.3406989,22.0079906],[90.3516638,22.0104178],[90.367979,22.0496438],[90.3810061,22.0549325],[90.3923325,22.0474359],[90.4234536,22.0736522],[90.4131309,22.0803798]]],[[[90.5509295,21.8706527],[90.5289644,21.8865966],[90.5153946,21.8806638],[90.5035629,21.8661667],[90.5232979,21.863715],[90.5443506,21.8578142],[90.5509295,21.8706527]]],[[[90.3901154,22.0464551],[90.3809036,22.0535281],[90.3645768,22.0361754],[90.3529708,22.008592],[90.3608536,22.0088139],[90.3882313,22.0371967],[90.3901154,22.0464551]]],[[[90.4353683,21.8835456],[90.4511674,21.8907223],[90.4598878,21.9103949],[90.4273214,21.8992479],[90.4205926,21.893098],[90.424146,21.8820452],[90.4353683,21.8835456]]],[[[90.4574817,21.8387851],[90.4602131,21.8440842],[90.4546307,21.8602112],[90.4351335,21.8484073],[90.4347758,21.8317232],[90.4574817,21.8387851]]],[[[90.5113595,21.8910506],[90.4996966,21.9105442],[90.4919334,21.9025359],[90.4879654,21.8881574],[90.4928651,21.8755696],[90.5113595,21.8910506]]],[[[90.4813772,21.8560022],[90.479807,21.8688672],[90.4863468,21.8716685],[90.4809676,21.8866483],[90.4675661,21.8688544],[90.4637854,21.8559569],[90.4684492,21.8491551],[90.4813772,21.8560022]]],[[[90.3759555,21.8565154],[90.3668866,21.844727],[90.3687588,21.8360695],[90.383894,21.8374693],[90.3809174,21.8542092],[90.3759555,21.8565154]]],[[[90.5855508,22.1847846],[90.5774064,22.183659],[90.5498483,22.1589428],[90.5346455,22.1319111],[90.5012089,22.0939157],[90.4904814,22.0847214],[90.4851349,22.073742],[90.4811283,22.0492767],[90.4900742,22.0224542],[90.4850391,22.0118561],[90.5084416,21.9609664],[90.5311998,21.9961282],[90.5528628,22.017187],[90.5785632,22.0514805],[90.5811184,22.0739515],[90.5858516,22.0873623],[90.5859725,22.1027059],[90.5811703,22.1203724],[90.5833466,22.1408801],[90.5725708,22.1468026],[90.5759408,22.1617206],[90.5855508,22.1847846]]],[[[90.6069524,21.9238155],[90.6126674,21.9336996],[90.6149601,21.9578232],[90.6100321,21.9635583],[90.6069524,21.9238155]]],[[[90.4772154,21.8132739],[90.4668345,21.817176],[90.463316,21.8056162],[90.4800169,21.8012658],[90.4772154,21.8132739]]]]}},{"type":"Feature","properties":{"2024":1381485.6377,"2023":1381485.6377,"DistrictID":100,"2020":1375377.788197,"2014":1363798.578299,"2021":1377390.064812,"2022":1379426,"district":"Sherpur","2018":1371424.038115,"2013":1361950.734949,"2017":1369482.479962,"2016":1367564.411004,"2015":1365669.790488,"2025":1381485.6377,"2019":1373389.126853,"2012":1360126.221591,"division":"Mymensingh","UpazilaID":1035},"geometry":{"type":"Polygon","coordinates":[[[90.1949259,24.8852587],[90.2215526,24.8810604],[90.2347599,24.8853041],[90.2388754,24.8948611],[90.2446432,24.9279269],[90.235184,24.9340596],[90.2358572,24.9483289],[90.2547154,24.9461812],[90.2549168,24.9573993],[90.2288687,24.966624],[90.225836,24.975653],[90.2372818,24.9908222],[90.2408862,25.0126988],[90.2333191,25.0272588],[90.2365311,25.0494436],[90.2459948,25.052886],[90.256076,25.0647104],[90.2613038,25.0536445],[90.2780507,25.0558199],[90.2850411,25.0644804],[90.2866316,25.0825032],[90.2770516,25.0937621],[90.2626267,25.0978083],[90.2639183,25.1242695],[90.2698446,25.1383014],[90.2689838,25.1478357],[90.2596614,25.1626455],[90.2642153,25.1963925],[90.2339275,25.2050163],[90.1958558,25.2111336],[90.1714242,25.2231703],[90.1242261,25.2255176],[90.1180619,25.2235669],[90.0992073,25.2347505],[90.0740661,25.2440578],[90.0563234,25.2605379],[90.0336685,25.2623894],[90.0044577,25.2805244],[89.9959554,25.2767566],[89.9807045,25.2809767],[89.9768837,25.2970777],[89.9665894,25.303816],[89.9544076,25.3010948],[89.9482017,25.2936637],[89.93094,25.2827523],[89.9313885,25.2608053],[89.9206386,25.2601108],[89.9060099,25.2659881],[89.8987009,25.2249583],[89.889406,25.2143799],[89.8862665,25.182662],[89.9012646,25.1810145],[89.91045,25.1716852],[89.9006302,25.1589932],[89.8996804,25.1346378],[89.8935513,25.1324356],[89.8964756,25.1105538],[89.9146325,25.0892386],[89.9113095,25.0722261],[89.9252202,25.0627686],[89.9047861,25.0438435],[89.9047325,25.0338466],[89.8825497,25.0357137],[89.8798304,25.0198851],[89.8924494,25.018758],[89.8903141,25.0079111],[89.9055255,24.9800062],[89.9034711,24.9637369],[89.9073532,24.9549492],[89.9325508,24.9612891],[89.9426998,24.9502177],[89.9444529,24.9337245],[89.956009,24.9243669],[89.9820966,24.9167669],[89.9955543,24.9228945],[90.0128258,24.910997],[90.0287918,24.9090389],[90.0462585,24.9108256],[90.0671759,24.9059684],[90.0818807,24.9089419],[90.0911688,24.9060155],[90.1088217,24.9084618],[90.1335808,24.8988341],[90.1546036,24.9048479],[90.156856,24.8952312],[90.1705712,24.8885183],[90.1949259,24.8852587]]]}},{"type":"Feature","properties":{"2024":5721029.604115,"2023":5721029.604115,"DistrictID":101,"2020":5455972.096054,"2014":5011756.114587,"2021":5540697.632971,"2022":5628978,"district":"Mymensingh","2018":5296386.873009,"2013":4946891.761834,"2017":5221158.794432,"2016":5148747.178984,"2015":5078995.287702,"2025":5721029.604115,"2019":5374598.554866,"2012":4884272.855641,"division":"Mymensingh","UpazilaID":3542},"geometry":{"type":"Polygon","coordinates":[[[90.8199658,24.5880182],[90.797033,24.5755311],[90.7920132,24.5785051],[90.7959772,24.5953052],[90.7928112,24.6065097],[90.7569595,24.6104671],[90.7609374,24.6271828],[90.7579763,24.6376811],[90.7435356,24.6378638],[90.7407415,24.6490023],[90.722022,24.6491859],[90.704567,24.6666943],[90.7006263,24.6756795],[90.7089926,24.6926842],[90.6958503,24.7000992],[90.7085967,24.7299189],[90.7242111,24.7309116],[90.7150893,24.7527241],[90.6958566,24.7574368],[90.6952938,24.7698311],[90.706658,24.7730918],[90.7173974,24.7690863],[90.7229483,24.7779918],[90.7055574,24.786627],[90.7113116,24.7979918],[90.6945113,24.8026195],[90.6770522,24.8007195],[90.6487413,24.7914865],[90.6387071,24.7988047],[90.6246385,24.7954566],[90.6117045,24.8053206],[90.607576,24.8144006],[90.5663571,24.8107936],[90.5643962,24.8172142],[90.5791353,24.825975],[90.5880528,24.842248],[90.5701179,24.8427262],[90.5673106,24.8555598],[90.5681469,24.8857237],[90.5397834,24.8859074],[90.5350993,24.8909501],[90.5410852,24.9067424],[90.5337548,24.9265264],[90.5391444,24.9367938],[90.531137,24.9461375],[90.5162366,24.9497763],[90.5127797,24.9604267],[90.5181499,24.9744073],[90.5134022,24.9780954],[90.5022616,25.0023916],[90.4939442,25.0078437],[90.4960692,25.0296943],[90.5043349,25.0317233],[90.5160175,25.0241232],[90.5246101,25.0293338],[90.5357208,25.0127807],[90.5426328,25.0130457],[90.5501387,25.0417555],[90.5696964,25.036668],[90.5857977,25.0268058],[90.6052173,25.0267974],[90.6032713,25.0428542],[90.6113893,25.0523163],[90.608331,25.0665224],[90.592725,25.0737548],[90.5893092,25.0839997],[90.6001105,25.0941555],[90.6038509,25.1053412],[90.6010002,25.1150067],[90.610865,25.1295712],[90.6063992,25.1422703],[90.6151499,25.1558208],[90.6140351,25.1742057],[90.5981439,25.176761],[90.5769666,25.1719411],[90.5514618,25.1753046],[90.5242675,25.1737298],[90.4992192,25.1687232],[90.4858316,25.1611897],[90.4507872,25.1524981],[90.4409805,25.1446258],[90.4136286,25.1537251],[90.407053,25.159002],[90.3705363,25.1629335],[90.3413575,25.1831517],[90.3301765,25.19389],[90.3103571,25.1888755],[90.2680515,25.1985127],[90.2642153,25.1963925],[90.2596614,25.1626455],[90.2689838,25.1478357],[90.2698446,25.1383014],[90.2639183,25.1242695],[90.2626267,25.0978083],[90.2770516,25.0937621],[90.2866316,25.0825032],[90.2850411,25.0644804],[90.2780507,25.0558199],[90.2613038,25.0536445],[90.256076,25.0647104],[90.2459948,25.052886],[90.2365311,25.0494436],[90.2333191,25.0272588],[90.2408862,25.0126988],[90.2372818,24.9908222],[90.225836,24.975653],[90.2288687,24.966624],[90.2549168,24.9573993],[90.2547154,24.9461812],[90.2358572,24.9483289],[90.235184,24.9340596],[90.2446432,24.9279269],[90.2388754,24.8948611],[90.2347599,24.8853041],[90.2215526,24.8810604],[90.1949259,24.8852587],[90.2007764,24.8753323],[90.1888743,24.86502],[90.1917092,24.8576389],[90.183792,24.8302608],[90.1717156,24.8277487],[90.1588368,24.8122747],[90.1595725,24.7971187],[90.1413529,24.7876032],[90.1390653,24.7790927],[90.1245991,24.7891066],[90.1030456,24.7825165],[90.0870707,24.7900809],[90.075779,24.7878738],[90.0920408,24.7675541],[90.0886405,24.7521564],[90.0904733,24.7371196],[90.1276725,24.7383259],[90.1324138,24.7348865],[90.1267002,24.7187098],[90.1341205,24.6999777],[90.131851,24.6917576],[90.139673,24.681349],[90.142248,24.6552494],[90.1475414,24.6508995],[90.148084,24.6349018],[90.1442378,24.6236042],[90.1357326,24.6166826],[90.1247385,24.5963112],[90.1330592,24.5888134],[90.1460644,24.5671689],[90.1524109,24.5499855],[90.1612554,24.5366895],[90.1680927,24.5351393],[90.1754649,24.518109],[90.2078922,24.5097795],[90.2266297,24.4836695],[90.2435436,24.4813547],[90.2115222,24.4616048],[90.2190666,24.4485064],[90.2207062,24.4343309],[90.2292512,24.4199333],[90.2404776,24.4131793],[90.2490118,24.4152665],[90.2295593,24.3493766],[90.2344915,24.3370777],[90.246844,24.3288092],[90.2585217,24.304924],[90.2569633,24.2969125],[90.2654073,24.2885801],[90.2811317,24.2872044],[90.2904978,24.2777749],[90.3244153,24.2990092],[90.3587842,24.2909822],[90.364573,24.2811299],[90.3822624,24.2884604],[90.3928256,24.2816132],[90.4038949,24.2842802],[90.4097376,24.2970103],[90.4212761,24.3082826],[90.4292333,24.3303222],[90.436608,24.3385156],[90.4555653,24.3398852],[90.4890238,24.3136161],[90.5119801,24.311782],[90.5290108,24.3032948],[90.5211356,24.2901656],[90.5471385,24.2726372],[90.5441423,24.2661609],[90.5770756,24.2457491],[90.6030353,24.2628217],[90.6224176,24.2686103],[90.6492934,24.2579878],[90.6510012,24.2691922],[90.6431048,24.2795959],[90.64114,24.3057541],[90.6230815,24.3380011],[90.6228721,24.345335],[90.6319308,24.3584605],[90.6353021,24.3747795],[90.6420685,24.3856035],[90.6458482,24.416719],[90.6303173,24.4364003],[90.6185314,24.4374808],[90.5874388,24.448074],[90.5788886,24.4585807],[90.5737733,24.4821295],[90.588236,24.4969064],[90.6028461,24.4989226],[90.6166952,24.4940766],[90.6363256,24.4759132],[90.6584191,24.4734449],[90.6632361,24.4670302],[90.6801441,24.4678774],[90.6825077,24.5028243],[90.704468,24.516976],[90.7044781,24.5008573],[90.7164867,24.488998],[90.7219699,24.4711],[90.7295767,24.4766934],[90.7421843,24.4987637],[90.7541847,24.5032317],[90.7585662,24.5110094],[90.7936928,24.5077948],[90.8040532,24.5307],[90.8017011,24.5378805],[90.815171,24.5605898],[90.8199658,24.5880182]]]}},{"type":"Feature","properties":{"2024":2426568.639628,"2023":2426568.639628,"DistrictID":102,"2020":2364054.645254,"2014":2246200.783992,"2021":2384615.68016,"2022":2405452,"district":"Netrokona","2018":2323738.829183,"2013":2227434.543152,"2017":2303974.509126,"2016":2284466.391348,"2015":2265209.957157,"2025":2426568.639628,"2019":2343763.968606,"2012":2208906.997637,"division":"Mymensingh","UpazilaID":2543},"geometry":{"type":"Polygon","coordinates":[[[91.1952143,24.6311394],[91.2053482,24.6332924],[91.2083519,24.6510382],[91.2299502,24.654663],[91.2334495,24.6722703],[91.2417984,24.6795176],[91.2408765,24.6920935],[91.2222232,24.6994521],[91.2293012,24.7237413],[91.2123539,24.713148],[91.1976614,24.711026],[91.1814991,24.7235893],[91.147784,24.7247322],[91.1541456,24.7414848],[91.149893,24.7540357],[91.1352254,24.7571964],[91.1712076,24.7799363],[91.1702685,24.7892295],[91.160753,24.7931877],[91.1700041,24.805715],[91.1706878,24.8269616],[91.1529553,24.8374604],[91.1427294,24.8254001],[91.1528456,24.8106489],[91.1324142,24.7926045],[91.129987,24.7991738],[91.1162204,24.806525],[91.1125375,24.8173815],[91.120716,24.8376176],[91.1085921,24.8608949],[91.1089169,24.8713709],[91.0956446,24.8875421],[91.0888055,24.8875815],[91.0752355,24.9012422],[91.051364,24.9022194],[91.045555,24.9080052],[91.031367,24.8920277],[91.015469,24.8889129],[91.0157667,24.8983064],[90.9980553,24.8921351],[90.9964922,24.9084579],[90.9800809,24.9171602],[90.9640303,24.9114949],[90.9534156,24.9189298],[90.9551407,24.9398349],[90.9709429,24.9489297],[90.9725636,24.9598859],[90.9601324,24.9727226],[90.9481178,24.9713389],[90.9412342,24.9846539],[90.9473217,25.0048969],[90.9362924,25.0090552],[90.937652,25.0277305],[90.9521593,25.034196],[90.9522708,25.041656],[90.9325779,25.0452531],[90.9295891,25.0639618],[90.9342133,25.0809261],[90.9450113,25.0812528],[90.9565664,25.0704389],[90.9708101,25.0707641],[90.9653459,25.0971534],[90.9475535,25.1134362],[90.9558999,25.1195265],[90.9492374,25.1378606],[90.9702623,25.1605803],[90.9648484,25.1718786],[90.9278954,25.1623373],[90.9044884,25.162],[90.8840724,25.1660422],[90.8551609,25.1579606],[90.8048736,25.1664626],[90.7948961,25.1812922],[90.7872368,25.1788302],[90.7691075,25.1826979],[90.7591555,25.1679643],[90.7493759,25.1670005],[90.7384824,25.1575989],[90.7235718,25.1643667],[90.7080035,25.1666594],[90.6989503,25.1569544],[90.6725437,25.1724363],[90.6647234,25.185455],[90.6525155,25.1887841],[90.6270169,25.1732886],[90.6140351,25.1742057],[90.6151499,25.1558208],[90.6063992,25.1422703],[90.610865,25.1295712],[90.6010002,25.1150067],[90.6038509,25.1053412],[90.6001105,25.0941555],[90.5893092,25.0839997],[90.592725,25.0737548],[90.608331,25.0665224],[90.6113893,25.0523163],[90.6032713,25.0428542],[90.6052173,25.0267974],[90.5857977,25.0268058],[90.5696964,25.036668],[90.5501387,25.0417555],[90.5426328,25.0130457],[90.5357208,25.0127807],[90.5246101,25.0293338],[90.5160175,25.0241232],[90.5043349,25.0317233],[90.4960692,25.0296943],[90.4939442,25.0078437],[90.5022616,25.0023916],[90.5134022,24.9780954],[90.5181499,24.9744073],[90.5127797,24.9604267],[90.5162366,24.9497763],[90.531137,24.9461375],[90.5391444,24.9367938],[90.5337548,24.9265264],[90.5410852,24.9067424],[90.5350993,24.8909501],[90.5397834,24.8859074],[90.5681469,24.8857237],[90.5673106,24.8555598],[90.5701179,24.8427262],[90.5880528,24.842248],[90.5791353,24.825975],[90.5643962,24.8172142],[90.5663571,24.8107936],[90.607576,24.8144006],[90.6117045,24.8053206],[90.6246385,24.7954566],[90.6387071,24.7988047],[90.6487413,24.7914865],[90.6770522,24.8007195],[90.6945113,24.8026195],[90.7113116,24.7979918],[90.7055574,24.786627],[90.7229483,24.7779918],[90.7173974,24.7690863],[90.706658,24.7730918],[90.6952938,24.7698311],[90.6958566,24.7574368],[90.7150893,24.7527241],[90.7242111,24.7309116],[90.7085967,24.7299189],[90.6958503,24.7000992],[90.7089926,24.6926842],[90.7006263,24.6756795],[90.704567,24.6666943],[90.722022,24.6491859],[90.7407415,24.6490023],[90.7435356,24.6378638],[90.7579763,24.6376811],[90.7609374,24.6271828],[90.7569595,24.6104671],[90.7928112,24.6065097],[90.7959772,24.5953052],[90.7920132,24.5785051],[90.797033,24.5755311],[90.8199658,24.5880182],[90.837148,24.5816206],[90.8504824,24.59667],[90.8800049,24.5924657],[90.8901843,24.6004248],[90.9063152,24.5949202],[90.9148085,24.599969],[90.9163242,24.6137279],[90.9284034,24.6155255],[90.9321931,24.6069555],[90.9500176,24.6018794],[90.9636677,24.611319],[90.9773041,24.5995875],[91.0178026,24.6031267],[91.0273081,24.6287888],[91.0413347,24.6243593],[91.036716,24.6119673],[91.0736035,24.6188264],[91.0839414,24.6085873],[91.0996522,24.5998734],[91.1039004,24.606473],[91.1288569,24.6100293],[91.134677,24.6220988],[91.127319,24.6291606],[91.1303459,24.6421536],[91.1412888,24.6350701],[91.1543379,24.6389647],[91.1623966,24.6322009],[91.1720524,24.6407302],[91.1952143,24.6311394]]]}},{"type":"Feature","properties":{"2024":2333165.155807,"2023":2333165.155807,"DistrictID":103,"2020":2263511.316205,"2014":2131662.325588,"2021":2286444.329155,"2022":2309661,"district":"Kurigram","2018":2218481.220066,"2013":2110612.120632,"2017":2196376.744866,"2016":2174541.14206,"2015":2152970.842294,"2025":2333165.155807,"2019":2240858.187099,"2012":2089816.804108,"division":"Rangpur","UpazilaID":2313},"geometry":{"type":"Polygon","coordinates":[[[89.8256201,25.4152186],[89.8345796,25.442364],[89.8521221,25.4659501],[89.8498269,25.4938025],[89.8550526,25.4972965],[89.8601805,25.5177237],[89.8512201,25.538719],[89.8638294,25.5438145],[89.8672084,25.5622936],[89.8727519,25.5694105],[89.8732613,25.5880147],[89.882416,25.6173083],[89.8809691,25.631799],[89.8710296,25.662647],[89.8624811,25.6671827],[89.8584434,25.6798583],[89.8465751,25.6958556],[89.8518921,25.7067343],[89.849183,25.7152336],[89.8337196,25.7172237],[89.827328,25.7299527],[89.8290185,25.7425145],[89.8412721,25.759094],[89.8257936,25.8112257],[89.8172197,25.8168893],[89.8352275,25.8408275],[89.8325059,25.870713],[89.8487339,25.8879341],[89.8481974,25.89211],[89.8785297,25.9243352],[89.8870059,25.9453251],[89.8769251,25.9469895],[89.8494163,25.9430891],[89.825349,25.9455711],[89.8326154,25.9548732],[89.8471389,25.9568184],[89.8418747,25.9707398],[89.8552047,25.9688538],[89.8717584,25.9741633],[89.8670278,25.9826496],[89.8507616,25.9897663],[89.8442032,26.0060784],[89.8308672,26.0019678],[89.8358916,25.9825346],[89.8173964,25.9914882],[89.8212247,26.0120017],[89.8192214,26.025915],[89.811384,26.0409013],[89.7827203,26.045269],[89.7846015,26.0559966],[89.798725,26.0596631],[89.7951386,26.0845446],[89.7815567,26.0873917],[89.7841197,26.1054008],[89.7696987,26.1048565],[89.7553973,26.1139069],[89.765308,26.1251248],[89.763062,26.1371619],[89.7550384,26.1394424],[89.7475969,26.157444],[89.7374097,26.1592134],[89.7098916,26.1563094],[89.6949651,26.1596264],[89.6978036,26.1700108],[89.684416,26.1878604],[89.6803247,26.2103694],[89.6718406,26.2199506],[89.6504031,26.2210777],[89.6337993,26.2303458],[89.6394194,26.1998331],[89.6499416,26.1902972],[89.6436496,26.1828918],[89.6586241,26.176535],[89.6383725,26.1669659],[89.6369933,26.1789135],[89.6127756,26.1779906],[89.6102856,26.1539481],[89.5983418,26.1505306],[89.5964982,26.135301],[89.6040614,26.1259063],[89.6294492,26.1242473],[89.6274333,26.1141008],[89.6174558,26.1077914],[89.5999924,26.1035479],[89.6042115,26.0948165],[89.6146535,26.0945835],[89.6301435,26.1069469],[89.637335,26.0897544],[89.6367188,26.0754044],[89.6495377,26.0630353],[89.6317205,26.0630288],[89.6193489,26.0535192],[89.5876236,26.0387948],[89.5784157,26.0221635],[89.5866867,25.9809663],[89.5778291,25.969382],[89.5408778,25.9696316],[89.5360092,25.9856947],[89.5408307,26.0060092],[89.5211626,26.0086748],[89.5090652,26.0020785],[89.4907746,26.0043072],[89.4812441,25.9975446],[89.4729825,25.974865],[89.4821204,25.9617501],[89.4948574,25.9646034],[89.4973278,25.9534427],[89.5106396,25.9453451],[89.5097536,25.9334177],[89.5175172,25.926352],[89.5190923,25.9157895],[89.5294105,25.9153984],[89.5334035,25.9001965],[89.5432,25.8976807],[89.5463123,25.8886346],[89.5710658,25.8854214],[89.553618,25.8748715],[89.5524219,25.8617541],[89.5326984,25.8684852],[89.5321737,25.8528212],[89.5357482,25.8239154],[89.5320065,25.815326],[89.5070187,25.8051502],[89.48862,25.8132412],[89.4881474,25.8199048],[89.47471,25.8267168],[89.4628212,25.8229214],[89.4591874,25.7863751],[89.4629413,25.7861717],[89.4796784,25.7628878],[89.4819437,25.7527461],[89.4991012,25.7482009],[89.4978052,25.7298445],[89.4864818,25.7226764],[89.4921519,25.7133394],[89.5082539,25.7172979],[89.5196416,25.6801691],[89.5143249,25.6584024],[89.5209219,25.6454862],[89.5358905,25.6489942],[89.5488999,25.6267214],[89.5375363,25.6009373],[89.535995,25.590928],[89.5518278,25.5848018],[89.5653761,25.5847942],[89.5850746,25.5579935],[89.5908865,25.5563528],[89.6055567,25.5681917],[89.6167266,25.568932],[89.6343056,25.5598456],[89.6453526,25.5474752],[89.67532,25.5349924],[89.69098,25.5378003],[89.6978747,25.5333537],[89.6839282,25.5227327],[89.6833542,25.5114084],[89.6947044,25.5046737],[89.6938699,25.4924701],[89.6776939,25.4934283],[89.6713592,25.4847218],[89.6842741,25.4753782],[89.6825484,25.4672939],[89.7052095,25.4691964],[89.7062099,25.4595888],[89.700331,25.4372737],[89.6937312,25.4233231],[89.7015037,25.4116293],[89.7016508,25.3902361],[89.7398588,25.397453],[89.7478744,25.3863141],[89.744416,25.3739898],[89.7486924,25.3790955],[89.7718145,25.3819192],[89.7802719,25.3879589],[89.784189,25.4069188],[89.7733526,25.4264679],[89.7867103,25.4283403],[89.7993383,25.4197835],[89.8256201,25.4152186]]]}},{"type":"Feature","properties":{"2024":4776850.560155,"2023":4776850.560155,"DistrictID":104,"2020":4301273.003258,"2014":3540652.330775,"2021":4451527.984165,"2022":4609848,"district":"Sylhet","2018":4022749.839405,"2013":3433464.002149,"2017":3893493.628511,"2016":3770317.696895,"2015":3652825.32991,"2025":4776850.560155,"2019":4158518.910353,"2012":3330952.424308,"division":"Sylhet","UpazilaID":1810},"geometry":{"type":"Polygon","coordinates":[[[92.2507778,24.8362263],[92.2424212,24.8405805],[92.2352309,24.8638632],[92.2467468,24.8721259],[92.247134,24.8876562],[92.232326,24.9003018],[92.2474985,24.90945],[92.2710249,24.9051037],[92.283759,24.906516],[92.2943515,24.915741],[92.306686,24.9105048],[92.3149849,24.8959157],[92.3263772,24.8960002],[92.3383453,24.8793759],[92.3537316,24.8819773],[92.3631908,24.8725939],[92.3735944,24.874911],[92.385088,24.8541028],[92.4022414,24.8504971],[92.4072059,24.8601293],[92.4250051,24.8541278],[92.4364218,24.8572003],[92.4451731,24.8730964],[92.4613645,24.8743466],[92.4766017,24.8688392],[92.4919088,24.8779632],[92.4917416,24.893265],[92.4967288,24.9022141],[92.4947425,24.9153172],[92.4839366,24.9286045],[92.4879055,24.944798],[92.4489066,24.9390928],[92.4481854,24.9473343],[92.4677741,24.96351],[92.4515807,24.9667347],[92.4236067,24.9649417],[92.4194323,24.9675672],[92.425766,25.0287944],[92.39853,25.033116],[92.3927212,25.0399088],[92.3698163,25.0418925],[92.3648169,25.0491054],[92.3418408,25.0489222],[92.3489867,25.0612562],[92.3484789,25.0727728],[92.3328479,25.0790008],[92.3221475,25.0782694],[92.3109624,25.0693239],[92.269078,25.0825392],[92.2548145,25.0855535],[92.2069065,25.108775],[92.1960913,25.108165],[92.1987406,25.1258149],[92.1640547,25.1254923],[92.1587432,25.133108],[92.1360758,25.1398363],[92.1328341,25.1602711],[92.1210529,25.163699],[92.1043567,25.1747493],[92.0831588,25.1824027],[92.0404619,25.1864938],[92.0372586,25.1820908],[92.0034176,25.1862414],[91.9805071,25.1717884],[91.9700933,25.1759453],[91.9328188,25.1805606],[91.8984376,25.1802029],[91.8488038,25.1736245],[91.8325631,25.1781327],[91.817592,25.1713305],[91.8041173,25.1718835],[91.7757364,25.1633225],[91.75847,25.1684964],[91.7435662,25.1510904],[91.7037487,25.15103],[91.7126811,25.1470199],[91.7135069,25.1368991],[91.7256242,25.1193827],[91.7196486,25.112906],[91.7185154,25.0936892],[91.7338085,25.0765316],[91.7250491,25.0657088],[91.7087475,25.0657416],[91.6894409,25.0585755],[91.682625,25.0390501],[91.6809844,25.0245191],[91.6681227,25.0194223],[91.6837232,25.0095559],[91.6877265,24.9946804],[91.7007863,24.9825981],[91.7115721,24.9615134],[91.7011743,24.938012],[91.690654,24.936936],[91.6900638,24.9069014],[91.6947686,24.9012378],[91.681703,24.88883],[91.6855068,24.8776044],[91.6958324,24.8776612],[91.6977904,24.8667695],[91.6644871,24.8543619],[91.6572962,24.8468108],[91.6648626,24.8355162],[91.6582493,24.8086079],[91.6740811,24.8065659],[91.6753721,24.7872094],[91.6530803,24.7886671],[91.6396084,24.7847195],[91.6706767,24.7679986],[91.6769752,24.7562239],[91.6642182,24.7479264],[91.6617164,24.7407433],[91.672226,24.7290214],[91.6559408,24.7170818],[91.6613948,24.7007506],[91.6537935,24.6957196],[91.649134,24.6750057],[91.6542,24.6720048],[91.6403053,24.657087],[91.6463314,24.6451207],[91.6370763,24.6278169],[91.6609217,24.6259059],[91.6750417,24.6311966],[91.6847495,24.6145075],[91.6833283,24.6076641],[91.7271148,24.5934427],[91.7485067,24.5981233],[91.7539274,24.6083886],[91.7812113,24.626528],[91.7790054,24.6383248],[91.7948248,24.6462529],[91.7996144,24.637448],[91.8244087,24.652285],[91.8363835,24.6533597],[91.8482635,24.6448372],[91.8612323,24.6496152],[91.8663095,24.6574724],[91.8848399,24.6569392],[91.8884117,24.6471657],[91.9099951,24.6556774],[91.9228043,24.6524489],[91.9339844,24.6548463],[91.9640842,24.6454509],[91.9668567,24.6389409],[91.9958033,24.6548046],[92.0158946,24.6507892],[92.0312362,24.6561043],[92.0348031,24.6883006],[92.0310762,24.6995371],[92.0388539,24.7064806],[92.0488839,24.6974555],[92.0631348,24.7185323],[92.0804701,24.7235474],[92.0840154,24.7482377],[92.0772563,24.7492134],[92.0801461,24.7662439],[92.092926,24.7648618],[92.1063934,24.7574408],[92.1202454,24.7654247],[92.1271048,24.7602969],[92.1422316,24.7666758],[92.1699919,24.7724783],[92.1923496,24.7681072],[92.198245,24.777959],[92.1934339,24.798428],[92.2108366,24.8050719],[92.2131427,24.8132094],[92.232084,24.8198199],[92.2435492,24.819518],[92.2507778,24.8362263]]]}},{"type":"Feature","properties":{"2024":2443396.267948,"2023":2443396.267948,"DistrictID":105,"2020":2327734.422352,"2014":2116588.071743,"2021":2365495.894537,"2022":2404043,"district":"Hobigonj","2018":2254489.265262,"2013":2083799.661988,"2017":2218967.469085,"2016":2184155.047007,"2015":2150034.307036,"2025":2443396.267948,"2019":2290738.658945,"2012":2051652.881167,"division":"Sylhet","UpazilaID":2070},"geometry":{"type":"Polygon","coordinates":[[[91.6451871,24.1739966],[91.6411879,24.1879603],[91.6260125,24.2108185],[91.614035,24.2532754],[91.6167201,24.2766879],[91.6144316,24.2827598],[91.6250244,24.2968358],[91.6316214,24.3115149],[91.6296153,24.3442764],[91.6185659,24.3615193],[91.6027031,24.3651518],[91.6030779,24.4170734],[91.6203584,24.4159492],[91.6198562,24.434391],[91.6074092,24.4417559],[91.6137196,24.4628875],[91.6096489,24.4799328],[91.6146519,24.503953],[91.6229045,24.5136382],[91.6354899,24.5200835],[91.6399778,24.5356476],[91.6542197,24.5475088],[91.6411735,24.5564708],[91.6301336,24.5764776],[91.6300069,24.587094],[91.6131134,24.5949915],[91.6213252,24.601884],[91.6312444,24.5945263],[91.6541438,24.5965698],[91.6604925,24.5921411],[91.6675775,24.6074902],[91.6609217,24.6259059],[91.6370763,24.6278169],[91.6463314,24.6451207],[91.6403053,24.657087],[91.6542,24.6720048],[91.649134,24.6750057],[91.6355272,24.6744344],[91.6253687,24.6577239],[91.6114244,24.6696618],[91.5923402,24.666941],[91.5800475,24.6750104],[91.568363,24.6644348],[91.5451439,24.6554344],[91.5233953,24.6632367],[91.4961902,24.6690001],[91.4756612,24.6683917],[91.4674166,24.6611782],[91.4545567,24.6668819],[91.4384981,24.661222],[91.4287967,24.6822342],[91.407262,24.6731307],[91.3929016,24.6733453],[91.3912096,24.6883995],[91.3800566,24.6953262],[91.3667806,24.6897628],[91.3510532,24.6678824],[91.3343201,24.6629266],[91.3128448,24.6465254],[91.2996155,24.6149753],[91.2966419,24.6020597],[91.2895593,24.5953281],[91.2722963,24.5995465],[91.2646197,24.5929633],[91.2623589,24.5783341],[91.2339612,24.5689629],[91.213186,24.5234362],[91.1909783,24.5007644],[91.1795667,24.4940964],[91.1693025,24.5007329],[91.152485,24.4848917],[91.1916392,24.4817455],[91.1841001,24.4714372],[91.1989924,24.46659],[91.2053208,24.4809377],[91.2190678,24.4851405],[91.2324589,24.4730547],[91.2371365,24.4603874],[91.2378612,24.4415355],[91.2299936,24.4331207],[91.2171054,24.432476],[91.2199365,24.4194803],[91.2152022,24.408903],[91.2372308,24.4069247],[91.2420307,24.3944239],[91.2544658,24.3824689],[91.2406941,24.3766453],[91.2302265,24.3658562],[91.2148313,24.3579804],[91.2340776,24.3334633],[91.2337694,24.3154436],[91.1965693,24.3218867],[91.1793226,24.3218027],[91.1701763,24.3151433],[91.1597689,24.293301],[91.1589605,24.2839518],[91.1845948,24.2926534],[91.1959758,24.2931512],[91.1933063,24.2801748],[91.1735579,24.2651986],[91.1865125,24.2481078],[91.2068033,24.2368071],[91.2203305,24.2380561],[91.2463022,24.2331209],[91.2656885,24.2251861],[91.2816405,24.2268853],[91.2843338,24.2460204],[91.3017296,24.2663899],[91.3209865,24.2644047],[91.3284299,24.2427413],[91.3198858,24.2311235],[91.2985348,24.2230233],[91.298135,24.213693],[91.2847325,24.210243],[91.2780711,24.1995904],[91.2884679,24.1957958],[91.2972309,24.2031118],[91.314767,24.1927141],[91.2979904,24.1858688],[91.2773088,24.1815615],[91.2718218,24.1406098],[91.2716007,24.1236672],[91.2912913,24.1189166],[91.284173,24.1114343],[91.2708377,24.1125437],[91.2676464,24.0936925],[91.2930598,24.0931885],[91.2840976,24.0637718],[91.3040676,24.0562898],[91.3034308,24.0453257],[91.3116098,24.0392684],[91.307931,24.0176611],[91.2955256,24.0056438],[91.3031427,23.9970769],[91.3148815,23.9905725],[91.3236398,23.9946161],[91.341164,23.982126],[91.3627012,23.9832995],[91.3735645,23.9753656],[91.3780806,23.9932083],[91.3742186,24.0044531],[91.3908084,24.0259114],[91.3965345,24.0497536],[91.3770751,24.0799917],[91.374323,24.1061355],[91.398045,24.1096144],[91.4281749,24.1075043],[91.4547588,24.096687],[91.4760698,24.1005138],[91.4975747,24.0874347],[91.508566,24.0865787],[91.5452112,24.0743453],[91.5572592,24.0769833],[91.5822712,24.0735501],[91.5911132,24.0749635],[91.5929649,24.089333],[91.5991743,24.0972446],[91.6137573,24.0929268],[91.6383527,24.1045528],[91.6411086,24.1132246],[91.6343592,24.1381781],[91.6465276,24.156756],[91.6451871,24.1739966]]]}},{"type":"Feature","properties":{"2024":2993278.501602,"2023":2993278.501602,"DistrictID":106,"2020":2851245.319527,"2014":2589000.063837,"2021":2897744.172634,"2022":2945083,"district":"Sunamganj","2018":2760702.497995,"2013":2547942.174167,"2017":2716626.867498,"2016":2673327.871544,"2015":2630790.501382,"2025":2993278.501602,"2019":2805570.094668,"2012":2507602.749091,"division":"Sylhet","UpazilaID":1454},"geometry":{"type":"Polygon","coordinates":[[[91.649134,24.6750057],[91.6537935,24.6957196],[91.6613948,24.7007506],[91.6559408,24.7170818],[91.672226,24.7290214],[91.6617164,24.7407433],[91.6642182,24.7479264],[91.6769752,24.7562239],[91.6706767,24.7679986],[91.6396084,24.7847195],[91.6530803,24.7886671],[91.6753721,24.7872094],[91.6740811,24.8065659],[91.6582493,24.8086079],[91.6648626,24.8355162],[91.6572962,24.8468108],[91.6644871,24.8543619],[91.6977904,24.8667695],[91.6958324,24.8776612],[91.6855068,24.8776044],[91.681703,24.88883],[91.6947686,24.9012378],[91.6900638,24.9069014],[91.690654,24.936936],[91.7011743,24.938012],[91.7115721,24.9615134],[91.7007863,24.9825981],[91.6877265,24.9946804],[91.6837232,25.0095559],[91.6681227,25.0194223],[91.6809844,25.0245191],[91.682625,25.0390501],[91.6894409,25.0585755],[91.7087475,25.0657416],[91.7250491,25.0657088],[91.7338085,25.0765316],[91.7185154,25.0936892],[91.7196486,25.112906],[91.7256242,25.1193827],[91.7135069,25.1368991],[91.7126811,25.1470199],[91.7037487,25.15103],[91.6923171,25.1376689],[91.6698876,25.1380015],[91.6649489,25.1285513],[91.6453671,25.1273326],[91.6378525,25.1226546],[91.6225854,25.1289162],[91.6214126,25.1435156],[91.5993915,25.1512973],[91.6022313,25.1623933],[91.6151163,25.174856],[91.5769702,25.1721024],[91.5629899,25.1607718],[91.5559141,25.1498132],[91.5264175,25.1446026],[91.5179278,25.1474748],[91.5017988,25.1439062],[91.5000882,25.1357776],[91.4664294,25.1344054],[91.4685499,25.1519226],[91.4571291,25.1483673],[91.4404931,25.1497545],[91.4251473,25.1570449],[91.414569,25.1712423],[91.3990127,25.164964],[91.3761464,25.1680927],[91.3611047,25.177998],[91.3371167,25.1736505],[91.317684,25.1837914],[91.2866461,25.1855786],[91.2921408,25.1934374],[91.2761338,25.1991672],[91.2679472,25.207362],[91.2597269,25.2011361],[91.2298821,25.1970705],[91.2244188,25.2002833],[91.1946125,25.2019253],[91.1643698,25.1959722],[91.1501905,25.197148],[91.1251729,25.1941204],[91.0711467,25.1983568],[91.0384772,25.1864625],[91.0190341,25.1870867],[90.9849362,25.1751755],[90.9648484,25.1718786],[90.9702623,25.1605803],[90.9492374,25.1378606],[90.9558999,25.1195265],[90.9475535,25.1134362],[90.9653459,25.0971534],[90.9708101,25.0707641],[90.9565664,25.0704389],[90.9450113,25.0812528],[90.9342133,25.0809261],[90.9295891,25.0639618],[90.9325779,25.0452531],[90.9522708,25.041656],[90.9521593,25.034196],[90.937652,25.0277305],[90.9362924,25.0090552],[90.9473217,25.0048969],[90.9412342,24.9846539],[90.9481178,24.9713389],[90.9601324,24.9727226],[90.9725636,24.9598859],[90.9709429,24.9489297],[90.9551407,24.9398349],[90.9534156,24.9189298],[90.9640303,24.9114949],[90.9800809,24.9171602],[90.9964922,24.9084579],[90.9980553,24.8921351],[91.0157667,24.8983064],[91.015469,24.8889129],[91.031367,24.8920277],[91.045555,24.9080052],[91.051364,24.9022194],[91.0752355,24.9012422],[91.0888055,24.8875815],[91.0956446,24.8875421],[91.1089169,24.8713709],[91.1085921,24.8608949],[91.120716,24.8376176],[91.1125375,24.8173815],[91.1162204,24.806525],[91.129987,24.7991738],[91.1324142,24.7926045],[91.1528456,24.8106489],[91.1427294,24.8254001],[91.1529553,24.8374604],[91.1706878,24.8269616],[91.1700041,24.805715],[91.160753,24.7931877],[91.1702685,24.7892295],[91.1712076,24.7799363],[91.1352254,24.7571964],[91.149893,24.7540357],[91.1541456,24.7414848],[91.147784,24.7247322],[91.1814991,24.7235893],[91.1976614,24.711026],[91.2123539,24.713148],[91.2293012,24.7237413],[91.2222232,24.6994521],[91.2408765,24.6920935],[91.2417984,24.6795176],[91.2334495,24.6722703],[91.2299502,24.654663],[91.2083519,24.6510382],[91.2053482,24.6332924],[91.1952143,24.6311394],[91.1819657,24.6298941],[91.179146,24.61629],[91.2000249,24.609412],[91.2058449,24.5772248],[91.2260421,24.5751851],[91.2339612,24.5689629],[91.2623589,24.5783341],[91.2646197,24.5929633],[91.2722963,24.5995465],[91.2895593,24.5953281],[91.2966419,24.6020597],[91.2996155,24.6149753],[91.3128448,24.6465254],[91.3343201,24.6629266],[91.3510532,24.6678824],[91.3667806,24.6897628],[91.3800566,24.6953262],[91.3912096,24.6883995],[91.3929016,24.6733453],[91.407262,24.6731307],[91.4287967,24.6822342],[91.4384981,24.661222],[91.4545567,24.6668819],[91.4674166,24.6611782],[91.4756612,24.6683917],[91.4961902,24.6690001],[91.5233953,24.6632367],[91.5451439,24.6554344],[91.568363,24.6644348],[91.5800475,24.6750104],[91.5923402,24.666941],[91.6114244,24.6696618],[91.6253687,24.6577239],[91.6355272,24.6744344],[91.649134,24.6750057]]]}},{"type":"Feature","properties":{"2024":2247800.945044,"2023":2247800.945044,"DistrictID":107,"2020":2159740.523958,"2014":1995571.430021,"2021":2188633.212621,"2022":2217984,"district":"Moulvibazar","2018":2103297.942866,"2013":1969671.845165,"2017":2075732.660071,"2016":2048594.689803,"2015":2021876.684295,"2025":2247800.945044,"2019":2131298.022796,"2012":1944170.977108,"division":"Sylhet","UpazilaID":1091},"geometry":{"type":"Polygon","coordinates":[[[92.2507778,24.8362263],[92.2435492,24.819518],[92.232084,24.8198199],[92.2131427,24.8132094],[92.2108366,24.8050719],[92.1934339,24.798428],[92.198245,24.777959],[92.1923496,24.7681072],[92.1699919,24.7724783],[92.1422316,24.7666758],[92.1271048,24.7602969],[92.1202454,24.7654247],[92.1063934,24.7574408],[92.092926,24.7648618],[92.0801461,24.7662439],[92.0772563,24.7492134],[92.0840154,24.7482377],[92.0804701,24.7235474],[92.0631348,24.7185323],[92.0488839,24.6974555],[92.0388539,24.7064806],[92.0310762,24.6995371],[92.0348031,24.6883006],[92.0312362,24.6561043],[92.0158946,24.6507892],[91.9958033,24.6548046],[91.9668567,24.6389409],[91.9640842,24.6454509],[91.9339844,24.6548463],[91.9228043,24.6524489],[91.9099951,24.6556774],[91.8884117,24.6471657],[91.8848399,24.6569392],[91.8663095,24.6574724],[91.8612323,24.6496152],[91.8482635,24.6448372],[91.8363835,24.6533597],[91.8244087,24.652285],[91.7996144,24.637448],[91.7948248,24.6462529],[91.7790054,24.6383248],[91.7812113,24.626528],[91.7539274,24.6083886],[91.7485067,24.5981233],[91.7271148,24.5934427],[91.6833283,24.6076641],[91.6847495,24.6145075],[91.6750417,24.6311966],[91.6609217,24.6259059],[91.6675775,24.6074902],[91.6604925,24.5921411],[91.6541438,24.5965698],[91.6312444,24.5945263],[91.6213252,24.601884],[91.6131134,24.5949915],[91.6300069,24.587094],[91.6301336,24.5764776],[91.6411735,24.5564708],[91.6542197,24.5475088],[91.6399778,24.5356476],[91.6354899,24.5200835],[91.6229045,24.5136382],[91.6146519,24.503953],[91.6096489,24.4799328],[91.6137196,24.4628875],[91.6074092,24.4417559],[91.6198562,24.434391],[91.6203584,24.4159492],[91.6030779,24.4170734],[91.6027031,24.3651518],[91.6185659,24.3615193],[91.6296153,24.3442764],[91.6316214,24.3115149],[91.6250244,24.2968358],[91.6144316,24.2827598],[91.6167201,24.2766879],[91.614035,24.2532754],[91.6260125,24.2108185],[91.6411879,24.1879603],[91.6451871,24.1739966],[91.6574763,24.1796879],[91.6584233,24.1950128],[91.64767,24.2186264],[91.6578641,24.2279486],[91.6676606,24.2292181],[91.6666014,24.2123249],[91.6796042,24.1932752],[91.6798691,24.1791801],[91.684778,24.165881],[91.7077268,24.1548967],[91.7209898,24.1526839],[91.7283292,24.1434071],[91.7597381,24.142321],[91.7449745,24.2470862],[91.7890003,24.2210618],[91.8103806,24.2172481],[91.820692,24.2093732],[91.8432303,24.2233231],[91.8516808,24.2132623],[91.8437139,24.2002628],[91.8481636,24.1849129],[91.8611302,24.1828947],[91.8754161,24.1714138],[91.8785237,24.1468334],[91.8902221,24.1367112],[91.9057015,24.1388157],[91.9138184,24.1562293],[91.9113218,24.168315],[91.9407425,24.2682386],[91.9214543,24.3359692],[91.9402915,24.3431355],[91.9577476,24.3561999],[91.969834,24.3445264],[91.9731707,24.3333991],[91.9832614,24.3231571],[91.9958573,24.322179],[91.9967806,24.3369448],[91.9781458,24.3578079],[91.970045,24.3745573],[91.97035,24.3846573],[91.9882153,24.3791058],[91.9991827,24.3924044],[92.0099779,24.3818792],[92.0450123,24.3752038],[92.0855497,24.3752499],[92.0968546,24.3736212],[92.1057091,24.3822259],[92.1160669,24.3809434],[92.1317592,24.4070692],[92.1366993,24.4250977],[92.1528258,24.4248171],[92.1629808,24.4192472],[92.1672422,24.4349071],[92.1525769,24.4816346],[92.152181,24.5022521],[92.1554019,24.5180222],[92.165609,24.5315381],[92.175755,24.5237662],[92.1878013,24.5213235],[92.2016752,24.5074683],[92.2125344,24.5037684],[92.2308336,24.5302283],[92.233371,24.5818774],[92.2489398,24.6410475],[92.2470059,24.6549185],[92.2570161,24.673586],[92.2543383,24.6781799],[92.2649251,24.6908035],[92.278604,24.7134783],[92.2958822,24.7366331],[92.2811761,24.7424166],[92.2797256,24.7483053],[92.2888617,24.7611623],[92.2801539,24.7663311],[92.2884451,24.7883227],[92.2734984,24.7993146],[92.2761951,24.8155709],[92.2692214,24.8299524],[92.2507778,24.8362263]]]}},{"type":"Feature","properties":{"2024":5819698.633898,"2023":5819698.633898,"DistrictID":108,"2020":5661472.99551,"2014":5369713.40837,"2021":5713260.135481,"2022":5765996,"district":"Chittagong","2018":5560674.71198,"2013":5324094.483033,"2017":5511629.453608,"2016":5463464.672469,"2015":5416164.245545,"2025":5819698.633898,"2019":5610616.937502,"2012":5279294.056824,"division":"Chittagong","UpazilaID":2933},"geometry":{"type":"MultiPolygon","coordinates":[[[[91.4473329,22.7845202],[91.4543631,22.7568923],[91.4625325,22.7469067],[91.4802348,22.714842],[91.496911,22.7027861],[91.5250983,22.6897834],[91.5579203,22.6612939],[91.5815929,22.6341792],[91.5848011,22.6157732],[91.6006822,22.6041823],[91.6372274,22.5704075],[91.6562943,22.5479177],[91.690033,22.5140895],[91.7007253,22.4956971],[91.7086956,22.4882291],[91.7375888,22.4267009],[91.737131,22.4084978],[91.7618802,22.3186083],[91.767985,22.3016958],[91.7656122,22.2722586],[91.8001479,22.2259486],[91.8224689,22.2423618],[91.8336281,22.2596318],[91.8313319,22.2646756],[91.8023579,22.2754177],[91.7937164,22.2943428],[91.797996,22.3037101],[91.8149269,22.3182884],[91.8324255,22.3249252],[91.8487861,22.3269378],[91.8648557,22.3379362],[91.8820276,22.3907015],[91.8874666,22.3841033],[91.8848066,22.3463821],[91.8695898,22.3288178],[91.8456144,22.3201127],[91.8288279,22.3188693],[91.8044809,22.3028459],[91.7986338,22.2934008],[91.8018385,22.2809875],[91.8142904,22.2750186],[91.8280651,22.2740516],[91.8397932,22.2658906],[91.8379449,22.2535833],[91.8305272,22.2403324],[91.8157344,22.2296977],[91.812322,22.2082074],[91.824129,22.1567492],[91.832344,22.1344348],[91.8414078,22.1184188],[91.8496684,22.1254919],[91.8427075,22.1391233],[91.8432675,22.1505865],[91.8610601,22.1509869],[91.8591764,22.1354002],[91.8614162,22.0989588],[91.8646988,22.0819215],[91.877342,22.0511916],[91.878366,22.0219327],[91.873836,22.0029165],[91.8771659,21.9872508],[91.8827645,21.9804963],[91.8903792,21.9480073],[91.899699,21.9438852],[91.9084564,21.9303071],[91.9065937,21.9100494],[91.9132169,21.8892831],[91.9165664,21.8584195],[91.9254406,21.8629863],[91.9223201,21.8752435],[91.9391253,21.8779626],[91.9539417,21.8894479],[91.9661525,21.8925183],[91.9737472,21.9042706],[91.9827686,21.9013129],[91.9980659,21.9077942],[92.0165906,21.9041114],[92.0384434,21.9067877],[92.0392922,21.9236652],[92.057172,21.9240515],[92.0600491,21.9077995],[92.0769379,21.923492],[92.099688,21.9220691],[92.1119862,21.9166111],[92.1298465,21.901583],[92.1367055,21.905929],[92.16053,21.9108485],[92.1750425,21.9101753],[92.159293,21.9427051],[92.1657997,21.9478915],[92.1760942,21.9439784],[92.1909135,21.9505654],[92.1982141,21.9628995],[92.2128035,21.977345],[92.2025252,21.9913937],[92.2146212,22.0006906],[92.2014742,22.0085258],[92.202009,22.0190844],[92.1852306,22.0267067],[92.1621378,22.0449168],[92.1692653,22.049941],[92.1764474,22.0639534],[92.1559499,22.0739189],[92.1642746,22.083424],[92.1439972,22.0906813],[92.1705419,22.105233],[92.1732277,22.1130834],[92.1603267,22.1297962],[92.1698547,22.1380359],[92.1626975,22.1468092],[92.155976,22.1643817],[92.1642631,22.181691],[92.1450823,22.208174],[92.1469044,22.2180656],[92.1376602,22.2350469],[92.1433802,22.2586978],[92.137797,22.2664941],[92.137429,22.2860852],[92.1481113,22.2963674],[92.1547273,22.3232438],[92.1448452,22.3321916],[92.1459368,22.347741],[92.1316779,22.3700337],[92.1224463,22.3658413],[92.0992129,22.400824],[92.1154164,22.413705],[92.1278295,22.4308481],[92.1361699,22.431017],[92.1404368,22.448458],[92.1282972,22.458512],[92.1285745,22.4925011],[92.1165934,22.5290108],[92.1097284,22.5290649],[92.1058084,22.5431323],[92.1067358,22.5563924],[92.1013183,22.5759136],[92.0861739,22.585277],[92.0810233,22.5943002],[92.080266,22.6096617],[92.0699922,22.6145812],[92.0414243,22.6110052],[92.0328565,22.6130419],[92.0128579,22.6049446],[92.0064067,22.581626],[92.0172414,22.5692103],[92.0147105,22.5487709],[92.027385,22.5286815],[92.0173473,22.5176112],[92.0215679,22.5092554],[92.0163638,22.4994321],[92.0049093,22.4949418],[91.996588,22.4848458],[91.970407,22.4957262],[91.9782446,22.5079338],[91.9723454,22.5269887],[91.9686222,22.5494126],[91.96176,22.5735678],[91.9566546,22.578869],[91.9520566,22.5967789],[91.9388846,22.6239442],[91.9388382,22.6410921],[91.9347214,22.6571111],[91.9430622,22.6683893],[91.9257287,22.6803672],[91.9275514,22.6887098],[91.9239352,22.6992346],[91.9082222,22.698949],[91.8977384,22.6923348],[91.8833049,22.6972373],[91.8769152,22.7159568],[91.8869548,22.765833],[91.8781901,22.7681189],[91.8602729,22.7596017],[91.8598406,22.7701461],[91.8460362,22.7732032],[91.8184946,22.79284],[91.806799,22.791315],[91.8027846,22.7794288],[91.7883891,22.7779077],[91.7752178,22.7947698],[91.7638885,22.8219239],[91.765063,22.8310827],[91.7554019,22.8436017],[91.7541509,22.8629451],[91.7471567,22.8702077],[91.7341345,22.871084],[91.7164227,22.8869406],[91.7225375,22.903144],[91.7208938,22.9143961],[91.7249413,22.9347442],[91.7305358,22.9396118],[91.7172173,22.9695065],[91.7131053,22.9886942],[91.6936106,22.9884467],[91.6849796,22.980378],[91.6640688,22.9816741],[91.6447796,22.9760186],[91.6353812,22.9610548],[91.6269821,22.9560076],[91.6254728,22.9441808],[91.6047863,22.9623104],[91.6055605,22.9721693],[91.59145,22.9766009],[91.5767651,22.9654349],[91.5675452,22.9548722],[91.5451533,22.9522714],[91.5310326,22.9255779],[91.5307375,22.9132563],[91.4978738,22.9033325],[91.4735826,22.9017703],[91.46114,22.8908791],[91.4624116,22.8775249],[91.4740879,22.8721748],[91.4653328,22.8548801],[91.4655444,22.8483172],[91.4615243,22.8291326],[91.4456932,22.8092535],[91.4433135,22.7944413],[91.4473329,22.7845202]]],[[[91.5439873,22.3979385],[91.5561336,22.3994427],[91.5684146,22.4094125],[91.5672581,22.4254825],[91.5711956,22.4499098],[91.564302,22.4724875],[91.5514787,22.4938792],[91.5423466,22.5017135],[91.53053,22.5214707],[91.498556,22.5679346],[91.4761644,22.5951494],[91.4620869,22.6073222],[91.4390007,22.6061885],[91.4207377,22.5972701],[91.4258536,22.5692173],[91.4199692,22.5222395],[91.4342983,22.4799572],[91.4431582,22.4614772],[91.4571831,22.442998],[91.480428,22.3998192],[91.5102059,22.3872129],[91.5297195,22.3904269],[91.5439873,22.3979385]]],[[[91.3181829,22.6498889],[91.3282467,22.6413463],[91.3575951,22.6373736],[91.3797874,22.6270993],[91.3949698,22.6316519],[91.4010735,22.655949],[91.4099759,22.6767808],[91.401768,22.6926249],[91.3731029,22.7171292],[91.3535092,22.7285282],[91.3384127,22.7320514],[91.3486575,22.7158873],[91.3431756,22.6858131],[91.3351218,22.6681125],[91.3181829,22.6498889]]],[[[91.3934273,22.4234792],[91.3750823,22.3982089],[91.3531295,22.3764555],[91.3660712,22.3729055],[91.3895333,22.3730879],[91.4053785,22.3824626],[91.4075356,22.3951096],[91.4033448,22.4204779],[91.3934273,22.4234792]]],[[[91.3322081,22.5656611],[91.3489749,22.5667835],[91.353453,22.5747755],[91.3533915,22.6000837],[91.3464946,22.6093901],[91.329679,22.6113226],[91.3111155,22.6028103],[91.3322081,22.5656611]]],[[[91.339191,22.5300966],[91.3522497,22.5265357],[91.3553345,22.5421389],[91.3509009,22.5623938],[91.332589,22.5648834],[91.3361984,22.5559338],[91.339191,22.5300966]]]]}},{"type":"Feature","properties":{"2024":860891.33604,"2023":860891.33604,"DistrictID":109,"2020":809496.516491,"2014":720149.684991,"2021":826084.543877,"2022":843209,"district":"Khagrachari","2018":777848.797087,"2013":706792.53845,"2017":762750.912357,"2016":748112.980608,"2015":733917.989045,"2025":860891.33604,"2019":793424.447224,"2012":693831.706573,"division":"Chittagong","UpazilaID":1308},"geometry":{"type":"Polygon","coordinates":[[[91.9275514,22.6887098],[91.9626725,22.6911593],[91.9666427,22.7177916],[91.9847108,22.7181621],[92.0014137,22.726813],[91.99644,22.7425975],[91.9775883,22.7811506],[91.9745996,22.7964308],[91.9798521,22.8330593],[92.0001824,22.8417369],[92.0188737,22.8840107],[92.0370674,22.883589],[92.0491333,22.8898776],[92.0596564,22.9046968],[92.0616505,22.9179223],[92.0691113,22.9325788],[92.0789409,22.939556],[92.1175864,22.9581739],[92.1042391,23.0046498],[92.0898243,23.0326487],[92.0733546,23.0732865],[92.1140234,23.0797308],[92.136311,23.0948858],[92.1425542,23.0892585],[92.172555,23.0968079],[92.1810799,23.1019502],[92.1523693,23.1562495],[92.1481627,23.1730798],[92.1377624,23.1925958],[92.1301702,23.2244728],[92.1263362,23.2694426],[92.1247624,23.3194235],[92.1090597,23.3280654],[92.0726261,23.3523089],[92.0492871,23.3652909],[92.0854569,23.3940317],[92.1240666,23.4160611],[92.136974,23.4304325],[92.1233109,23.5291385],[92.1156476,23.5559937],[92.1041848,23.5855152],[92.0819489,23.6333286],[92.0737921,23.6475877],[92.0616999,23.6455107],[92.0402982,23.6487873],[92.0296037,23.6584618],[92.0089229,23.6634776],[91.9999563,23.6713336],[91.9780266,23.7313337],[91.959592,23.7349645],[91.9503674,23.7262161],[91.9481231,23.7139186],[91.9507699,23.6946515],[91.940439,23.693064],[91.9339462,23.6844446],[91.9404099,23.6702505],[91.9407328,23.6539578],[91.9464937,23.6460769],[91.9421825,23.6349482],[91.9540383,23.6097699],[91.9517945,23.6006692],[91.9594198,23.5640766],[91.9567796,23.5513176],[91.9645054,23.5353734],[91.9562344,23.5258352],[91.9661654,23.5151935],[91.9709743,23.5026613],[91.9702304,23.4824991],[91.9581893,23.4796627],[91.9414372,23.4661559],[91.9378942,23.4592195],[91.9431331,23.4371084],[91.9239984,23.4337562],[91.8996443,23.4407212],[91.8951946,23.4315235],[91.8740172,23.4192652],[91.8603273,23.4062679],[91.8450407,23.4047695],[91.8418559,23.3884784],[91.8361967,23.3866053],[91.8376189,23.3709074],[91.8258631,23.3627935],[91.8220822,23.3515164],[91.8118569,23.3454198],[91.804504,23.3324295],[91.7831793,23.3244758],[91.7624871,23.3025179],[91.7605668,23.2913088],[91.7650777,23.2725735],[91.7761403,23.267633],[91.7761947,23.2441171],[91.7916156,23.2236803],[91.7888152,23.2045972],[91.7978675,23.1957594],[91.7969185,23.1848317],[91.8051673,23.180682],[91.806034,23.1575815],[91.8140631,23.1455969],[91.8129017,23.1192873],[91.817172,23.1011479],[91.8298556,23.0917143],[91.8172121,23.079101],[91.8181106,23.0738128],[91.7951386,23.062268],[91.7936646,23.0691766],[91.7744587,23.0697166],[91.7838446,23.037263],[91.7743589,23.0386362],[91.7574853,23.0245417],[91.7438357,23.0065855],[91.7260037,22.9990271],[91.7213184,22.9883578],[91.7131053,22.9886942],[91.7172173,22.9695065],[91.7305358,22.9396118],[91.7249413,22.9347442],[91.7208938,22.9143961],[91.7225375,22.903144],[91.7164227,22.8869406],[91.7341345,22.871084],[91.7471567,22.8702077],[91.7541509,22.8629451],[91.7554019,22.8436017],[91.765063,22.8310827],[91.7638885,22.8219239],[91.7752178,22.7947698],[91.7883891,22.7779077],[91.8027846,22.7794288],[91.806799,22.791315],[91.8184946,22.79284],[91.8460362,22.7732032],[91.8598406,22.7701461],[91.8602729,22.7596017],[91.8781901,22.7681189],[91.8869548,22.765833],[91.8769152,22.7159568],[91.8833049,22.6972373],[91.8977384,22.6923348],[91.9082222,22.698949],[91.9239352,22.6992346],[91.9275514,22.6887098]]]}},{"type":"Feature","properties":{"2024":691011.64972,"2023":691011.64972,"DistrictID":110,"2020":665200.296224,"2014":617739.051134,"2021":673644.956948,"2022":682248,"district":"Rangamati","2018":648777.435289,"2013":610344.262317,"2017":640794.995467,"2016":632962.457535,"2015":625277.802609,"2025":691011.64972,"2019":656911.835785,"2012":603091.533575,"division":"Chittagong","UpazilaID":1725},"geometry":{"type":"Polygon","coordinates":[[[92.6139087,21.8519074],[92.6189052,21.8594769],[92.6318077,21.8632345],[92.630991,21.8809332],[92.6258844,21.9089379],[92.6196003,21.9234466],[92.6102425,21.9297255],[92.6175689,21.9398646],[92.6105,21.9470098],[92.6134949,21.9552046],[92.6035162,21.9828823],[92.6122907,21.9927918],[92.5974531,22.0129828],[92.60054,22.022479],[92.5926374,22.0411303],[92.5978533,22.0479391],[92.5952808,22.0621938],[92.5849575,22.0824825],[92.5825362,22.0977082],[92.5751627,22.1162016],[92.5625065,22.1282734],[92.5816804,22.1421134],[92.5893035,22.1307515],[92.6054835,22.1233148],[92.6105527,22.1379485],[92.6066204,22.1660754],[92.5964566,22.1754806],[92.5965525,22.190356],[92.5882057,22.230745],[92.5917479,22.2393358],[92.5894132,22.254158],[92.5809933,22.2692823],[92.5852793,22.2765478],[92.5814403,22.3087197],[92.5779636,22.3166646],[92.5750945,22.3424239],[92.5686085,22.3601658],[92.5593162,22.3999047],[92.5523592,22.4130711],[92.5543568,22.4363091],[92.5458014,22.4686529],[92.5439063,22.4947689],[92.5500945,22.5144454],[92.5394414,22.5285978],[92.5398074,22.5408589],[92.5309573,22.5461552],[92.5241727,22.5578625],[92.5373762,22.5827996],[92.5354003,22.5999984],[92.5286193,22.6158867],[92.5234846,22.6554204],[92.5254717,22.6718288],[92.5188062,22.6879632],[92.5174017,22.7158747],[92.5077365,22.7368839],[92.482182,22.7472019],[92.4737736,22.7595516],[92.4755986,22.7708876],[92.4693198,22.7821266],[92.4712032,22.7980769],[92.4551751,22.8257587],[92.4599715,22.8505509],[92.4482132,22.8770272],[92.4502842,22.8895411],[92.4361959,22.8855743],[92.4209267,22.9080638],[92.4035971,22.9182103],[92.3978296,22.9294302],[92.3798703,22.929561],[92.372698,22.9402008],[92.3775774,22.9553277],[92.3743099,22.9701048],[92.385039,22.9927561],[92.3801398,23.0162463],[92.3921065,23.0539041],[92.384599,23.0781845],[92.3750247,23.0846629],[92.3582119,23.1058615],[92.3655201,23.1271436],[92.3576741,23.134583],[92.36258,23.1603487],[92.3539545,23.184747],[92.3533493,23.2242981],[92.3506836,23.2342526],[92.4013135,23.2367053],[92.398386,23.2557912],[92.3879904,23.281528],[92.3809302,23.285281],[92.3856899,23.306261],[92.3708621,23.3184445],[92.3681593,23.3256339],[92.3807916,23.351686],[92.3790469,23.3621055],[92.3561113,23.3727472],[92.3529198,23.3994781],[92.3571698,23.4108882],[92.3475157,23.4133199],[92.3462598,23.4334115],[92.3354522,23.433235],[92.3285705,23.4500163],[92.3308254,23.460147],[92.3237132,23.4737948],[92.3187643,23.5080374],[92.3131474,23.5196519],[92.313944,23.5331442],[92.306868,23.5360267],[92.3116623,23.5599031],[92.3080976,23.5777621],[92.2981817,23.5925853],[92.2893023,23.597933],[92.287922,23.6290725],[92.2764309,23.6316034],[92.2733646,23.6439526],[92.2834347,23.6619313],[92.290848,23.6909641],[92.2897646,23.7000272],[92.2781327,23.7111189],[92.278203,23.7175218],[92.2643719,23.7247902],[92.2494126,23.7243065],[92.2370824,23.7113299],[92.2425241,23.6990848],[92.2366054,23.6929492],[92.2256904,23.6552452],[92.2125068,23.6528881],[92.2067226,23.6610968],[92.2064391,23.675163],[92.2124955,23.681236],[92.2069683,23.7006512],[92.1855845,23.7106156],[92.1695928,23.7233702],[92.171789,23.7387068],[92.1623509,23.7397124],[92.1441971,23.733217],[92.1420933,23.7253959],[92.1207561,23.6927923],[92.1071832,23.6894693],[92.0996984,23.676787],[92.0830673,23.6801262],[92.0778521,23.6523149],[92.0737921,23.6475877],[92.0819489,23.6333286],[92.1041848,23.5855152],[92.1156476,23.5559937],[92.1233109,23.5291385],[92.136974,23.4304325],[92.1240666,23.4160611],[92.0854569,23.3940317],[92.0492871,23.3652909],[92.0726261,23.3523089],[92.1090597,23.3280654],[92.1247624,23.3194235],[92.1263362,23.2694426],[92.1301702,23.2244728],[92.1377624,23.1925958],[92.1481627,23.1730798],[92.1523693,23.1562495],[92.1810799,23.1019502],[92.172555,23.0968079],[92.1425542,23.0892585],[92.136311,23.0948858],[92.1140234,23.0797308],[92.0733546,23.0732865],[92.0898243,23.0326487],[92.1042391,23.0046498],[92.1175864,22.9581739],[92.0789409,22.939556],[92.0691113,22.9325788],[92.0616505,22.9179223],[92.0596564,22.9046968],[92.0491333,22.8898776],[92.0370674,22.883589],[92.0188737,22.8840107],[92.0001824,22.8417369],[91.9798521,22.8330593],[91.9745996,22.7964308],[91.9775883,22.7811506],[91.99644,22.7425975],[92.0014137,22.726813],[91.9847108,22.7181621],[91.9666427,22.7177916],[91.9626725,22.6911593],[91.9275514,22.6887098],[91.9257287,22.6803672],[91.9430622,22.6683893],[91.9347214,22.6571111],[91.9388382,22.6410921],[91.9388846,22.6239442],[91.9520566,22.5967789],[91.9566546,22.578869],[91.96176,22.5735678],[91.9686222,22.5494126],[91.9723454,22.5269887],[91.9782446,22.5079338],[91.970407,22.4957262],[91.996588,22.4848458],[92.0049093,22.4949418],[92.0163638,22.4994321],[92.0215679,22.5092554],[92.0173473,22.5176112],[92.027385,22.5286815],[92.0147105,22.5487709],[92.0172414,22.5692103],[92.0064067,22.581626],[92.0128579,22.6049446],[92.0328565,22.6130419],[92.0414243,22.6110052],[92.0699922,22.6145812],[92.080266,22.6096617],[92.0810233,22.5943002],[92.0861739,22.585277],[92.1013183,22.5759136],[92.1067358,22.5563924],[92.1058084,22.5431323],[92.1097284,22.5290649],[92.1165934,22.5290108],[92.1285745,22.4925011],[92.1282972,22.458512],[92.1404368,22.448458],[92.1361699,22.431017],[92.1278295,22.4308481],[92.1154164,22.413705],[92.0992129,22.400824],[92.1224463,22.3658413],[92.1316779,22.3700337],[92.1459368,22.347741],[92.1836342,22.3473854],[92.1974164,22.3432297],[92.1955287,22.3322788],[92.2212736,22.3305948],[92.2675202,22.3456994],[92.2826397,22.3556143],[92.3360244,22.3445346],[92.3600023,22.3413434],[92.3837135,22.3284649],[92.4131112,22.302818],[92.4374075,22.2776452],[92.4658506,22.2515079],[92.4761881,22.2371903],[92.482738,22.2221759],[92.4978605,22.1481445],[92.4978855,22.1219279],[92.5013926,22.1019233],[92.51562,22.0679032],[92.5232257,22.0270319],[92.538112,21.988534],[92.547855,21.9720162],[92.5697372,21.9279916],[92.5804971,21.8943765],[92.5967094,21.867926],[92.6139087,21.8519074]]]}},{"type":"Feature","properties":{"2024":508866.012141,"2023":508866.012141,"DistrictID":111,"2020":475297.086283,"2014":415204.972806,"2021":486209.768594,"2022":497397,"district":"Bandarban","2018":454267.391894,"2013":406027.056055,"2017":444136.850776,"2016":434253.7908,"2015":424611.884949,"2025":508866.012141,"2019":464651.912354,"2012":397072.294134,"division":"Chittagong","UpazilaID":1267},"geometry":{"type":"Polygon","coordinates":[[[92.6139087,21.8519074],[92.5967094,21.867926],[92.5804971,21.8943765],[92.5697372,21.9279916],[92.547855,21.9720162],[92.538112,21.988534],[92.5232257,22.0270319],[92.51562,22.0679032],[92.5013926,22.1019233],[92.4978855,22.1219279],[92.4978605,22.1481445],[92.482738,22.2221759],[92.4761881,22.2371903],[92.4658506,22.2515079],[92.4374075,22.2776452],[92.4131112,22.302818],[92.3837135,22.3284649],[92.3600023,22.3413434],[92.3360244,22.3445346],[92.2826397,22.3556143],[92.2675202,22.3456994],[92.2212736,22.3305948],[92.1955287,22.3322788],[92.1974164,22.3432297],[92.1836342,22.3473854],[92.1459368,22.347741],[92.1448452,22.3321916],[92.1547273,22.3232438],[92.1481113,22.2963674],[92.137429,22.2860852],[92.137797,22.2664941],[92.1433802,22.2586978],[92.1376602,22.2350469],[92.1469044,22.2180656],[92.1450823,22.208174],[92.1642631,22.181691],[92.155976,22.1643817],[92.1626975,22.1468092],[92.1698547,22.1380359],[92.1603267,22.1297962],[92.1732277,22.1130834],[92.1705419,22.105233],[92.1439972,22.0906813],[92.1642746,22.083424],[92.1559499,22.0739189],[92.1764474,22.0639534],[92.1692653,22.049941],[92.1621378,22.0449168],[92.1852306,22.0267067],[92.202009,22.0190844],[92.2014742,22.0085258],[92.2146212,22.0006906],[92.2025252,21.9913937],[92.2128035,21.977345],[92.1982141,21.9628995],[92.1909135,21.9505654],[92.1760942,21.9439784],[92.1657997,21.9478915],[92.159293,21.9427051],[92.1750425,21.9101753],[92.16053,21.9108485],[92.1367055,21.905929],[92.1298465,21.901583],[92.1119862,21.9166111],[92.099688,21.9220691],[92.0769379,21.923492],[92.0600491,21.9077995],[92.0707659,21.90101],[92.0808788,21.88848],[92.0850915,21.8621882],[92.0819383,21.8578096],[92.0897984,21.840153],[92.0816117,21.8321765],[92.0765584,21.8173337],[92.0805192,21.8099262],[92.097843,21.8063343],[92.1099619,21.7947277],[92.1285066,21.7971839],[92.140595,21.786835],[92.1433055,21.7791343],[92.1671076,21.7801987],[92.1814684,21.7906969],[92.1824076,21.7789747],[92.1904981,21.7770758],[92.1849503,21.8018106],[92.1804873,21.8044102],[92.179868,21.8215397],[92.1679305,21.837577],[92.1683609,21.8449078],[92.1803177,21.8477664],[92.1921473,21.8248129],[92.204799,21.8164657],[92.2036043,21.8041589],[92.2123572,21.7865395],[92.1943545,21.7851866],[92.1921031,21.7745393],[92.1866772,21.7744283],[92.1753559,21.7830534],[92.1608627,21.7693576],[92.1551169,21.7451466],[92.1561717,21.7354694],[92.1224107,21.7387554],[92.1137689,21.7343646],[92.1184323,21.7177476],[92.0928188,21.6892508],[92.1119568,21.6667384],[92.1074901,21.6610644],[92.113148,21.6501163],[92.1072616,21.6412983],[92.1121536,21.6339691],[92.1242324,21.6310862],[92.1408161,21.6180355],[92.1499808,21.5959375],[92.1682772,21.6049466],[92.1736825,21.5997829],[92.172243,21.586999],[92.178663,21.5721466],[92.1846822,21.5685123],[92.1769018,21.5546169],[92.1592555,21.5415091],[92.1598242,21.5327301],[92.169616,21.5132108],[92.1766515,21.5077704],[92.2002688,21.5142004],[92.2228945,21.4946587],[92.2212651,21.4855243],[92.2389797,21.4749506],[92.2403217,21.4605078],[92.2306052,21.4477527],[92.2339415,21.4291526],[92.2416089,21.4261932],[92.2377381,21.4139834],[92.2460427,21.4015486],[92.2351506,21.3979388],[92.218926,21.4003337],[92.2016653,21.3907411],[92.1893389,21.4245087],[92.1634405,21.431669],[92.1556562,21.4248845],[92.1560013,21.4125079],[92.1271394,21.4014536],[92.1312438,21.3805346],[92.1382924,21.3678736],[92.143118,21.3487652],[92.1495763,21.3440776],[92.1536664,21.3229133],[92.1715721,21.2891825],[92.1807101,21.2759799],[92.1927396,21.2657044],[92.1859133,21.2574235],[92.1787712,21.2338781],[92.1700072,21.2282393],[92.1682325,21.2132419],[92.1763995,21.184348],[92.2011878,21.206578],[92.2101862,21.2246836],[92.2180563,21.2318964],[92.2107892,21.2482283],[92.2197397,21.257608],[92.2120181,21.2832762],[92.1977602,21.3196334],[92.211498,21.3398362],[92.2588062,21.3621783],[92.2557969,21.3892454],[92.269563,21.4004197],[92.2690711,21.4282016],[92.2917228,21.4304784],[92.2972363,21.4201343],[92.3300392,21.4202147],[92.3264223,21.4319925],[92.3378541,21.4360151],[92.343471,21.4668792],[92.3809755,21.4798677],[92.4280957,21.4235749],[92.4388155,21.3651779],[92.4596125,21.3691122],[92.4991106,21.3610656],[92.5111031,21.3638957],[92.5085218,21.3772954],[92.5281901,21.3797444],[92.5394564,21.376077],[92.5550809,21.3843447],[92.5639941,21.3719658],[92.5621921,21.363687],[92.5856397,21.2876679],[92.5862697,21.2713616],[92.5946062,21.2457998],[92.6115392,21.2464863],[92.629913,21.2632282],[92.6294687,21.2685799],[92.6802574,21.2856187],[92.6798405,21.2976869],[92.6647112,21.317717],[92.6568208,21.3476981],[92.651109,21.358568],[92.6503962,21.3858896],[92.6434101,21.3999665],[92.6384803,21.4373217],[92.6344422,21.4385228],[92.6243615,21.4749297],[92.6256316,21.4962615],[92.61958,21.5170854],[92.6201448,21.5318918],[92.6152476,21.5703567],[92.6090081,21.584656],[92.6086335,21.6105999],[92.6110193,21.6214143],[92.6018255,21.6547101],[92.6077316,21.6813137],[92.6016156,21.7037996],[92.6087352,21.731088],[92.6053589,21.7431847],[92.6118537,21.7816772],[92.6081834,21.795178],[92.6093929,21.817106],[92.6209335,21.8275309],[92.6155452,21.8321666],[92.6139087,21.8519074]]]}},{"type":"Feature","properties":{"2024":2952263.265055,"2023":2952263.265055,"DistrictID":112,"2020":2770245.602418,"2014":2439815.066265,"2021":2829609.068694,"2022":2890272,"district":"Coxs Bazar","2018":2655304.746164,"2013":2388791.058971,"2017":2599672.733024,"2016":2545230.911449,"2015":2491953.445535,"2025":2952263.265055,"2019":2712153.366477,"2012":2338857.251053,"division":"Chittagong","UpazilaID":1621},"geometry":{"type":"MultiPolygon","coordinates":[[[[91.8641361,21.9195605],[91.8567302,21.9072621],[91.8463344,21.8993502],[91.8472074,21.8796984],[91.8425947,21.8753532],[91.840845,21.8586937],[91.8499592,21.836942],[91.8505518,21.8213077],[91.8421296,21.8051052],[91.8447172,21.7753975],[91.8331154,21.7602811],[91.8291957,21.7393066],[91.8293813,21.7232307],[91.8433684,21.7221083],[91.8452296,21.7405585],[91.8507245,21.7450784],[91.8677708,21.7914355],[91.877322,21.8214354],[91.8946282,21.8608082],[91.8943561,21.8905847],[91.8798046,21.921146],[91.8641361,21.9195605]]],[[[91.865603,21.6224796],[91.8466358,21.6100742],[91.8519142,21.5951043],[91.8609622,21.5873564],[91.865603,21.6224796]]],[[[91.9165664,21.8584195],[91.9150152,21.839845],[91.9070849,21.811571],[91.8850208,21.765239],[91.8706499,21.7165724],[91.8582261,21.6970222],[91.8560121,21.6719083],[91.8778838,21.6478886],[91.8923751,21.6491793],[91.8848342,21.6280482],[91.8689866,21.6149649],[91.8811574,21.5927476],[91.875148,21.590378],[91.8710985,21.5764444],[91.8609412,21.5733323],[91.8643215,21.5589568],[91.8844079,21.5447517],[91.8712942,21.5409566],[91.8614366,21.5430742],[91.8509563,21.5323658],[91.8560206,21.5144737],[91.8926819,21.4799689],[91.9140988,21.4738466],[91.9247507,21.4840473],[91.926917,21.493437],[91.9394158,21.4917127],[91.9394951,21.5034684],[91.9709054,21.5065415],[91.9775649,21.5118391],[91.9846626,21.5942192],[91.9933589,21.6061105],[91.9890306,21.6296267],[91.9782727,21.6559679],[92.0088619,21.6130206],[92.0078733,21.5975489],[91.9999715,21.5908578],[91.9922263,21.5700189],[91.9984667,21.5419477],[92.0016972,21.5160069],[91.9795512,21.4740366],[91.970392,21.4763549],[91.9510788,21.4653185],[91.9489977,21.4585563],[91.9605206,21.4383494],[91.9829617,21.4180607],[92.0173919,21.3682347],[92.0349054,21.3285967],[92.0347309,21.3159346],[92.0427578,21.3030263],[92.0479876,21.2862393],[92.0437652,21.2344956],[92.0467376,21.2235575],[92.0461774,21.1845728],[92.0544366,21.1670294],[92.0997194,21.1120486],[92.1740008,21.0270625],[92.1882021,21.0048632],[92.2026932,20.9576497],[92.2114588,20.9424876],[92.2247819,20.9124741],[92.2531158,20.8739531],[92.2772342,20.8350889],[92.3023059,20.7822569],[92.3169617,20.7596586],[92.3310995,20.7465144],[92.3426339,20.750376],[92.335065,20.7916037],[92.3227765,20.8188737],[92.316706,20.8500347],[92.2992731,20.8893858],[92.283595,20.9009676],[92.2701351,20.9194868],[92.2621229,20.9495183],[92.2634037,20.9783678],[92.2588222,21.0035763],[92.2512334,21.025599],[92.2574373,21.0502674],[92.2650194,21.0622389],[92.2583256,21.078793],[92.233495,21.0967633],[92.2237179,21.1199],[92.2069978,21.1188999],[92.2004429,21.1243716],[92.1975539,21.139287],[92.2025642,21.1488685],[92.199331,21.1612853],[92.1758062,21.1599793],[92.1725007,21.1812277],[92.1763995,21.184348],[92.1682325,21.2132419],[92.1700072,21.2282393],[92.1787712,21.2338781],[92.1859133,21.2574235],[92.1927396,21.2657044],[92.1807101,21.2759799],[92.1715721,21.2891825],[92.1536664,21.3229133],[92.1495763,21.3440776],[92.143118,21.3487652],[92.1382924,21.3678736],[92.1312438,21.3805346],[92.1271394,21.4014536],[92.1560013,21.4125079],[92.1556562,21.4248845],[92.1634405,21.431669],[92.1893389,21.4245087],[92.2016653,21.3907411],[92.218926,21.4003337],[92.2351506,21.3979388],[92.2460427,21.4015486],[92.2377381,21.4139834],[92.2416089,21.4261932],[92.2339415,21.4291526],[92.2306052,21.4477527],[92.2403217,21.4605078],[92.2389797,21.4749506],[92.2212651,21.4855243],[92.2228945,21.4946587],[92.2002688,21.5142004],[92.1766515,21.5077704],[92.169616,21.5132108],[92.1598242,21.5327301],[92.1592555,21.5415091],[92.1769018,21.5546169],[92.1846822,21.5685123],[92.178663,21.5721466],[92.172243,21.586999],[92.1736825,21.5997829],[92.1682772,21.6049466],[92.1499808,21.5959375],[92.1408161,21.6180355],[92.1242324,21.6310862],[92.1121536,21.6339691],[92.1072616,21.6412983],[92.113148,21.6501163],[92.1074901,21.6610644],[92.1119568,21.6667384],[92.0928188,21.6892508],[92.1184323,21.7177476],[92.1137689,21.7343646],[92.1224107,21.7387554],[92.1561717,21.7354694],[92.1551169,21.7451466],[92.1608627,21.7693576],[92.1753559,21.7830534],[92.1866772,21.7744283],[92.1921031,21.7745393],[92.1943545,21.7851866],[92.2123572,21.7865395],[92.2036043,21.8041589],[92.204799,21.8164657],[92.1921473,21.8248129],[92.1803177,21.8477664],[92.1683609,21.8449078],[92.1679305,21.837577],[92.179868,21.8215397],[92.1804873,21.8044102],[92.1849503,21.8018106],[92.1904981,21.7770758],[92.1824076,21.7789747],[92.1814684,21.7906969],[92.1671076,21.7801987],[92.1433055,21.7791343],[92.140595,21.786835],[92.1285066,21.7971839],[92.1099619,21.7947277],[92.097843,21.8063343],[92.0805192,21.8099262],[92.0765584,21.8173337],[92.0816117,21.8321765],[92.0897984,21.840153],[92.0819383,21.8578096],[92.0850915,21.8621882],[92.0808788,21.88848],[92.0707659,21.90101],[92.0600491,21.9077995],[92.057172,21.9240515],[92.0392922,21.9236652],[92.0384434,21.9067877],[92.0165906,21.9041114],[91.9980659,21.9077942],[91.9827686,21.9013129],[91.9737472,21.9042706],[91.9661525,21.8925183],[91.9539417,21.8894479],[91.9391253,21.8779626],[91.9223201,21.8752435],[91.9254406,21.8629863],[91.9165664,21.8584195]]],[[[92.3150488,20.6281357],[92.3261004,20.6188122],[92.3271905,20.6354271],[92.3150488,20.6281357]]]]}},{"type":"Feature","properties":{"2024":1632614.254339,"2023":1632614.254339,"DistrictID":114,"2020":1580460.954312,"2014":1482954.471751,"2021":1597583.111193,"2022":1614966,"district":"Feni","2018":1546980.727696,"2013":1467534.678739,"2017":1530613.811737,"2016":1514489.932133,"2015":1498604.866889,"2025":1632614.254339,"2019":1563594.981233,"2012":1452341.494721,"division":"Chittagong","UpazilaID":1173},"geometry":{"type":"MultiPolygon","coordinates":[[[[91.4473329,22.7845202],[91.4433135,22.7944413],[91.4456932,22.8092535],[91.4615243,22.8291326],[91.4655444,22.8483172],[91.4521462,22.8281538],[91.4305655,22.8278472],[91.4199535,22.8075823],[91.4473329,22.7845202]]],[[[91.3310969,22.8174996],[91.3166695,22.8217748],[91.3141133,22.8083418],[91.3281391,22.7975116],[91.3310969,22.8174996]]],[[[91.3320032,22.8206555],[91.3366155,22.8376247],[91.3289171,22.8483124],[91.3252255,22.8269983],[91.3320032,22.8206555]]],[[[91.5767651,22.9654349],[91.5571764,22.978604],[91.5569428,22.9967401],[91.5424503,22.9996531],[91.548132,23.019393],[91.538347,23.0193558],[91.5502841,23.0385474],[91.5304305,23.0384372],[91.5362082,23.0546586],[91.5352577,23.0634807],[91.51887,23.0942842],[91.5222815,23.1041417],[91.5116867,23.1085333],[91.5141871,23.1226924],[91.503083,23.1306352],[91.5043585,23.1408377],[91.4908866,23.1577622],[91.4981677,23.171784],[91.5031441,23.1922303],[91.4848714,23.1883387],[91.4843674,23.2093346],[91.4753393,23.2204896],[91.4585642,23.213448],[91.4542711,23.2236598],[91.4702449,23.2277779],[91.4578364,23.2461295],[91.454439,23.2575756],[91.4154396,23.2635743],[91.4195557,23.2733865],[91.4088352,23.2853215],[91.411234,23.2558146],[91.4086734,23.2477564],[91.3933608,23.2467292],[91.4008336,23.2292471],[91.3864002,23.2276848],[91.3882263,23.2148181],[91.3836227,23.1752579],[91.3847454,23.1562952],[91.389224,23.1527748],[91.3972511,23.1302942],[91.3969276,23.1178142],[91.4033692,23.1138652],[91.4001955,23.0965769],[91.4051586,23.0871295],[91.4164884,23.0816161],[91.4108211,23.0664271],[91.3957361,23.0562969],[91.371898,23.0693944],[91.368709,23.0673309],[91.3307661,23.0662934],[91.3020293,23.0479532],[91.2857647,23.0544267],[91.2589521,23.0546115],[91.2556151,23.0431392],[91.264912,23.0222154],[91.2591273,23.0123523],[91.2598902,22.9932995],[91.2561537,22.9642799],[91.262961,22.9444948],[91.2587416,22.9185515],[91.2601819,22.9104106],[91.2470872,22.9016772],[91.2586677,22.8875008],[91.2694497,22.8917505],[91.2998298,22.8940103],[91.3066049,22.899843],[91.3218331,22.902268],[91.3389571,22.9095071],[91.3449136,22.8976532],[91.3367726,22.8448489],[91.3391603,22.8408294],[91.3318662,22.806622],[91.3347582,22.7939084],[91.344531,22.789052],[91.3556713,22.7950498],[91.3726199,22.797775],[91.3768165,22.7853324],[91.394584,22.7804205],[91.4071853,22.7654011],[91.424125,22.7573895],[91.4294361,22.7640535],[91.4295268,22.7801829],[91.4216074,22.7844117],[91.4217861,22.7978878],[91.4134413,22.7984638],[91.405324,22.8084249],[91.412845,22.8194026],[91.4231441,22.8244009],[91.4236396,22.8348631],[91.4344418,22.8397845],[91.4418379,22.8296812],[91.4508498,22.8298861],[91.4562363,22.8454651],[91.4653328,22.8548801],[91.4740879,22.8721748],[91.4624116,22.8775249],[91.46114,22.8908791],[91.4735826,22.9017703],[91.4978738,22.9033325],[91.5307375,22.9132563],[91.5310326,22.9255779],[91.5451533,22.9522714],[91.5675452,22.9548722],[91.5767651,22.9654349]]]]}},{"type":"Feature","properties":{"2024":1968178.876073,"2023":1968178.876073,"DistrictID":115,"2020":1904367.69227,"2014":1784983.003146,"2021":1925323.064555,"2022":1946592,"district":"Laksmipur","2018":1863380.442719,"2013":1766105.203664,"2017":1843340.123172,"2016":1823596.480417,"2015":1804145.444224,"2025":1968178.876073,"2019":1883721.568944,"2012":1747508.149343,"division":"Chittagong","UpazilaID":971},"geometry":{"type":"MultiPolygon","coordinates":[[[[90.976452,22.5219836],[90.9511143,22.547258],[90.9223567,22.5524922],[90.8937507,22.5602803],[90.9321133,22.4970166],[90.976452,22.5219836]]],[[[90.7440461,22.8698854],[90.7374333,22.8601954],[90.7507202,22.8347806],[90.7663268,22.8433284],[90.755652,22.8698307],[90.7440461,22.8698854]]],[[[90.7743543,22.8219708],[90.7726136,22.830493],[90.7609132,22.8361662],[90.7517981,22.8314293],[90.7703649,22.8093708],[90.7743543,22.8219708]]],[[[90.6465493,22.9843681],[90.6493441,22.9768857],[90.6689525,22.9645671],[90.7093708,22.8975289],[90.7213711,22.8800878],[90.7307656,22.882315],[90.734688,22.8924327],[90.7185077,22.9157856],[90.7196688,22.9304552],[90.7408548,22.8927868],[90.760288,22.8711844],[90.7681881,22.849589],[90.78263,22.831689],[90.7832973,22.8131319],[90.7788313,22.7938974],[90.7797618,22.7807476],[90.7958319,22.7473513],[90.8145267,22.7190547],[90.8241314,22.7009845],[90.8507304,22.670014],[90.8830901,22.6640548],[90.9024525,22.6477906],[90.9203266,22.6368382],[90.9454283,22.6148906],[90.9720566,22.6007309],[90.9859342,22.5867842],[91.0174059,22.5681756],[91.0144253,22.5991186],[91.0034662,22.6235867],[90.9884835,22.6399766],[91.0010569,22.6657351],[91.0161251,22.677648],[91.0168716,22.6859908],[91.00946,22.7057528],[90.9809465,22.7153205],[90.9814602,22.7485942],[90.9774535,22.7553039],[90.9492394,22.7781953],[90.9147724,22.7979688],[90.9046693,22.8007366],[90.8899537,22.8110193],[90.9266811,22.8139348],[90.945111,22.8451926],[90.9429205,22.8622263],[90.9730549,22.8676999],[90.9853823,22.8819545],[90.9815217,22.8921859],[90.9874581,22.9000544],[90.9813142,22.9161871],[90.9890723,22.9252552],[90.9889272,22.9396863],[90.9993254,22.9490812],[90.9961942,22.9706713],[90.9988301,22.9774269],[90.966013,22.9793747],[90.9546262,22.9926873],[90.9371506,22.9899678],[90.9196057,23.0129222],[90.8976117,23.0118855],[90.8871552,23.0248228],[90.8970662,23.0385831],[90.9188062,23.0418952],[90.9008007,23.0618905],[90.9000586,23.0725013],[90.9160307,23.0724654],[90.9442111,23.0872891],[90.9414479,23.1011034],[90.9537392,23.1136198],[90.9561224,23.1301354],[90.9618452,23.131044],[90.9555171,23.145933],[90.9350137,23.1438068],[90.9231785,23.1489506],[90.9121099,23.1478149],[90.8929374,23.1709894],[90.8740133,23.1734254],[90.849285,23.1664576],[90.8490431,23.1515302],[90.8363048,23.1381504],[90.8213361,23.1334553],[90.8170085,23.124038],[90.79739,23.1192832],[90.7868995,23.0770448],[90.7696304,23.0771852],[90.7520549,23.0675539],[90.7490195,23.0588493],[90.7316042,23.0422487],[90.7067285,23.0581514],[90.6903761,23.0630733],[90.6624043,23.0504936],[90.6667104,23.0336831],[90.6603634,23.0205265],[90.6628401,23.0076214],[90.6465493,22.9843681]]],[[[90.7401067,22.8870944],[90.7331805,22.8750808],[90.7339619,22.8668553],[90.7494104,22.8721902],[90.7401067,22.8870944]]],[[[90.6514162,22.8480958],[90.6438614,22.8367118],[90.6563353,22.8448117],[90.6514162,22.8480958]]]]}},{"type":"Feature","properties":{"2024":3731698.423112,"2023":3731698.423112,"DistrictID":116,"2020":3536580.208946,"2014":3187627.241671,"2021":3599984.735758,"2022":3665008,"district":"Noakhali","2018":3414441.532936,"2013":3134324.046556,"2017":3355618.223908,"2016":3298235.225633,"2015":3242251.478484,"2025":3731698.423112,"2019":3474747.579689,"2012":3082304.651769,"division":"Chittagong","UpazilaID":2011},"geometry":{"type":"MultiPolygon","coordinates":[[[[91.1329215,22.3824986],[91.0985209,22.3936102],[91.0698848,22.4064214],[91.0750231,22.3793804],[91.0747377,22.3630056],[91.0601517,22.3469446],[91.0688089,22.3397981],[91.0659653,22.3304926],[91.0700576,22.301164],[91.0681887,22.2715875],[91.0691757,22.2459597],[91.0641764,22.2231437],[91.0539246,22.1909445],[91.0321001,22.1474651],[91.0059949,22.1203806],[91.0059064,22.1079047],[91.0194838,22.0984514],[91.0503233,22.0860666],[91.0577612,22.0792306],[91.0820917,22.0947353],[91.1080135,22.1216886],[91.1219679,22.1314405],[91.134275,22.1306384],[91.137179,22.1462857],[91.1537859,22.1566374],[91.1660379,22.1706992],[91.1659265,22.1790173],[91.1732819,22.2025301],[91.1882435,22.2328221],[91.1899522,22.2821728],[91.1843112,22.2965008],[91.1898754,22.3266125],[91.1858794,22.3591581],[91.1749925,22.3837539],[91.1546387,22.3754786],[91.1409409,22.3732145],[91.1329215,22.3824986]]],[[[91.0303603,22.3771107],[91.0353918,22.4041337],[91.0433108,22.4147421],[91.0450747,22.4375314],[91.0372115,22.4484328],[91.004715,22.4630742],[90.9925866,22.4607115],[90.9870824,22.4532883],[90.9881642,22.4317711],[91.0000258,22.3900158],[91.0038452,22.3707285],[91.0129451,22.3604902],[91.0303603,22.3771107]]],[[[91.0251665,22.0853413],[91.0085852,22.0977775],[90.9985449,22.0996557],[90.9821221,22.0856851],[90.9730896,22.0717249],[90.9729901,22.0496645],[90.9792773,22.0302041],[90.9959825,22.0252752],[91.0224171,22.0438511],[91.0353925,22.042521],[91.0479033,22.0719651],[91.0411072,22.0839022],[91.0251665,22.0853413]]],[[[91.0153264,22.2426323],[91.0291396,22.2717075],[91.029574,22.2854718],[91.0349034,22.3047493],[91.0345324,22.3240634],[91.0190128,22.3323074],[91.0239951,22.3161807],[91.0193972,22.292816],[91.0182911,22.2772253],[91.013658,22.2698469],[91.0153264,22.2426323]]],[[[91.04936,22.341989],[91.054106,22.3512793],[91.0429064,22.3723361],[91.0378727,22.3727987],[91.0195984,22.3511657],[91.0361994,22.3376282],[91.04936,22.341989]]],[[[91.0802598,22.0645603],[91.0689669,22.0631528],[91.0565935,22.0509002],[91.0550354,22.0378602],[91.0660511,22.036737],[91.0827399,22.0535497],[91.0802598,22.0645603]]],[[[90.9339274,22.4937305],[90.9775157,22.5036969],[90.981748,22.5129443],[90.976452,22.5219836],[90.9321133,22.4970166],[90.9339274,22.4937305]]],[[[90.9677322,22.4276283],[90.9694334,22.4518656],[90.9779815,22.4644811],[90.9619548,22.4709829],[90.9508761,22.4645418],[90.9677322,22.4276283]]],[[[91.0566485,22.3685804],[91.0522979,22.3846219],[91.0434872,22.3749277],[91.0566485,22.3685804]]],[[[90.9901751,22.391004],[90.9825318,22.4143745],[90.9722779,22.4205983],[90.9901751,22.391004]]],[[[91.339191,22.5300966],[91.3361984,22.5559338],[91.332589,22.5648834],[91.3322081,22.5656611],[91.3111155,22.6028103],[91.2876533,22.5761766],[91.2738317,22.5548497],[91.2655046,22.5220073],[91.2828609,22.5003614],[91.289592,22.4856818],[91.3016768,22.4868035],[91.3142465,22.4984594],[91.3266555,22.5010821],[91.3399076,22.5176405],[91.339191,22.5300966]]],[[[91.2642125,22.4153427],[91.2663654,22.4231647],[91.2585813,22.4351271],[91.2460472,22.4248523],[91.2562452,22.4097648],[91.2642125,22.4153427]]],[[[91.3367726,22.8448489],[91.3449136,22.8976532],[91.3389571,22.9095071],[91.3218331,22.902268],[91.3066049,22.899843],[91.2998298,22.8940103],[91.2694497,22.8917505],[91.2586677,22.8875008],[91.2470872,22.9016772],[91.2601819,22.9104106],[91.2587416,22.9185515],[91.262961,22.9444948],[91.2561537,22.9642799],[91.2598902,22.9932995],[91.2591273,23.0123523],[91.264912,23.0222154],[91.2556151,23.0431392],[91.2589521,23.0546115],[91.2422495,23.0572308],[91.2365994,23.0657019],[91.2043861,23.0662076],[91.1981128,23.060569],[91.1830387,23.0613758],[91.1599023,23.0840723],[91.1459214,23.0811666],[91.1400224,23.074285],[91.1140649,23.0755004],[91.105975,23.0727172],[91.0794356,23.0716018],[91.0507376,23.0834831],[91.0434864,23.0900548],[91.0370872,23.1131166],[91.0286941,23.1119849],[90.986707,23.1173005],[90.980754,23.1331992],[90.9618452,23.131044],[90.9561224,23.1301354],[90.9537392,23.1136198],[90.9414479,23.1011034],[90.9442111,23.0872891],[90.9160307,23.0724654],[90.9000586,23.0725013],[90.9008007,23.0618905],[90.9188062,23.0418952],[90.8970662,23.0385831],[90.8871552,23.0248228],[90.8976117,23.0118855],[90.9196057,23.0129222],[90.9371506,22.9899678],[90.9546262,22.9926873],[90.966013,22.9793747],[90.9988301,22.9774269],[90.9961942,22.9706713],[90.9993254,22.9490812],[90.9889272,22.9396863],[90.9890723,22.9252552],[90.9813142,22.9161871],[90.9874581,22.9000544],[90.9815217,22.8921859],[90.9853823,22.8819545],[90.9730549,22.8676999],[90.9429205,22.8622263],[90.945111,22.8451926],[90.9266811,22.8139348],[90.8899537,22.8110193],[90.9046693,22.8007366],[90.9147724,22.7979688],[90.9492394,22.7781953],[90.9774535,22.7553039],[90.9814602,22.7485942],[90.9809465,22.7153205],[91.00946,22.7057528],[91.0168716,22.6859908],[91.0161251,22.677648],[91.0010569,22.6657351],[90.9884835,22.6399766],[91.0034662,22.6235867],[91.0144253,22.5991186],[91.0174059,22.5681756],[91.044653,22.5485419],[91.0576902,22.5340212],[91.0777773,22.4934017],[91.092817,22.4664373],[91.1118864,22.4518701],[91.1339518,22.4429694],[91.1603755,22.4581885],[91.1653597,22.4794697],[91.1942222,22.4998031],[91.2011809,22.5098338],[91.193144,22.5193036],[91.1770016,22.5211403],[91.1585202,22.5115176],[91.1611386,22.5016403],[91.1279288,22.4869867],[91.1230364,22.4956368],[91.1521472,22.5000346],[91.1556042,22.5165574],[91.1837572,22.5262439],[91.2091827,22.5241132],[91.2141261,22.531413],[91.2271206,22.5259373],[91.2475943,22.5535354],[91.2590587,22.5763944],[91.2880226,22.6186167],[91.2828482,22.626903],[91.2821397,22.6429523],[91.2714422,22.6714442],[91.2624106,22.6849225],[91.2483264,22.6801625],[91.2467066,22.691283],[91.2331508,22.7047232],[91.2338041,22.717265],[91.2573859,22.6972934],[91.2733959,22.7111923],[91.2778884,22.7233923],[91.2989088,22.745161],[91.320201,22.7515821],[91.3529374,22.7529808],[91.3685507,22.7515392],[91.3849175,22.7572051],[91.3852232,22.764515],[91.3638636,22.7699323],[91.3453869,22.7817749],[91.328672,22.7882239],[91.3281391,22.7975116],[91.3141133,22.8083418],[91.3166695,22.8217748],[91.3310969,22.8174996],[91.3320032,22.8206555],[91.3252255,22.8269983],[91.3289171,22.8483124],[91.3367726,22.8448489]]],[[[91.3181829,22.6498889],[91.3351218,22.6681125],[91.3431756,22.6858131],[91.3486575,22.7158873],[91.3384127,22.7320514],[91.3157087,22.7290826],[91.2982462,22.7213392],[91.2864362,22.7049451],[91.295988,22.6729645],[91.3068587,22.6584178],[91.3181829,22.6498889]]],[[[91.3768165,22.7853324],[91.3726199,22.797775],[91.3556713,22.7950498],[91.344531,22.789052],[91.3641334,22.777601],[91.3768165,22.7853324]]],[[[91.4071853,22.7654011],[91.4101643,22.7542599],[91.424125,22.7573895],[91.4071853,22.7654011]]]]}},{"type":"Feature","properties":{"2024":3302975.20353,"2023":3302975.20353,"DistrictID":117,"2020":3179813.219911,"2014":2948799.347836,"2021":3220279.98142,"2022":3261331,"district":"Brahmanbaria","2018":3100597.450306,"2013":2912183.820603,"2017":3061831.2735,"2016":3023615.011998,"2015":2985940.411931,"2025":3302975.20353,"2019":3139921.926787,"2012":2876085.955461,"division":"Chittagong","UpazilaID":1038},"geometry":{"type":"Polygon","coordinates":[[[90.9859915,24.030601],[90.9751596,24.0212246],[90.9661904,24.0062446],[90.9738223,23.9884844],[90.9715411,23.9675113],[90.9608877,23.9632901],[90.9530641,23.9538766],[90.9511817,23.9285073],[90.9301174,23.9098831],[90.9202399,23.8828999],[90.9087672,23.8676379],[90.898333,23.8627333],[90.858102,23.8790372],[90.8359073,23.865152],[90.8196027,23.8638894],[90.7811267,23.8659138],[90.7666551,23.864209],[90.7594695,23.8500418],[90.7680006,23.8202492],[90.7657706,23.8019156],[90.7585939,23.7903375],[90.7346131,23.7628361],[90.7237512,23.7466944],[90.7225058,23.725592],[90.7289262,23.712358],[90.7386326,23.7027294],[90.7411442,23.6926205],[90.7646074,23.6984654],[90.7700558,23.6847326],[90.7820267,23.6844575],[90.7864495,23.6973946],[90.7758174,23.706884],[90.7810401,23.7289988],[90.8003937,23.7464673],[90.8173516,23.7334379],[90.8263109,23.7342071],[90.8336768,23.7239179],[90.8501129,23.7273407],[90.873424,23.7198063],[90.8833653,23.7266548],[90.88732,23.7367733],[90.8848009,23.7529284],[90.8997665,23.7646805],[90.9132468,23.7651168],[90.9463093,23.776032],[90.9861983,23.7856292],[90.9951396,23.7856458],[91.0353683,23.7952985],[91.0534415,23.7676947],[91.0583445,23.7459408],[91.0667232,23.7330899],[91.0851052,23.7213248],[91.087513,23.7153572],[91.1051469,23.7093335],[91.1242625,23.6742116],[91.1323076,23.6650266],[91.1564307,23.6692993],[91.1757325,23.6585548],[91.192888,23.654562],[91.1993556,23.6467416],[91.2065789,23.6849847],[91.1937665,23.6900453],[91.1541814,23.6885368],[91.149127,23.7116675],[91.1587842,23.7417857],[91.1675966,23.7497828],[91.1965386,23.7512127],[91.210311,23.7492928],[91.2176736,23.7400357],[91.2262918,23.7512628],[91.2306474,23.7650605],[91.2304785,23.7845336],[91.2269335,23.790346],[91.2336858,23.810969],[91.2540431,23.8381289],[91.2408098,23.861844],[91.2357075,23.877661],[91.2295463,23.8807399],[91.2284284,23.8987793],[91.2450681,23.9085012],[91.2413752,23.9228454],[91.2520375,23.9261485],[91.2716793,23.9247728],[91.2728309,23.9377845],[91.2639321,23.9443695],[91.2714571,23.9630478],[91.2846211,23.9822384],[91.2972097,23.9763879],[91.3031427,23.9970769],[91.2955256,24.0056438],[91.307931,24.0176611],[91.3116098,24.0392684],[91.3034308,24.0453257],[91.3040676,24.0562898],[91.2840976,24.0637718],[91.2930598,24.0931885],[91.2676464,24.0936925],[91.2708377,24.1125437],[91.284173,24.1114343],[91.2912913,24.1189166],[91.2716007,24.1236672],[91.2718218,24.1406098],[91.2773088,24.1815615],[91.2979904,24.1858688],[91.314767,24.1927141],[91.2972309,24.2031118],[91.2884679,24.1957958],[91.2780711,24.1995904],[91.2847325,24.210243],[91.298135,24.213693],[91.2985348,24.2230233],[91.3198858,24.2311235],[91.3284299,24.2427413],[91.3209865,24.2644047],[91.3017296,24.2663899],[91.2843338,24.2460204],[91.2816405,24.2268853],[91.2656885,24.2251861],[91.2463022,24.2331209],[91.2203305,24.2380561],[91.2068033,24.2368071],[91.1865125,24.2481078],[91.1735579,24.2651986],[91.1535871,24.2566497],[91.1461919,24.2476363],[91.1311373,24.2425873],[91.0851033,24.2411208],[91.0791225,24.2273267],[91.0902657,24.2193243],[91.0867087,24.2115289],[91.0653651,24.2159739],[91.037843,24.2101735],[91.0219487,24.1868276],[91.0087381,24.1737915],[90.9918879,24.1646953],[90.9851408,24.1525744],[91.0094686,24.1287936],[91.0335192,24.1183253],[91.0442312,24.1099256],[91.053653,24.092889],[91.0531153,24.083152],[91.0429015,24.0678124],[91.0181632,24.0525874],[91.0085139,24.0498984],[90.9859915,24.030601]]]}},{"type":"Feature","properties":{"2024":2530922.819755,"2023":2530922.819755,"DistrictID":119,"2020":2365888.502718,"2014":2180632.137651,"2021":2413788.64813,"2022":2468479,"district":"Chandpur","2018":2287196.02428,"2013":2161768.674748,"2017":2255023.682258,"2016":2226856.598307,"2015":2202202.783579,"2025":2530922.819755,"2019":2323936.392493,"2012":2145283.726716,"division":"Chittagong","UpazilaID":1933},"geometry":{"type":"MultiPolygon","coordinates":[[[[90.5932833,23.094783],[90.5802811,23.0870397],[90.5883351,23.0737217],[90.5838385,23.051898],[90.5957626,23.0471929],[90.6101625,23.0336776],[90.6142457,23.0571795],[90.6194786,23.0606486],[90.6197614,23.0772345],[90.6088379,23.0978876],[90.5986738,23.1102019],[90.5932833,23.094783]]],[[[90.5655843,23.0449297],[90.5675274,23.0577532],[90.5715736,23.0601883],[90.5806133,23.0600955],[90.5864206,23.0671803],[90.5772574,23.086764],[90.5677502,23.0867031],[90.5629503,23.075487],[90.5483078,23.0597333],[90.5655843,23.0449297]]],[[[90.5886627,23.0254344],[90.5859684,23.0441825],[90.5804086,23.0575868],[90.5698216,23.0582232],[90.5671897,23.0541694],[90.5668352,23.0435257],[90.5886627,23.0254344]]],[[[90.6017332,23.0176534],[90.6083864,23.029239],[90.5970834,23.0391812],[90.5895947,23.0248624],[90.6017332,23.0176534]]],[[[90.5899401,23.2966101],[90.5941155,23.2813943],[90.6024637,23.2738578],[90.6082143,23.2926206],[90.5899401,23.2966101]]],[[[90.6091501,23.2963932],[90.6219205,23.2772235],[90.626302,23.2793096],[90.6150984,23.3014843],[90.6091501,23.2963932]]],[[[90.5906737,23.3359458],[90.5905848,23.3432046],[90.6074347,23.3412291],[90.6203785,23.3435981],[90.6405828,23.3281345],[90.6632054,23.2844393],[90.6634203,23.2546601],[90.6552961,23.238299],[90.6389966,23.2314831],[90.6376253,23.1899402],[90.6429759,23.1843739],[90.6384075,23.1671244],[90.6431213,23.1606173],[90.6442102,23.1450778],[90.6387367,23.1404933],[90.6434462,23.1095655],[90.6463503,23.0576431],[90.6449148,23.0436918],[90.6465493,22.9843681],[90.6628401,23.0076214],[90.6603634,23.0205265],[90.6667104,23.0336831],[90.6624043,23.0504936],[90.6903761,23.0630733],[90.7067285,23.0581514],[90.7316042,23.0422487],[90.7490195,23.0588493],[90.7520549,23.0675539],[90.7696304,23.0771852],[90.7868995,23.0770448],[90.79739,23.1192832],[90.8170085,23.124038],[90.8213361,23.1334553],[90.8363048,23.1381504],[90.8490431,23.1515302],[90.849285,23.1664576],[90.8740133,23.1734254],[90.8929374,23.1709894],[90.9121099,23.1478149],[90.9231785,23.1489506],[90.9350137,23.1438068],[90.9555171,23.145933],[90.9618452,23.131044],[90.980754,23.1331992],[90.9878844,23.1408954],[91.0084276,23.141786],[91.0056163,23.1550923],[91.0078217,23.185388],[91.014214,23.195926],[91.0150228,23.2126153],[91.0265055,23.2190627],[91.0300163,23.2294076],[91.0238369,23.2348318],[91.0236605,23.2473454],[91.014074,23.2484796],[90.9944031,23.2892145],[90.9809855,23.2873993],[90.9750569,23.3008684],[90.9749518,23.3151209],[90.9561817,23.33236],[90.9558952,23.3481886],[90.9324678,23.3471359],[90.9291784,23.3608998],[90.9302338,23.376853],[90.9083474,23.3957202],[90.8977251,23.3970247],[90.8904277,23.4081733],[90.8819479,23.4423782],[90.8741413,23.4528465],[90.8639302,23.4523749],[90.8483862,23.4707061],[90.8332164,23.4639335],[90.8177021,23.4629622],[90.8176773,23.4480081],[90.8047606,23.4479713],[90.7944116,23.4336657],[90.7777799,23.4456129],[90.7697057,23.4413716],[90.7613035,23.4223938],[90.7330532,23.4237235],[90.7107859,23.4352193],[90.7095943,23.4547395],[90.6982212,23.4701704],[90.6877545,23.4924753],[90.6824174,23.489566],[90.6621774,23.4938455],[90.6469854,23.5022808],[90.6319029,23.5019837],[90.6234905,23.4927818],[90.61303,23.4904308],[90.6014119,23.4980708],[90.5769513,23.4960282],[90.5771596,23.4850979],[90.5842842,23.4801632],[90.5775597,23.4705894],[90.577757,23.4520762],[90.5703092,23.4368931],[90.5458435,23.4063132],[90.5390047,23.391194],[90.5386889,23.3793492],[90.5468131,23.3674174],[90.5760617,23.3580036],[90.5906737,23.3359458]]]]}},{"type":"Feature","properties":{"2024":2174630.256928,"2023":2174630.256928,"DistrictID":120,"2020":1969359.379998,"2014":1696702.598394,"2021":2031144.257982,"2022":2099291,"district":"Kushtia","2018":1862029.678122,"2013":1663108.073092,"2017":1815267.431529,"2016":1772413.08577,"2015":1733022.214607,"2025":2174630.256928,"2019":1913203.431171,"2012":1631933.10417,"division":"Khulna","UpazilaID":1845},"geometry":{"type":"Polygon","coordinates":[[[88.8607085,24.1118253],[88.8437199,24.1258792],[88.8194985,24.121131],[88.8070898,24.1240712],[88.784546,24.1349845],[88.7572152,24.1618184],[88.7382234,24.1935899],[88.7334243,24.1938755],[88.7315393,24.1717182],[88.7403259,24.1633938],[88.7463936,24.1471715],[88.7085012,24.1200863],[88.6971371,24.1204653],[88.7036176,24.0942127],[88.7171739,24.1034991],[88.7277046,24.1009238],[88.7284642,24.0904967],[88.7234091,24.0719191],[88.7283303,24.0573264],[88.7395352,24.0457359],[88.7421663,24.0334254],[88.7340174,24.0199317],[88.7284577,23.998873],[88.7373625,23.9964837],[88.7459503,24.0057963],[88.7571923,24.0066752],[88.7689847,23.9842467],[88.7396396,23.984626],[88.7344778,23.9629853],[88.7582953,23.9698723],[88.7679465,23.9570042],[88.7809004,23.9625629],[88.7907688,23.9754543],[88.8000655,23.9763401],[88.8095354,23.9670464],[88.8106669,23.9458744],[88.8156863,23.9277053],[88.8269345,23.9378827],[88.8427124,23.9376587],[88.8644805,23.9223929],[88.8731821,23.9092611],[88.8744777,23.8923702],[88.8587214,23.8826691],[88.8399782,23.8838905],[88.8379072,23.8789319],[88.8535692,23.8704584],[88.866944,23.87777],[88.881413,23.8781129],[88.8820527,23.866453],[88.8646227,23.8538425],[88.8589647,23.8326561],[88.8730429,23.8336493],[88.8914333,23.8274375],[88.9032204,23.8397492],[88.9210944,23.8208263],[88.9097961,23.7847807],[88.9297474,23.7913225],[88.93818,23.8041085],[88.9478009,23.8012471],[88.9578501,23.8089684],[88.9757872,23.79916],[88.9766599,23.789012],[88.999643,23.7819875],[89.0022112,23.7750153],[88.9895515,23.7523114],[89.0059208,23.7482873],[89.0090376,23.7401127],[89.0074369,23.7234202],[89.0172606,23.7087447],[89.0247902,23.6955822],[89.0377221,23.6922677],[89.0517222,23.7152837],[89.0745222,23.7258288],[89.0649954,23.733802],[89.0517096,23.7617112],[89.0605459,23.77046],[89.0683275,23.7578874],[89.082259,23.7583383],[89.0836928,23.7437474],[89.0951007,23.7407883],[89.0968042,23.7277906],[89.1163931,23.7341488],[89.1209481,23.7128159],[89.1407551,23.725227],[89.1580603,23.7223157],[89.1587828,23.7356057],[89.1840885,23.7491674],[89.196512,23.7439815],[89.2156608,23.7596557],[89.2319076,23.7563028],[89.2471535,23.7637645],[89.2578843,23.7568266],[89.2647807,23.7445883],[89.2819484,23.7369256],[89.2981584,23.7360223],[89.3150269,23.7474887],[89.3219863,23.766014],[89.3110715,23.7761642],[89.3301964,23.7785425],[89.3296417,23.8042801],[89.3368645,23.8190891],[89.3364623,23.8287478],[89.3513337,23.8411304],[89.3524279,23.8623256],[89.360768,23.8827753],[89.3553514,23.8859439],[89.3471483,23.8892201],[89.3305301,23.8792811],[89.312026,23.8743826],[89.3038733,23.8887792],[89.273509,23.901335],[89.2690999,23.8809701],[89.2586158,23.8847416],[89.2623604,23.9097906],[89.2528437,23.9227964],[89.2513288,23.9337509],[89.2405181,23.9392074],[89.2354032,23.9497109],[89.2370041,23.9728873],[89.215942,23.9726801],[89.2162764,23.9884914],[89.1777676,23.9874228],[89.1791877,23.9668741],[89.1702551,23.9510684],[89.1519049,23.9501322],[89.1248892,23.9624224],[89.098615,23.959864],[89.0962043,23.9725274],[89.0727554,23.9778753],[89.0628122,23.9873709],[89.0481319,24.0196229],[89.0308903,24.0714936],[89.0254904,24.0936105],[89.0066777,24.1181167],[88.9893299,24.1217887],[88.9499115,24.1251042],[88.9384574,24.1317414],[88.9113983,24.1128937],[88.8851433,24.1018072],[88.8811267,24.1152274],[88.8607085,24.1118253]]]}},{"type":"Feature","properties":{"2024":2721537.563667,"2023":2721537.563667,"DistrictID":121,"2020":2690230.737961,"2014":2629552.926036,"2021":2700593.55068,"2022":2711029,"district":"Naogaon","2018":2669721.129309,"2013":2619685.491112,"2017":2659573.395744,"2016":2649496.423468,"2015":2639489.752431,"2025":2721537.563667,"2019":2679940.0877,"2012":2609886.997896,"division":"Rajshahi","UpazilaID":3751},"geometry":{"type":"Polygon","coordinates":[[[89.1379556,24.6840129],[89.1317457,24.700139],[89.1354807,24.7114276],[89.1450833,24.71446],[89.1508978,24.7375945],[89.1235421,24.7309739],[89.1208801,24.7146306],[89.1071331,24.7153108],[89.0965713,24.7351468],[89.086852,24.7390056],[89.0898109,24.7543928],[89.0818464,24.7644394],[89.0887017,24.7822203],[89.0772104,24.789138],[89.0716588,24.7819339],[89.0453582,24.7889089],[89.0375506,24.7809656],[89.0212591,24.7799958],[89.0105512,24.7647626],[88.9972435,24.7663515],[88.9888453,24.7434585],[88.9800598,24.7471094],[88.9733554,24.7389689],[88.9623885,24.7467217],[88.9663363,24.7642269],[88.9749074,24.772805],[88.9774058,24.8027372],[88.9699064,24.8233226],[88.9814744,24.8235424],[88.9741798,24.8486795],[88.9900275,24.8594428],[88.9944881,24.8683379],[88.9909138,24.8788184],[88.9998626,24.884631],[89.0075192,24.8992098],[88.9999248,24.9095937],[89.0037605,24.9386616],[88.999447,24.9537473],[89.0040302,24.959545],[89.0028456,24.9781581],[89.0130186,24.9885414],[89.0082415,24.9985095],[89.0186973,25.0262449],[89.0094638,25.033396],[89.016529,25.0472908],[89.0087659,25.0504658],[88.9856895,25.0486891],[88.9783144,25.052898],[88.9532872,25.0551901],[88.9520516,25.0357886],[88.9408412,25.0414816],[88.9456392,25.0514884],[88.938783,25.0571844],[88.9310779,25.0730965],[88.941535,25.0983992],[88.9365394,25.1194774],[88.9218177,25.1303803],[88.9283157,25.1423176],[88.9229351,25.1487322],[88.9230215,25.1650072],[88.9123303,25.1680645],[88.910927,25.1804134],[88.8758227,25.1789722],[88.8648774,25.2007023],[88.8496791,25.2018558],[88.8491554,25.2107199],[88.8304164,25.2054532],[88.8269194,25.1925899],[88.8148292,25.1850383],[88.813343,25.1743616],[88.7983647,25.1712818],[88.7590935,25.1857965],[88.7553696,25.1811232],[88.7345335,25.1846988],[88.7333364,25.2000174],[88.7252887,25.1990087],[88.7149417,25.2070822],[88.6799957,25.2090205],[88.669352,25.1983412],[88.6638086,25.2028195],[88.6428165,25.2064279],[88.6309873,25.2017661],[88.618757,25.2050732],[88.5967539,25.1911821],[88.5795749,25.1769074],[88.5648078,25.174615],[88.555562,25.1790656],[88.5599269,25.1909852],[88.5480294,25.1953171],[88.5005965,25.2034078],[88.4990994,25.2104938],[88.479954,25.2115113],[88.4633707,25.1950243],[88.4469332,25.197598],[88.4418464,25.1859023],[88.4592243,25.160965],[88.457842,25.1347876],[88.4413501,25.1276435],[88.4470817,25.1079419],[88.4438624,25.1005016],[88.4510577,25.0752912],[88.4353378,25.0552835],[88.4377722,25.0431771],[88.4526217,25.0370625],[88.438647,25.0183648],[88.4360881,25.0062213],[88.4220209,25.0070396],[88.4117731,24.985423],[88.417395,24.9749676],[88.4033249,24.9738463],[88.3951119,24.9647076],[88.3995148,24.9596713],[88.4195825,24.9660016],[88.4341691,24.9608676],[88.4358123,24.9523259],[88.4319278,24.9286639],[88.4511341,24.9164001],[88.4584512,24.931572],[88.4707391,24.9377933],[88.4928891,24.9247054],[88.4940797,24.9066748],[88.485497,24.9030868],[88.4906075,24.8803702],[88.4756538,24.8621518],[88.4740312,24.8443736],[88.4586609,24.8598612],[88.4480048,24.8579946],[88.4366224,24.8396122],[88.4235885,24.8482369],[88.4058416,24.8445402],[88.4127206,24.8236789],[88.4262729,24.824957],[88.4309259,24.8177505],[88.4473359,24.8258821],[88.4411817,24.8048376],[88.4300427,24.7935746],[88.4309639,24.7840776],[88.41792,24.7811243],[88.4209379,24.7678404],[88.433793,24.7771728],[88.4526611,24.7774779],[88.455843,24.7718477],[88.4731543,24.7626285],[88.4793402,24.7728438],[88.4945926,24.7717705],[88.4930322,24.7518478],[88.4853024,24.7441247],[88.4744078,24.7497676],[88.475182,24.7587406],[88.458276,24.7585342],[88.4654973,24.7474407],[88.4625636,24.7319564],[88.473649,24.7353959],[88.4889545,24.7335357],[88.4936655,24.739069],[88.5099596,24.7316691],[88.5055698,24.7186309],[88.5186094,24.7080964],[88.5266703,24.709173],[88.5477123,24.7005929],[88.5679667,24.7048791],[88.5760197,24.6962974],[88.5711826,24.6808767],[88.5783402,24.6762351],[88.5894489,24.6844514],[88.5935224,24.6984349],[88.6099673,24.7039151],[88.6245294,24.6954693],[88.6257274,24.6748048],[88.6301467,24.6521694],[88.6236098,24.6452808],[88.6313463,24.6259293],[88.6396308,24.617299],[88.6826719,24.6370041],[88.7045209,24.6284935],[88.7028224,24.6632452],[88.7200451,24.6678662],[88.7353456,24.6637748],[88.7426656,24.6834649],[88.7567811,24.6705231],[88.7680524,24.6675395],[88.8022054,24.6855105],[88.8140763,24.6745856],[88.8108902,24.6580586],[88.8226578,24.6528742],[88.8328946,24.6585094],[88.8600545,24.6567696],[88.8748287,24.6372386],[88.9095755,24.643229],[88.9107407,24.6333818],[88.9241095,24.6178269],[88.9265702,24.5980353],[88.9335524,24.5886581],[88.944946,24.5876784],[88.9546732,24.5791422],[88.9632911,24.5836009],[88.9732053,24.5843907],[89.0094922,24.565603],[89.0046307,24.5556586],[89.0154241,24.5495868],[89.028753,24.5568116],[89.0353799,24.5451496],[89.0496574,24.5358995],[89.0790938,24.5333203],[89.0847695,24.5445787],[89.0982341,24.5415972],[89.0970922,24.5523835],[89.1039155,24.5624627],[89.1044846,24.5867666],[89.0951118,24.5947617],[89.0991721,24.606897],[89.0979988,24.6379173],[89.1154049,24.6387014],[89.136126,24.6563159],[89.1332062,24.6706707],[89.1379556,24.6840129]]]}},{"type":"Feature","properties":{"2024":1224659.232443,"2023":1224659.232443,"DistrictID":122,"2020":1199991.189943,"2014":1152179.805473,"2021":1208156.456037,"2022":1216379,"district":"Chuadanga","2018":1183830.863717,"2013":1144404.233867,"2017":1175834.997113,"2016":1167894.795387,"2015":1160009.86255,"2025":1224659.232443,"2019":1191882.794068,"2012":1136682.760266,"division":"Khulna","UpazilaID":1047},"geometry":{"type":"Polygon","coordinates":[[[88.7648145,23.3704274],[88.7867446,23.3804637],[88.7940597,23.3700289],[88.8065169,23.3789151],[88.8082952,23.3870397],[88.8276089,23.3772722],[88.8329999,23.3848434],[88.8522854,23.3752989],[88.8612828,23.3768493],[88.8752428,23.3920572],[88.8775658,23.4067168],[88.8951305,23.4089668],[88.9119026,23.4053018],[88.9211138,23.4127792],[88.9348691,23.4130463],[88.935599,23.4333235],[88.9457988,23.4380594],[88.9304004,23.4479954],[88.9296402,23.4619642],[88.94531,23.4831532],[88.9435667,23.4998927],[88.9469264,23.5118675],[88.9338568,23.5322301],[88.9467341,23.5517464],[88.9594535,23.5528741],[88.9784966,23.5481473],[88.97639,23.5574414],[88.9876407,23.5705854],[88.9828328,23.5762808],[88.9892279,23.5885946],[89.0037339,23.6038427],[89.0119267,23.6559887],[89.0060829,23.668838],[89.0068931,23.6915018],[89.0106519,23.7065835],[89.0172606,23.7087447],[89.0074369,23.7234202],[89.0090376,23.7401127],[89.0059208,23.7482873],[88.9895515,23.7523114],[89.0022112,23.7750153],[88.999643,23.7819875],[88.9766599,23.789012],[88.9757872,23.79916],[88.9578501,23.8089684],[88.9478009,23.8012471],[88.93818,23.8041085],[88.9297474,23.7913225],[88.9097961,23.7847807],[88.9210944,23.8208263],[88.9032204,23.8397492],[88.8914333,23.8274375],[88.8730429,23.8336493],[88.8589647,23.8326561],[88.8507753,23.8326912],[88.8442479,23.821272],[88.8337774,23.8158218],[88.8248357,23.7966058],[88.8188495,23.7725679],[88.7888855,23.7661708],[88.7865256,23.7424412],[88.7799221,23.7363727],[88.7789418,23.7223056],[88.784114,23.7173881],[88.7737788,23.6997666],[88.7465151,23.6948785],[88.7379838,23.6840265],[88.6873303,23.6597],[88.680183,23.6482335],[88.6536573,23.646736],[88.6426998,23.6307611],[88.6439235,23.6187102],[88.6380672,23.610411],[88.6382355,23.5976374],[88.6501219,23.5854773],[88.6481246,23.5805137],[88.6542025,23.5566777],[88.6652218,23.5470877],[88.6739037,23.548293],[88.6858538,23.5327845],[88.7124851,23.5094688],[88.7240672,23.5126003],[88.7318962,23.4960077],[88.7537922,23.4791482],[88.7718516,23.4984081],[88.7819506,23.5018567],[88.7980121,23.4995313],[88.7992242,23.4912238],[88.7872512,23.4695804],[88.7903634,23.4505842],[88.7821947,23.4414187],[88.7656094,23.4490083],[88.7605109,23.4270647],[88.7511252,23.4028667],[88.7529119,23.3892616],[88.7595689,23.3847058],[88.7648145,23.3704274]]]}},{"type":"Feature","properties":{"2024":1923600.266211,"2023":1923600.266211,"DistrictID":123,"2020":1884166.988024,"2014":1808041.698932,"2021":1897207.867402,"2022":1910352,"district":"Jhenaidah","2018":1858391.506186,"2013":1795699.585891,"2017":1845655.181564,"2016":1833018.665701,"2015":1820481.116406,"2025":1923600.266211,"2019":1871228.489252,"2012":1783453.957197,"division":"Khulna","UpazilaID":2181},"geometry":{"type":"Polygon","coordinates":[[[89.2580757,23.3705014],[89.251206,23.3763601],[89.2459623,23.392537],[89.255325,23.4129638],[89.2705388,23.4287229],[89.2560498,23.4337133],[89.256688,23.4410693],[89.2730075,23.4366384],[89.2876351,23.4434136],[89.3030821,23.4552189],[89.3069623,23.48234],[89.2980481,23.4973488],[89.306991,23.5178858],[89.3033878,23.5272047],[89.3143662,23.5449887],[89.3139545,23.5532386],[89.3231197,23.5651502],[89.3379261,23.5680355],[89.3451516,23.579281],[89.3411955,23.5883701],[89.34758,23.6144122],[89.3526226,23.6169505],[89.3572223,23.6390765],[89.3750249,23.6600739],[89.3664945,23.6641185],[89.321607,23.702991],[89.3225476,23.7131638],[89.3114925,23.7194488],[89.3120287,23.7290118],[89.2981584,23.7360223],[89.2819484,23.7369256],[89.2647807,23.7445883],[89.2578843,23.7568266],[89.2471535,23.7637645],[89.2319076,23.7563028],[89.2156608,23.7596557],[89.196512,23.7439815],[89.1840885,23.7491674],[89.1587828,23.7356057],[89.1580603,23.7223157],[89.1407551,23.725227],[89.1209481,23.7128159],[89.1163931,23.7341488],[89.0968042,23.7277906],[89.0951007,23.7407883],[89.0836928,23.7437474],[89.082259,23.7583383],[89.0683275,23.7578874],[89.0605459,23.77046],[89.0517096,23.7617112],[89.0649954,23.733802],[89.0745222,23.7258288],[89.0517222,23.7152837],[89.0377221,23.6922677],[89.0247902,23.6955822],[89.0172606,23.7087447],[89.0106519,23.7065835],[89.0068931,23.6915018],[89.0060829,23.668838],[89.0119267,23.6559887],[89.0037339,23.6038427],[88.9892279,23.5885946],[88.9828328,23.5762808],[88.9876407,23.5705854],[88.97639,23.5574414],[88.9784966,23.5481473],[88.9594535,23.5528741],[88.9467341,23.5517464],[88.9338568,23.5322301],[88.9469264,23.5118675],[88.9435667,23.4998927],[88.94531,23.4831532],[88.9296402,23.4619642],[88.9304004,23.4479954],[88.9457988,23.4380594],[88.935599,23.4333235],[88.9348691,23.4130463],[88.9211138,23.4127792],[88.9119026,23.4053018],[88.8951305,23.4089668],[88.8775658,23.4067168],[88.8752428,23.3920572],[88.8612828,23.3768493],[88.8522854,23.3752989],[88.8329999,23.3848434],[88.8276089,23.3772722],[88.8082952,23.3870397],[88.8065169,23.3789151],[88.7940597,23.3700289],[88.7867446,23.3804637],[88.7648145,23.3704274],[88.7578987,23.3598687],[88.7476255,23.3623915],[88.7440017,23.34867],[88.7349235,23.3371269],[88.735766,23.327408],[88.7498777,23.320902],[88.7459277,23.3089224],[88.7272767,23.3004323],[88.7145211,23.3059438],[88.6962401,23.3022324],[88.7064061,23.291659],[88.7144796,23.275261],[88.7244441,23.2719013],[88.7188131,23.2548653],[88.7539035,23.2402604],[88.7694715,23.2449632],[88.7787261,23.2224397],[88.8041974,23.218797],[88.808479,23.2249746],[88.8058911,23.238099],[88.8100212,23.2549986],[88.837361,23.2435765],[88.8448471,23.2306875],[88.8563013,23.2353086],[88.8903696,23.2311032],[88.8909075,23.2453305],[88.9073984,23.246159],[88.9049809,23.2562773],[88.9145573,23.2623191],[88.9211759,23.276951],[88.944407,23.2854146],[88.9651499,23.2892142],[88.9675154,23.310461],[88.9605447,23.3292216],[88.9786753,23.3412333],[89.0189829,23.3466303],[89.0267999,23.3558615],[89.0202797,23.3692664],[89.0241245,23.3737156],[89.0413459,23.371883],[89.0397161,23.3603501],[89.051506,23.3573477],[89.0668956,23.3597784],[89.0695399,23.3518757],[89.052666,23.3351082],[89.0612535,23.3287329],[89.0648609,23.312695],[89.0947433,23.3012068],[89.106602,23.285975],[89.1305315,23.2740736],[89.1426437,23.2757831],[89.1462412,23.2866936],[89.1595672,23.282973],[89.1704063,23.2901992],[89.1940479,23.2898505],[89.2072337,23.3023849],[89.2037734,23.3102302],[89.2223888,23.3237054],[89.2428995,23.3289872],[89.2427176,23.3383142],[89.2513509,23.3449438],[89.2507411,23.3606164],[89.2580757,23.3705014]]]}},{"type":"Feature","properties":{"2024":2026809.076815,"2023":2026809.076815,"DistrictID":124,"2020":2018018.041871,"2014":2001335.590698,"2021":2020914.707316,"2022":2023845,"district":"Satkhira","2018":2012324.971316,"2013":1998670.026288,"2017":2009528.258603,"2016":2006764.5579,"2015":2004033.71845,"2025":2026809.076815,"2019":2015154.848009,"2012":1996036.878052,"division":"Khulna","UpazilaID":1780},"geometry":{"type":"MultiPolygon","coordinates":[[[[89.2467436,22.8356448],[89.2380152,22.8347164],[89.2234598,22.821393],[89.2144949,22.8213731],[89.1957937,22.8109959],[89.1682725,22.816731],[89.1632023,22.8022603],[89.1479564,22.7952806],[89.1416352,22.8030761],[89.1588801,22.813698],[89.1577825,22.8273456],[89.1367553,22.8277299],[89.1254255,22.8416822],[89.1228306,22.8534248],[89.1287671,22.8707815],[89.1111579,22.8885704],[89.1178713,22.9037949],[89.1375589,22.8905449],[89.141597,22.8980438],[89.1245321,22.9284418],[89.1068665,22.9329846],[89.0968158,22.9230599],[89.0817983,22.9324814],[89.0587197,22.935878],[89.0485706,22.9310697],[89.0421424,22.9418674],[89.0343801,22.9302597],[89.0145945,22.9466955],[88.9896298,22.9454473],[88.9879804,22.9177637],[88.9756364,22.9220755],[88.9625294,22.9187291],[88.9500592,22.9216059],[88.9418682,22.9124653],[88.9299715,22.9195208],[88.9218293,22.913183],[88.9085851,22.9191597],[88.8982244,22.8978228],[88.9053991,22.8859143],[88.9279328,22.872649],[88.9446601,22.8806253],[88.9685326,22.843476],[88.9590443,22.8080782],[88.9356325,22.7819807],[88.9238716,22.7796903],[88.9109837,22.7578611],[88.9211067,22.750255],[88.9158293,22.7358814],[88.925179,22.7280366],[88.9279187,22.7181217],[88.9560806,22.7041255],[88.9623191,22.6951078],[88.9476766,22.6769673],[88.9448591,22.6623224],[88.9286261,22.6514908],[88.9342171,22.6335568],[88.9347482,22.6182311],[88.9565143,22.6205144],[88.9580898,22.6083565],[88.9386085,22.5902428],[88.9416306,22.556952],[88.9615557,22.549832],[88.972623,22.5180388],[88.9739695,22.501994],[88.9805404,22.4858521],[88.9972331,22.4676352],[88.9916757,22.4427392],[89.001579,22.4281849],[88.9905051,22.4239152],[88.9744437,22.4109197],[88.976351,22.4032953],[88.9908717,22.3893994],[88.9831541,22.3771207],[88.9878563,22.36681],[88.9875391,22.3229098],[89.0005065,22.3238541],[89.0237612,22.2995144],[88.9996236,22.2962165],[88.9974764,22.2831985],[89.019334,22.2690652],[89.0148016,22.2556288],[89.0343238,22.2582002],[89.0372783,22.2359785],[89.042843,22.2235685],[89.0765183,22.1905682],[89.0679905,22.1750496],[89.0719068,22.153487],[89.0965131,22.1620646],[89.1020826,22.1483613],[89.0828225,22.1338582],[89.0562686,22.109213],[89.0479021,22.0953692],[89.0557329,22.0646666],[89.067859,22.0538714],[89.0897187,22.0186977],[89.0942304,22.0258964],[89.0918015,22.0393865],[89.0938939,22.0503264],[89.1113347,22.0548667],[89.1187981,22.0697894],[89.1290949,22.0737471],[89.1392364,22.0682393],[89.1480918,22.0779305],[89.14424,22.0850081],[89.1257283,22.1019922],[89.1158023,22.1205204],[89.1168583,22.1282841],[89.1321324,22.1368642],[89.1433518,22.1309646],[89.138034,22.1238968],[89.119234,22.1241993],[89.1307291,22.1022213],[89.1584365,22.079627],[89.1741733,22.0723077],[89.1760419,22.0576074],[89.1549059,22.0379339],[89.1632926,22.0278779],[89.1870277,22.0252494],[89.2018745,22.002732],[89.2095297,22.0051484],[89.2140594,22.0178856],[89.2234053,22.0250986],[89.2453826,22.0592127],[89.2354016,22.0762678],[89.2177143,22.087557],[89.2105495,22.099851],[89.2033091,22.1231106],[89.210316,22.1313486],[89.209865,22.1445709],[89.2263353,22.1577978],[89.2392814,22.159454],[89.2308009,22.1853426],[89.2238465,22.1956767],[89.2490625,22.2272907],[89.25259,22.2249138],[89.2361319,22.2056557],[89.2272779,22.1998692],[89.2467324,22.1624176],[89.2417114,22.1571337],[89.2302032,22.1570502],[89.2135403,22.1447738],[89.226088,22.1370675],[89.2231694,22.1306884],[89.2077255,22.1267954],[89.2166331,22.0999255],[89.2319698,22.1045506],[89.2487625,22.1007358],[89.2644642,22.1125534],[89.2639753,22.1365164],[89.278946,22.1588121],[89.3058685,22.1786049],[89.3116469,22.1874847],[89.3056904,22.2144577],[89.3113342,22.2297626],[89.2928136,22.253362],[89.295335,22.2613087],[89.3096976,22.2727273],[89.3139106,22.2845745],[89.3029962,22.2877734],[89.2808351,22.2881987],[89.2756512,22.309791],[89.2632211,22.3220246],[89.2510215,22.3393979],[89.2675767,22.3424358],[89.2731038,22.3478769],[89.2639206,22.378003],[89.2482439,22.3701684],[89.2401876,22.3747829],[89.2543257,22.3950095],[89.2531376,22.4060039],[89.2430593,22.4215482],[89.2412948,22.4373273],[89.2478852,22.4504269],[89.2588691,22.4555925],[89.2616439,22.4678954],[89.2841066,22.4749559],[89.2815642,22.4804196],[89.2575104,22.4944306],[89.2514487,22.5070735],[89.2486384,22.5279242],[89.2341931,22.5517671],[89.2411779,22.5667992],[89.2556369,22.5703481],[89.2618088,22.5790433],[89.2650901,22.5987883],[89.2621527,22.604415],[89.2432728,22.6101526],[89.2451204,22.6180754],[89.256802,22.6264206],[89.2459336,22.6338422],[89.2506523,22.656491],[89.2594601,22.6582801],[89.2659197,22.6443499],[89.2639456,22.631617],[89.2716374,22.6258064],[89.2807193,22.6356661],[89.3016351,22.6467763],[89.2946104,22.6537665],[89.2633494,22.6676764],[89.2596766,22.6936507],[89.2676212,22.7014218],[89.2883127,22.6955709],[89.2979763,22.6843455],[89.3053434,22.6855656],[89.3090091,22.6982714],[89.304479,22.7039157],[89.3097707,22.717203],[89.3295884,22.7160958],[89.3316518,22.7286306],[89.3106386,22.7501619],[89.3101352,22.762213],[89.2989472,22.7717969],[89.2965837,22.7878325],[89.2897897,22.7948362],[89.2702904,22.7909669],[89.2636675,22.8136714],[89.2551268,22.8093613],[89.2456245,22.8160144],[89.2563582,22.8313371],[89.2467436,22.8356448]]],[[[89.14694,22.0396875],[89.1570201,22.0562827],[89.1735049,22.0622532],[89.1494924,22.0766693],[89.127603,22.0550129],[89.1175026,22.0319685],[89.1269277,22.0278093],[89.1330526,22.00639],[89.1315128,21.9975566],[89.1165329,21.9887572],[89.1208502,21.979002],[89.1078018,21.9750984],[89.1083212,21.9598204],[89.1170957,21.9558396],[89.1169345,21.9510744],[89.1103944,21.9449221],[89.0987023,21.9382393],[89.0911771,21.9472888],[89.0820238,21.9218462],[89.0798021,21.9036666],[89.0984603,21.8774924],[89.1049138,21.8467172],[89.1037746,21.8220196],[89.0990905,21.813724],[89.1395341,21.7966817],[89.1544387,21.7952768],[89.1675568,21.8030761],[89.1717432,21.8221527],[89.1848626,21.8373076],[89.1830708,21.8552739],[89.1876829,21.8818765],[89.2010887,21.9119641],[89.1850577,21.9157098],[89.1540743,21.913689],[89.1393852,21.922391],[89.1312523,21.9491678],[89.1328656,21.9628726],[89.1390664,21.9737017],[89.162539,21.9932371],[89.1624728,22.0023475],[89.1495549,22.0281135],[89.14694,22.0396875]]],[[[89.1676743,22.0216984],[89.170722,21.9942715],[89.1566132,21.9749302],[89.1445626,21.9638953],[89.1405072,21.9478216],[89.1494154,21.9284169],[89.1587015,21.924704],[89.1805696,21.9262963],[89.2044387,21.9229238],[89.2134347,21.9128322],[89.2124581,21.9040791],[89.2033639,21.8904584],[89.1998112,21.8707931],[89.1993671,21.8493741],[89.1938682,21.8300336],[89.2095914,21.8246121],[89.2314841,21.8237115],[89.2481283,21.8180034],[89.2560291,21.8354034],[89.2630647,21.8355679],[89.2737673,21.8556941],[89.2672886,21.8708201],[89.268879,21.8842865],[89.284067,21.9057927],[89.2623672,21.906605],[89.2493029,21.9116136],[89.241197,21.9283082],[89.2130665,21.9331956],[89.2018523,21.9489681],[89.2046311,21.9623288],[89.211538,21.9681738],[89.2415826,21.9827598],[89.2419917,21.9876322],[89.2162661,21.997145],[89.1949109,22.0025814],[89.1853009,22.0219081],[89.1676743,22.0216984]]],[[[89.2480074,22.0950356],[89.2307548,22.100101],[89.2255067,22.0959847],[89.251676,22.0697355],[89.2506664,22.0498182],[89.221017,22.006312],[89.239856,21.9985047],[89.2486676,21.991318],[89.249832,21.9778589],[89.2363495,21.9665329],[89.2174773,21.9594274],[89.2100992,21.9516304],[89.2197307,21.9448573],[89.2385887,21.9411684],[89.253574,21.929019],[89.2614532,21.9162901],[89.2790093,21.91998],[89.2893523,21.9157916],[89.296189,21.9059251],[89.2926453,21.8921417],[89.2781023,21.87592],[89.2846134,21.854101],[89.2960695,21.8572098],[89.3063314,21.8691094],[89.2898746,21.8775488],[89.2907717,21.8825723],[89.3192923,21.9169699],[89.3185891,21.9194051],[89.3062211,21.9236562],[89.2955578,21.9301124],[89.2887477,21.939501],[89.2886633,21.9494323],[89.2912286,21.9525529],[89.2960775,21.9546894],[89.2922432,21.9613882],[89.2930394,21.9645157],[89.2970229,21.9658987],[89.3021703,21.9724606],[89.2998681,21.9823486],[89.2872484,21.9870552],[89.3056074,22.0006056],[89.2920139,22.0334038],[89.282555,22.0446535],[89.277317,22.059983],[89.2814507,22.0720309],[89.2929242,22.0818098],[89.2859855,22.0877167],[89.2613527,22.0807631],[89.2480074,22.0950356]]],[[[89.0835908,21.7966022],[89.0770197,21.8115765],[89.0762714,21.8284475],[89.0834598,21.8573616],[89.0614451,21.8839126],[89.0572386,21.899599],[89.0593043,21.9189301],[89.0372587,21.9201883],[89.033534,21.9149052],[89.0340538,21.8944715],[89.0536326,21.8764104],[89.0605108,21.8545076],[89.0580885,21.8295398],[89.0445432,21.7875371],[89.0673597,21.773565],[89.0920343,21.740095],[89.1028214,21.7333655],[89.1071089,21.7226324],[89.118054,21.7190576],[89.137803,21.7232729],[89.1463295,21.734934],[89.1430364,21.7552823],[89.1346847,21.7569598],[89.1303595,21.7698927],[89.1043161,21.7811313],[89.0835908,21.7966022]]],[[[89.3081668,21.8601771],[89.3230326,21.8789791],[89.3386281,21.8902773],[89.359817,21.9000656],[89.3583696,21.914402],[89.3482011,21.9422811],[89.3370974,21.9609291],[89.3096514,21.9915882],[89.299787,21.992331],[89.302866,21.9716259],[89.2986926,21.9659005],[89.2934109,21.9633881],[89.2982224,21.9558948],[89.2903736,21.9513522],[89.2903758,21.9389372],[89.3004714,21.9282241],[89.3185168,21.9207944],[89.3211479,21.9169806],[89.3196502,21.9141061],[89.2911807,21.8798042],[89.3080557,21.8695977],[89.2980118,21.8550219],[89.2940683,21.83942],[89.2811356,21.8349661],[89.2937981,21.8215289],[89.301726,21.8260637],[89.3009765,21.8380601],[89.3081668,21.8601771]]],[[[89.1907732,21.8250288],[89.1900701,21.7907482],[89.1953442,21.7812606],[89.2089913,21.7707315],[89.2186364,21.7522283],[89.2442637,21.7592315],[89.2755811,21.7598018],[89.284272,21.7668673],[89.2869615,21.7818904],[89.2817902,21.7927993],[89.2578352,21.7945186],[89.2511876,21.8019809],[89.2347983,21.8110087],[89.2311784,21.8213375],[89.1907732,21.8250288]]],[[[89.2632623,21.758152],[89.2305079,21.7524454],[89.2212633,21.7467249],[89.2197432,21.7379932],[89.2365633,21.6959415],[89.2478056,21.6919892],[89.2546742,21.6991913],[89.2775149,21.7031171],[89.2885015,21.7316697],[89.283996,21.750295],[89.2632623,21.758152]]],[[[89.1271416,22.0569248],[89.1361326,22.0663874],[89.1209259,22.0695668],[89.1110655,22.0521912],[89.0931245,22.0385729],[89.0957342,22.0216309],[89.0908121,22.0149672],[89.0955923,21.9785873],[89.0934571,21.961292],[89.0967275,21.9407436],[89.1028855,21.9420708],[89.1155154,21.9520741],[89.1063936,21.9603746],[89.1080179,21.978155],[89.1188259,21.9794861],[89.1158021,21.991167],[89.1294563,21.9970768],[89.131348,22.0087035],[89.127361,22.0261728],[89.1158527,22.0309902],[89.1271416,22.0569248]]],[[[89.2239116,21.6957297],[89.2081669,21.6574693],[89.2314924,21.6528581],[89.2586641,21.6583001],[89.2796094,21.6693282],[89.2912802,21.6817487],[89.2914631,21.6901159],[89.2777541,21.6952559],[89.2589144,21.6969057],[89.24623,21.6891396],[89.2239116,21.6957297]]],[[[89.265066,21.8325351],[89.2428081,21.8093282],[89.2573421,21.7971245],[89.2698148,21.7937934],[89.2805363,21.8004295],[89.265066,21.8325351]]]]}},{"type":"Feature","properties":{"2024":3203225.754975,"2023":3203225.754975,"DistrictID":125,"2020":2638752.092233,"2014":2180467.500665,"2021":2787274.797248,"2022":2972217,"district":"Jessore","2018":2422067.589083,"2013":2143016.37424,"2017":2343118.586702,"2016":2278414.44844,"2015":2224980.948846,"2025":3203225.754975,"2019":2519024.802845,"2012":2111159.342472,"division":"Khulna","UpazilaID":2972},"geometry":{"type":"Polygon","coordinates":[[[89.2467436,22.8356448],[89.2510559,22.8459138],[89.2656172,22.8414278],[89.2670917,22.8510696],[89.2961846,22.8541926],[89.296278,22.8427959],[89.3285949,22.8381258],[89.3285502,22.8273139],[89.3527311,22.8346203],[89.3507934,22.8537709],[89.3573576,22.8630471],[89.3452661,22.8668809],[89.3564366,22.8794421],[89.3412135,22.9205758],[89.3585211,22.9229732],[89.3728929,22.9348681],[89.3924866,22.9325782],[89.4063039,22.9567944],[89.4269835,22.9619076],[89.4301576,22.9950157],[89.4394342,23.0079764],[89.455899,23.0099658],[89.4780147,22.9766759],[89.4852926,22.9493762],[89.5145447,22.9275818],[89.5276512,22.9456575],[89.5448988,22.9515536],[89.5627764,22.970657],[89.5605454,22.983848],[89.552084,22.9772774],[89.5371925,22.9841942],[89.5295418,23.006816],[89.5102917,23.0155877],[89.5010744,23.0331969],[89.4910747,23.0374603],[89.4684899,23.0323992],[89.4573046,23.041391],[89.4540636,23.0539405],[89.4437005,23.0551188],[89.4404936,23.0735469],[89.4436432,23.0910072],[89.4386799,23.1118765],[89.4166341,23.0830679],[89.3853401,23.0850878],[89.3896895,23.1047533],[89.3827466,23.128954],[89.3782231,23.1355709],[89.3951433,23.1430839],[89.4192958,23.1403609],[89.4088291,23.1534329],[89.412081,23.16761],[89.4222591,23.1811469],[89.4225234,23.2031336],[89.4185921,23.230839],[89.4261286,23.2390567],[89.4255749,23.258716],[89.414917,23.2691971],[89.3969222,23.2802784],[89.3732675,23.2901997],[89.3725138,23.2997896],[89.3584633,23.2951169],[89.3485569,23.2848391],[89.3367287,23.3035224],[89.3264252,23.2984648],[89.319063,23.3235564],[89.3077854,23.3184707],[89.3005228,23.330247],[89.288271,23.3358699],[89.2837216,23.3495398],[89.2733601,23.354486],[89.2766194,23.3652516],[89.2580757,23.3705014],[89.2507411,23.3606164],[89.2513509,23.3449438],[89.2427176,23.3383142],[89.2428995,23.3289872],[89.2223888,23.3237054],[89.2037734,23.3102302],[89.2072337,23.3023849],[89.1940479,23.2898505],[89.1704063,23.2901992],[89.1595672,23.282973],[89.1462412,23.2866936],[89.1426437,23.2757831],[89.1305315,23.2740736],[89.106602,23.285975],[89.0947433,23.3012068],[89.0648609,23.312695],[89.0612535,23.3287329],[89.052666,23.3351082],[89.0695399,23.3518757],[89.0668956,23.3597784],[89.051506,23.3573477],[89.0397161,23.3603501],[89.0413459,23.371883],[89.0241245,23.3737156],[89.0202797,23.3692664],[89.0267999,23.3558615],[89.0189829,23.3466303],[88.9786753,23.3412333],[88.9605447,23.3292216],[88.9675154,23.310461],[88.9651499,23.2892142],[88.944407,23.2854146],[88.9211759,23.276951],[88.9145573,23.2623191],[88.9049809,23.2562773],[88.9073984,23.246159],[88.8909075,23.2453305],[88.8903696,23.2311032],[88.9067835,23.2360968],[88.9149238,23.2289573],[88.9185466,23.2146511],[88.9422188,23.2063583],[88.9755448,23.2245695],[88.9874844,23.203044],[88.9814459,23.1926262],[88.961798,23.1932211],[88.9561757,23.1820076],[88.9461752,23.1807039],[88.9352823,23.1724965],[88.9311412,23.1600882],[88.9308158,23.1433256],[88.9207583,23.1432858],[88.917872,23.129218],[88.905898,23.1252187],[88.8997699,23.1121933],[88.8836306,23.1112196],[88.8711493,23.1022888],[88.8745892,23.0899206],[88.8609891,23.0774463],[88.8750276,23.0617253],[88.8742114,23.0468803],[88.881646,23.0406097],[88.87989,23.0264435],[88.8721768,23.0167475],[88.86488,22.9864725],[88.8706202,22.9776348],[88.8595466,22.9722359],[88.8549804,22.9591333],[88.8588952,22.9437545],[88.8682891,22.9513733],[88.8931607,22.95283],[88.8905964,22.9274108],[88.9085851,22.9191597],[88.9218293,22.913183],[88.9299715,22.9195208],[88.9418682,22.9124653],[88.9500592,22.9216059],[88.9625294,22.9187291],[88.9756364,22.9220755],[88.9879804,22.9177637],[88.9896298,22.9454473],[89.0145945,22.9466955],[89.0343801,22.9302597],[89.0421424,22.9418674],[89.0485706,22.9310697],[89.0587197,22.935878],[89.0817983,22.9324814],[89.0968158,22.9230599],[89.1068665,22.9329846],[89.1245321,22.9284418],[89.141597,22.8980438],[89.1375589,22.8905449],[89.1178713,22.9037949],[89.1111579,22.8885704],[89.1287671,22.8707815],[89.1228306,22.8534248],[89.1254255,22.8416822],[89.1367553,22.8277299],[89.1577825,22.8273456],[89.1588801,22.813698],[89.1416352,22.8030761],[89.1479564,22.7952806],[89.1632023,22.8022603],[89.1682725,22.816731],[89.1957937,22.8109959],[89.2144949,22.8213731],[89.2234598,22.821393],[89.2380152,22.8347164],[89.2467436,22.8356448]]]}},{"type":"Feature","properties":{"2024":2602444.548763,"2023":2602444.548763,"DistrictID":126,"2020":2540964.220068,"2014":2423097.362028,"2021":2561264.251861,"2022":2581757,"district":"Rajshahi","2018":2500934.088959,"2013":2404089.97886,"2017":2481199.940787,"2016":2461650.410657,"2015":2442283.532262,"2025":2602444.548763,"2019":2520854.844507,"2012":2385259.483844,"division":"Rajshahi","UpazilaID":2311},"geometry":{"type":"Polygon","coordinates":[[[88.9632911,24.5836009],[88.9546732,24.5791422],[88.944946,24.5876784],[88.9335524,24.5886581],[88.9265702,24.5980353],[88.9241095,24.6178269],[88.9107407,24.6333818],[88.9095755,24.643229],[88.8748287,24.6372386],[88.8600545,24.6567696],[88.8328946,24.6585094],[88.8226578,24.6528742],[88.8108902,24.6580586],[88.8140763,24.6745856],[88.8022054,24.6855105],[88.7680524,24.6675395],[88.7567811,24.6705231],[88.7426656,24.6834649],[88.7353456,24.6637748],[88.7200451,24.6678662],[88.7028224,24.6632452],[88.7045209,24.6284935],[88.6826719,24.6370041],[88.6396308,24.617299],[88.6313463,24.6259293],[88.6236098,24.6452808],[88.6301467,24.6521694],[88.6257274,24.6748048],[88.6245294,24.6954693],[88.6099673,24.7039151],[88.5935224,24.6984349],[88.5894489,24.6844514],[88.5783402,24.6762351],[88.5711826,24.6808767],[88.5760197,24.6962974],[88.5679667,24.7048791],[88.5477123,24.7005929],[88.5266703,24.709173],[88.5186094,24.7080964],[88.5055698,24.7186309],[88.4878741,24.7065171],[88.4897321,24.6903251],[88.4748177,24.6841901],[88.4599228,24.6848518],[88.455379,24.6781143],[88.4725846,24.6688009],[88.4805115,24.6788217],[88.4885388,24.6760849],[88.4863157,24.6592987],[88.4487288,24.6618589],[88.4347482,24.66632],[88.4334168,24.6505126],[88.4268069,24.6334853],[88.410271,24.6089953],[88.3912959,24.6001069],[88.3749959,24.6034933],[88.3549334,24.5948403],[88.3449547,24.585985],[88.3315904,24.5862422],[88.3184105,24.5693403],[88.305711,24.5701004],[88.3017875,24.5583963],[88.3103931,24.5363683],[88.3099059,24.5058725],[88.3040035,24.4937744],[88.3153772,24.4611618],[88.3308903,24.4476297],[88.3204347,24.437321],[88.2916867,24.4163618],[88.3282703,24.3849774],[88.3570245,24.3736607],[88.3893877,24.3719144],[88.4123061,24.3769223],[88.4303395,24.3837734],[88.4463288,24.3786684],[88.4835342,24.3571394],[88.4959423,24.3544863],[88.5078611,24.3425562],[88.5271099,24.3444666],[88.5550521,24.2934092],[88.567581,24.3267094],[88.5870876,24.3242021],[88.5880444,24.3119775],[88.623669,24.3156032],[88.6285037,24.3051895],[88.6588987,24.3145176],[88.6965222,24.3154283],[88.7062842,24.3118816],[88.7247405,24.297878],[88.7354047,24.2765653],[88.7408963,24.2540251],[88.7353653,24.225708],[88.7334243,24.1938755],[88.7382234,24.1935899],[88.7572152,24.1618184],[88.784546,24.1349845],[88.8070898,24.1240712],[88.8194985,24.121131],[88.8437199,24.1258792],[88.8607085,24.1118253],[88.8717377,24.1303875],[88.882783,24.1303937],[88.895368,24.1581434],[88.8759205,24.1649897],[88.8690942,24.1748067],[88.876071,24.2010763],[88.8719033,24.2267702],[88.8987223,24.2304926],[88.8975852,24.2378796],[88.9153323,24.2405888],[88.9176296,24.2509649],[88.9071055,24.2576414],[88.9000228,24.2710555],[88.9026769,24.2902829],[88.8857595,24.2944506],[88.8660676,24.3109204],[88.8611823,24.3040905],[88.846873,24.3192067],[88.8505713,24.3300372],[88.8467188,24.3386318],[88.8617397,24.3627857],[88.8723267,24.3605236],[88.8922377,24.3651587],[88.8963806,24.3784162],[88.8900256,24.383265],[88.9024563,24.4079577],[88.8971604,24.44001],[88.9026716,24.4465195],[88.8931541,24.455833],[88.9000657,24.4642442],[88.8925772,24.4751229],[88.9031006,24.4866139],[88.923877,24.5170857],[88.8990659,24.5114149],[88.8936989,24.5203549],[88.8965653,24.5348667],[88.9236298,24.5441624],[88.9356196,24.5361791],[88.9471656,24.5451233],[88.9625055,24.5493646],[88.9632911,24.5836009]]]}},{"type":"Feature","properties":{"2024":700876.80351,"2023":700876.80351,"DistrictID":127,"2020":689216.075611,"2014":666476.933679,"2021":693081.131988,"2022":696968,"district":"Meherpur","2018":681550.905841,"2013":662761.149262,"2017":677750.548227,"2016":673971.513802,"2015":670213.682187,"2025":700876.80351,"2019":685372.707715,"2012":659066.210593,"division":"Khulna","UpazilaID":755},"geometry":{"type":"Polygon","coordinates":[[[88.7344778,23.9629853],[88.74016,23.9373043],[88.732835,23.9228453],[88.7354085,23.9147466],[88.7076103,23.9163713],[88.6995026,23.9110647],[88.7002719,23.8989719],[88.6883741,23.9015722],[88.6841857,23.8902712],[88.6642395,23.8824985],[88.6675405,23.8695954],[88.6421511,23.8688044],[88.630059,23.8657237],[88.6239205,23.8762061],[88.612547,23.8755305],[88.6058528,23.8634346],[88.5874432,23.8715732],[88.5824557,23.8626189],[88.5902121,23.853947],[88.5862424,23.8333342],[88.5988538,23.8223866],[88.6010167,23.8144496],[88.5930471,23.7999803],[88.5727609,23.7835113],[88.5805479,23.7651968],[88.5724528,23.7477052],[88.5742729,23.739788],[88.5651367,23.713823],[88.5675263,23.6862525],[88.5728866,23.6851399],[88.5738242,23.6667522],[88.5581902,23.6492475],[88.5621588,23.6371845],[88.5937132,23.6409139],[88.5927244,23.6219065],[88.5852736,23.6165604],[88.5800317,23.603061],[88.6014551,23.60698],[88.6210003,23.6027553],[88.6380672,23.610411],[88.6439235,23.6187102],[88.6426998,23.6307611],[88.6536573,23.646736],[88.680183,23.6482335],[88.6873303,23.6597],[88.7379838,23.6840265],[88.7465151,23.6948785],[88.7737788,23.6997666],[88.784114,23.7173881],[88.7789418,23.7223056],[88.7799221,23.7363727],[88.7865256,23.7424412],[88.7888855,23.7661708],[88.8188495,23.7725679],[88.8248357,23.7966058],[88.8337774,23.8158218],[88.8442479,23.821272],[88.8507753,23.8326912],[88.8589647,23.8326561],[88.8646227,23.8538425],[88.8820527,23.866453],[88.881413,23.8781129],[88.866944,23.87777],[88.8535692,23.8704584],[88.8379072,23.8789319],[88.8399782,23.8838905],[88.8587214,23.8826691],[88.8744777,23.8923702],[88.8731821,23.9092611],[88.8644805,23.9223929],[88.8427124,23.9376587],[88.8269345,23.9378827],[88.8156863,23.9277053],[88.8106669,23.9458744],[88.8095354,23.9670464],[88.8000655,23.9763401],[88.7907688,23.9754543],[88.7809004,23.9625629],[88.7679465,23.9570042],[88.7582953,23.9698723],[88.7344778,23.9629853]]]}},{"type":"Feature","properties":{"2024":2100059.765373,"2023":2100059.765373,"DistrictID":128,"2020":2029110.60877,"2014":1896333.788095,"2021":2052410.10942,"2022":2076058,"district":"Nilphamari","2018":1983535.286177,"2013":1875326.809674,"2017":1961248.938327,"2016":1939289.925601,"2015":1917653.197993,"2025":2100059.765373,"2019":2006154.103164,"2012":1854627.456301,"division":"Rangpur","UpazilaID":1964},"geometry":{"type":"Polygon","coordinates":[[[89.141843,25.9641742],[89.1122294,25.993605],[89.1061477,26.0139883],[89.0949144,26.0325422],[89.0961929,26.045427],[89.0906667,26.0607752],[89.0992935,26.0758876],[89.0890998,26.0890682],[89.0906391,26.115479],[89.1015895,26.1213873],[89.0982033,26.1451899],[89.0720535,26.1707915],[89.057017,26.1679117],[89.0351862,26.1806181],[89.0229344,26.1925071],[89.0321676,26.2021441],[89.0359367,26.2211007],[89.0223747,26.2276465],[89.0189164,26.2422296],[89.0158422,26.2447204],[88.9796308,26.2449274],[88.9653799,26.2388444],[88.9530858,26.2420879],[88.926221,26.2838929],[88.918074,26.2880286],[88.8757911,26.28665],[88.861335,26.2727342],[88.8614016,26.2521152],[88.8680062,26.2490807],[88.877645,26.2334828],[88.8542241,26.2351551],[88.83847,26.2321966],[88.827577,26.2397274],[88.82318,26.2534375],[88.8128207,26.2569343],[88.8102964,26.2743463],[88.8190672,26.2945907],[88.7934704,26.3100738],[88.7818034,26.3031002],[88.7640324,26.2989813],[88.7592569,26.3041432],[88.766344,26.2846095],[88.7581387,26.2615357],[88.7629195,26.2361211],[88.773232,26.2394964],[88.7900642,26.2303917],[88.7960089,26.2198237],[88.7978273,26.2033789],[88.7938747,26.1893241],[88.782066,26.1814742],[88.7789625,26.1660476],[88.7860789,26.1475927],[88.7835508,26.1325778],[88.7890019,26.1231641],[88.774528,26.1061494],[88.7672343,26.087787],[88.7785588,26.0640558],[88.7746048,26.0548131],[88.7618418,26.0415541],[88.7587604,26.0245258],[88.7439177,26.0240657],[88.7349548,26.0146825],[88.737794,25.9969938],[88.7479641,25.974891],[88.7439378,25.9665413],[88.7513104,25.9469148],[88.7595495,25.93895],[88.7785762,25.9348592],[88.801223,25.9224425],[88.8031969,25.8968107],[88.8134802,25.8830811],[88.8201612,25.8622754],[88.8260933,25.8561528],[88.8226724,25.8390593],[88.827346,25.8328124],[88.8278224,25.8129627],[88.842603,25.8123543],[88.8478476,25.7919751],[88.8587083,25.7763264],[88.8670041,25.7711312],[88.885713,25.7723242],[88.898008,25.735103],[88.9265636,25.736749],[88.9410692,25.7343293],[88.9519521,25.742474],[88.9513494,25.75321],[88.9438936,25.7605674],[88.9453829,25.774766],[88.9618322,25.7843272],[88.9517892,25.8031207],[88.9566859,25.813829],[88.9733499,25.807279],[88.985718,25.8074008],[89.0084949,25.8159885],[89.0331284,25.8185371],[89.0452645,25.8161884],[89.0620078,25.8340977],[89.0912714,25.8290529],[89.0872991,25.8432578],[89.1003941,25.8512583],[89.0961133,25.8613977],[89.1025697,25.8752234],[89.1151482,25.8817753],[89.0978728,25.9057497],[89.1032102,25.9113319],[89.1027342,25.9451415],[89.1174621,25.9662726],[89.1253586,25.960522],[89.141843,25.9641742]]]}},{"type":"Feature","properties":{"2024":1141691.049606,"2023":1141691.049606,"DistrictID":129,"2020":1101020.857798,"2014":1024050.708087,"2021":1114410.966959,"2022":1127967,"district":"Panchagarh","2018":1074730.172431,"2013":1011765.653061,"2017":1061825.541908,"2016":1049078.725959,"2015":1036487.760954,"2025":1141691.049606,"2019":1087794.606309,"2012":999630.705771,"division":"Rangpur","UpazilaID":801},"geometry":{"type":"Polygon","coordinates":[[[88.7592569,26.3041432],[88.7466276,26.3111116],[88.7372598,26.2935077],[88.7197463,26.293098],[88.7219468,26.2829266],[88.6957911,26.2795384],[88.6900301,26.2667326],[88.6780557,26.2642496],[88.667605,26.2720425],[88.6664334,26.2851207],[88.6706241,26.2982888],[88.691866,26.3225652],[88.6932059,26.3140823],[88.7305797,26.3237502],[88.7464521,26.3224746],[88.7439203,26.348832],[88.729582,26.3481294],[88.7123566,26.3378319],[88.6950575,26.3442441],[88.6979216,26.3516119],[88.6891449,26.3637595],[88.6781245,26.393526],[88.6817036,26.4080361],[88.6677415,26.4073069],[88.6603945,26.4164083],[88.6504905,26.415622],[88.6497606,26.429687],[88.6304301,26.4347354],[88.6228512,26.4711574],[88.5958485,26.4692763],[88.5945901,26.4523099],[88.5629705,26.4576405],[88.552267,26.4771645],[88.5564602,26.4848729],[88.5301306,26.4813058],[88.513731,26.5106768],[88.5080402,26.516284],[88.4893838,26.5142428],[88.4843135,26.5398926],[88.4739037,26.5444972],[88.4573582,26.5449435],[88.4481672,26.5353774],[88.4312388,26.550157],[88.4211204,26.5710953],[88.4225279,26.5828633],[88.416911,26.6121882],[88.41513,26.6332612],[88.3983611,26.6259357],[88.3796341,26.5982519],[88.3706365,26.5767922],[88.3704114,26.5596541],[88.3570644,26.5413649],[88.3593751,26.5302863],[88.3459291,26.5053434],[88.3320627,26.4932009],[88.3337199,26.4788082],[88.340681,26.4784367],[88.3509755,26.4542648],[88.3609738,26.4614632],[88.3606673,26.4848506],[88.3755727,26.48408],[88.3876833,26.4789394],[88.4012361,26.4832263],[88.4153051,26.469315],[88.4283857,26.4730225],[88.4370692,26.4660831],[88.4581456,26.4667321],[88.4809164,26.460865],[88.4865887,26.4453961],[88.4961616,26.4371952],[88.4981726,26.4242766],[88.5071159,26.4069632],[88.5048203,26.3989785],[88.5156353,26.3855979],[88.5128162,26.3782446],[88.5221675,26.367233],[88.5185188,26.3518545],[88.4883158,26.3603637],[88.4800067,26.3532518],[88.4631551,26.3573599],[88.4572976,26.3645067],[88.4464556,26.3650332],[88.4355452,26.3358648],[88.4126833,26.3369748],[88.406981,26.3237492],[88.3794282,26.3096261],[88.3494366,26.2814482],[88.3495853,26.2518223],[88.3592213,26.2429396],[88.3478148,26.2219847],[88.3230583,26.2103437],[88.3213947,26.2043744],[88.3351421,26.1872499],[88.3689235,26.180108],[88.3836933,26.1821451],[88.3853922,26.2008177],[88.4046374,26.1948396],[88.4282015,26.202267],[88.4362096,26.1978151],[88.4514717,26.1983786],[88.4660917,26.1939232],[88.4689555,26.200474],[88.4987315,26.2034821],[88.5164775,26.2008846],[88.5221609,26.1802541],[88.5424976,26.1855871],[88.5563472,26.1797355],[88.5595029,26.1656311],[88.5708431,26.1519454],[88.5859534,26.1437503],[88.5982711,26.1438578],[88.6225989,26.1291074],[88.6378873,26.1071771],[88.646531,26.082674],[88.6363597,26.078871],[88.6355602,26.0675036],[88.6267572,26.0559311],[88.6298709,26.0493582],[88.6452101,26.0435691],[88.6633887,26.0172588],[88.6734643,26.0128109],[88.7000712,26.0152403],[88.7004531,26.0076632],[88.7176178,26.0074288],[88.7257217,26.016253],[88.7349548,26.0146825],[88.7439177,26.0240657],[88.7587604,26.0245258],[88.7618418,26.0415541],[88.7746048,26.0548131],[88.7785588,26.0640558],[88.7672343,26.087787],[88.774528,26.1061494],[88.7890019,26.1231641],[88.7835508,26.1325778],[88.7860789,26.1475927],[88.7789625,26.1660476],[88.782066,26.1814742],[88.7938747,26.1893241],[88.7978273,26.2033789],[88.7960089,26.2198237],[88.7900642,26.2303917],[88.773232,26.2394964],[88.7629195,26.2361211],[88.7581387,26.2615357],[88.766344,26.2846095],[88.7592569,26.3041432]]]}},{"type":"Feature","properties":{"2024":3280878.025685,"2023":3280878.025685,"DistrictID":130,"2020":3205486.997657,"2014":3060158.420393,"2021":3230411.254524,"2022":3255541,"district":"Dinajpur","2018":3156247.864626,"2013":3036623.767762,"2017":3131929.486081,"2016":3107809.59107,"2015":3083886.467899,"2025":3280878.025685,"2019":3180766.454086,"2012":3013280.844454,"division":"Rangpur","UpazilaID":2434},"geometry":{"type":"Polygon","coordinates":[[[88.427114,25.6697031],[88.4540761,25.6642597],[88.4549179,25.6308737],[88.4450604,25.6138482],[88.4443091,25.5970291],[88.4570486,25.5989782],[88.4647136,25.5877617],[88.4998955,25.5840542],[88.4977994,25.5700899],[88.5002739,25.5508632],[88.5098439,25.5458636],[88.5330765,25.5421994],[88.547957,25.5182488],[88.5776489,25.5084247],[88.596325,25.5061764],[88.6027427,25.5159671],[88.6196547,25.5038802],[88.6224412,25.4970247],[88.644687,25.4987459],[88.6463472,25.4785276],[88.6602336,25.481838],[88.6629695,25.4737687],[88.6844858,25.4757117],[88.695807,25.4734289],[88.7103292,25.4807088],[88.7075074,25.4999452],[88.7211574,25.4998072],[88.7421317,25.5051201],[88.7485715,25.4937022],[88.7608692,25.493378],[88.7689347,25.4990398],[88.7591328,25.5097065],[88.7633103,25.5254324],[88.7806131,25.5154458],[88.8048872,25.5233056],[88.8137434,25.4879926],[88.8296476,25.4903547],[88.8372737,25.4728575],[88.8372817,25.4522546],[88.8285345,25.4488764],[88.8328758,25.4362097],[88.8299459,25.4170493],[88.819778,25.4154828],[88.8236908,25.4011321],[88.8371421,25.40189],[88.8377879,25.3681394],[88.8556242,25.3542982],[88.8688784,25.352308],[88.8667173,25.3428142],[88.8756552,25.3374038],[88.906389,25.3379287],[88.9060429,25.3279748],[88.9150544,25.312599],[88.9289463,25.312469],[88.939169,25.3007698],[88.9499058,25.3038735],[88.9830674,25.3017863],[88.992526,25.2962993],[89.0093265,25.2974934],[89.0078332,25.2676578],[89.0214439,25.2677678],[89.0288626,25.2765906],[89.0509514,25.2654817],[89.0644725,25.2626338],[89.0701025,25.2697823],[89.0905076,25.250642],[89.0959462,25.2411023],[89.1167134,25.2463983],[89.1402306,25.2467267],[89.1388261,25.2549783],[89.1593058,25.2528856],[89.1675086,25.2404144],[89.2046099,25.2284573],[89.2150705,25.2360219],[89.2349964,25.2306874],[89.2459161,25.2237201],[89.2803091,25.2291998],[89.2991814,25.222508],[89.2857811,25.2581654],[89.2732484,25.264583],[89.2645271,25.2897497],[89.2692327,25.3005757],[89.2806563,25.3013452],[89.260977,25.3144671],[89.2378189,25.3191375],[89.2352192,25.3330419],[89.2270752,25.3440423],[89.2346277,25.351355],[89.2318023,25.3610348],[89.2215151,25.3656132],[89.2171251,25.3757359],[89.2048876,25.3888532],[89.1764978,25.397932],[89.1708108,25.405312],[89.1601737,25.4027949],[89.1486578,25.4166084],[89.1485062,25.4339463],[89.1376983,25.4458349],[89.1249138,25.4518196],[89.1230916,25.4655748],[89.1063306,25.4717518],[89.1039003,25.4998114],[89.1066963,25.5067758],[89.1019232,25.5277127],[89.1049235,25.5339024],[89.095021,25.5504378],[89.1043354,25.5676719],[89.0964007,25.5683247],[89.0605463,25.5883023],[89.0469507,25.5838581],[89.0445888,25.5984639],[89.0383142,25.6039817],[89.016007,25.6025081],[89.0097272,25.6194633],[89.0001658,25.6205845],[89.002282,25.6345022],[88.9948602,25.643548],[89.0011924,25.6490717],[88.9915995,25.6607193],[88.9795816,25.6568564],[88.9781257,25.6687775],[88.9389834,25.6856675],[88.9380523,25.6993977],[88.9319824,25.7061999],[88.9308498,25.7209206],[88.9462613,25.7270729],[88.9410692,25.7343293],[88.9265636,25.736749],[88.898008,25.735103],[88.885713,25.7723242],[88.8670041,25.7711312],[88.8587083,25.7763264],[88.8478476,25.7919751],[88.842603,25.8123543],[88.8278224,25.8129627],[88.827346,25.8328124],[88.8226724,25.8390593],[88.8260933,25.8561528],[88.8201612,25.8622754],[88.8134802,25.8830811],[88.8031969,25.8968107],[88.801223,25.9224425],[88.7785762,25.9348592],[88.7595495,25.93895],[88.7513104,25.9469148],[88.7439378,25.9665413],[88.7479641,25.974891],[88.737794,25.9969938],[88.7349548,26.0146825],[88.7257217,26.016253],[88.7176178,26.0074288],[88.7004531,26.0076632],[88.7000712,26.0152403],[88.6734643,26.0128109],[88.6633887,26.0172588],[88.6452101,26.0435691],[88.6298709,26.0493582],[88.6267572,26.0559311],[88.6147094,26.0584359],[88.6077839,26.0497304],[88.6091071,26.0367205],[88.5875699,26.019806],[88.5684974,26.0252197],[88.5462239,26.0193813],[88.5406785,25.995507],[88.5305537,25.9915219],[88.5297194,25.9769561],[88.5381542,25.9624397],[88.536286,25.9513122],[88.5235696,25.951634],[88.5119027,25.9413314],[88.5085127,25.9127344],[88.4974689,25.9048042],[88.4812394,25.9040821],[88.4782883,25.8908194],[88.4837329,25.8842036],[88.4846691,25.8661244],[88.4592743,25.8608566],[88.4446941,25.8618781],[88.4379118,25.8719449],[88.4084627,25.8684493],[88.4037943,25.864797],[88.3996422,25.8431311],[88.3862716,25.8397557],[88.3857923,25.8228349],[88.3905846,25.810109],[88.383858,25.7868664],[88.3872734,25.7825557],[88.3866507,25.7626816],[88.4004077,25.7313047],[88.4214634,25.7323915],[88.4233544,25.7237501],[88.4355222,25.709185],[88.4381205,25.6884667],[88.4262491,25.6776926],[88.427114,25.6697031]]]}},{"type":"Feature","properties":{"2024":1375879.186087,"2023":1375879.186087,"DistrictID":131,"2020":1354125.984288,"2014":1312635.683442,"2021":1361301.116752,"2022":1368552,"district":"Lalmonirhat","2018":1340000.789171,"2013":1305975.775495,"2017":1333049.647941,"2016":1326172.100268,"2015":1319367.619383,"2025":1375879.186087,"2019":1347026.0557,"2012":1299387.383444,"division":"Rangpur","UpazilaID":1254},"geometry":{"type":"MultiPolygon","coordinates":[[[[88.9181219,26.3256573],[88.9307107,26.3074182],[88.9236491,26.2960632],[88.941795,26.2868396],[88.9544589,26.2747209],[88.9815143,26.2830555],[88.9848067,26.2966813],[88.9608353,26.2950372],[88.938401,26.3350246],[88.9277985,26.335486],[88.9181219,26.3256573]]],[[[89.4812441,25.9975446],[89.4598523,25.9998439],[89.4452066,26.0085522],[89.4274158,26.0132417],[89.4338983,26.0305339],[89.4258284,26.0443298],[89.4073944,26.0416129],[89.4031311,26.0276686],[89.3935146,26.0229865],[89.3858356,26.0108663],[89.3571071,26.0079924],[89.340987,26.0155045],[89.3366142,26.0265272],[89.3229165,26.0377254],[89.3061517,26.0466085],[89.2787711,26.0486387],[89.2810043,26.0586075],[89.2543517,26.0642143],[89.2546537,26.0747603],[89.261348,26.0858797],[89.2516059,26.098596],[89.2267974,26.1231888],[89.2028429,26.1293583],[89.1877232,26.1276893],[89.1605018,26.1352449],[89.1509292,26.1487642],[89.1491061,26.1701344],[89.1409634,26.1693949],[89.1354846,26.1873884],[89.1489769,26.2103495],[89.1420747,26.2146423],[89.1408793,26.2358746],[89.1197867,26.2527289],[89.1251596,26.2635626],[89.1049137,26.2755673],[89.1036522,26.297037],[89.1090376,26.3045667],[89.1197361,26.2875545],[89.1253657,26.2912344],[89.1362449,26.3202169],[89.1154381,26.3200137],[89.0935595,26.3259089],[89.1001668,26.3365523],[89.0963772,26.35728],[89.088358,26.3657887],[89.0917636,26.3825895],[89.0872691,26.3977636],[89.0672188,26.4001089],[89.0377627,26.399765],[89.0058813,26.4215242],[88.9829497,26.4211455],[88.9749825,26.4499524],[88.9572522,26.4548649],[88.9490221,26.4432475],[88.9511423,26.433716],[88.9380682,26.4282193],[88.9280965,26.4330359],[88.9229546,26.423423],[88.9265056,26.4068921],[88.9146185,26.4085951],[88.9187725,26.3950435],[88.9120891,26.3825886],[88.9118848,26.366198],[88.9289252,26.3638532],[88.9368534,26.3567787],[88.9508405,26.3544391],[88.9524247,26.334713],[88.9594178,26.3359893],[88.9659033,26.3496473],[88.9872007,26.3480574],[88.9868619,26.3321222],[89.0009014,26.3298577],[88.9933154,26.3150427],[88.9850016,26.3181542],[88.9848682,26.3006433],[88.9999738,26.2907657],[89.0076344,26.3042224],[89.016834,26.2894941],[89.0446085,26.2794266],[89.0463505,26.2957342],[89.0574718,26.2860355],[89.0625116,26.2595689],[89.0519432,26.2561067],[89.0459853,26.2407645],[89.0329693,26.2467955],[89.0189164,26.2422296],[89.0223747,26.2276465],[89.0359367,26.2211007],[89.0321676,26.2021441],[89.0229344,26.1925071],[89.0351862,26.1806181],[89.057017,26.1679117],[89.0720535,26.1707915],[89.0982033,26.1451899],[89.1015895,26.1213873],[89.0906391,26.115479],[89.0890998,26.0890682],[89.0992935,26.0758876],[89.0906667,26.0607752],[89.0961929,26.045427],[89.0949144,26.0325422],[89.1061477,26.0139883],[89.1122294,25.993605],[89.141843,25.9641742],[89.1532549,25.9549463],[89.18034,25.9524283],[89.1920508,25.9426131],[89.2015114,25.9444709],[89.2119019,25.9272753],[89.2351721,25.9045462],[89.2589072,25.8975389],[89.264724,25.8902889],[89.2819153,25.8960869],[89.2913634,25.8899796],[89.2957766,25.8765114],[89.3162865,25.8579378],[89.3278694,25.8567367],[89.3350495,25.8495516],[89.334552,25.8372559],[89.3486394,25.8238603],[89.3704786,25.8121365],[89.3762713,25.8042705],[89.3921168,25.7961239],[89.424395,25.7938126],[89.4293922,25.7884945],[89.4591874,25.7863751],[89.4628212,25.8229214],[89.47471,25.8267168],[89.4881474,25.8199048],[89.48862,25.8132412],[89.5070187,25.8051502],[89.5320065,25.815326],[89.5357482,25.8239154],[89.5321737,25.8528212],[89.5326984,25.8684852],[89.5524219,25.8617541],[89.553618,25.8748715],[89.5710658,25.8854214],[89.5463123,25.8886346],[89.5432,25.8976807],[89.5334035,25.9001965],[89.5294105,25.9153984],[89.5190923,25.9157895],[89.5175172,25.926352],[89.5097536,25.9334177],[89.5106396,25.9453451],[89.4973278,25.9534427],[89.4948574,25.9646034],[89.4821204,25.9617501],[89.4729825,25.974865],[89.4812441,25.9975446]]]]}},{"type":"Feature","properties":{"2024":1868069.860687,"2023":1868069.860687,"DistrictID":132,"2020":1786942.43772,"2014":1642135.37151,"2021":1813287.392926,"2022":1840322,"district":"Natore","2018":1736231.227427,"2013":1620023.722472,"2017":1711821.831131,"2016":1688015.747308,"2015":1664793.265488,"2025":1868069.860687,"2019":1761264.368956,"2012":1598440.622607,"division":"Rajshahi","UpazilaID":2553},"geometry":{"type":"Polygon","coordinates":[[[88.9632911,24.5836009],[88.9625055,24.5493646],[88.9471656,24.5451233],[88.9356196,24.5361791],[88.9236298,24.5441624],[88.8965653,24.5348667],[88.8936989,24.5203549],[88.8990659,24.5114149],[88.923877,24.5170857],[88.9031006,24.4866139],[88.8925772,24.4751229],[88.9000657,24.4642442],[88.8931541,24.455833],[88.9026716,24.4465195],[88.8971604,24.44001],[88.9024563,24.4079577],[88.8900256,24.383265],[88.8963806,24.3784162],[88.8922377,24.3651587],[88.8723267,24.3605236],[88.8617397,24.3627857],[88.8467188,24.3386318],[88.8505713,24.3300372],[88.846873,24.3192067],[88.8611823,24.3040905],[88.8660676,24.3109204],[88.8857595,24.2944506],[88.9026769,24.2902829],[88.9000228,24.2710555],[88.9071055,24.2576414],[88.9176296,24.2509649],[88.9153323,24.2405888],[88.8975852,24.2378796],[88.8987223,24.2304926],[88.8719033,24.2267702],[88.876071,24.2010763],[88.8690942,24.1748067],[88.8759205,24.1649897],[88.895368,24.1581434],[88.882783,24.1303937],[88.8717377,24.1303875],[88.8607085,24.1118253],[88.8811267,24.1152274],[88.8851433,24.1018072],[88.9113983,24.1128937],[88.9384574,24.1317414],[88.9499115,24.1251042],[88.9893299,24.1217887],[89.0066777,24.1181167],[89.0121325,24.1439737],[88.9980921,24.156846],[89.0322631,24.1661893],[89.0338791,24.1475222],[89.0411014,24.1404335],[89.0519041,24.1411479],[89.056042,24.1508986],[89.0675162,24.1500017],[89.0814326,24.1560017],[89.0953915,24.1568245],[89.1098417,24.165241],[89.1570525,24.1708632],[89.1631127,24.1862625],[89.1750277,24.2006689],[89.1927402,24.1989332],[89.2010453,24.2077698],[89.2152657,24.2117402],[89.2316776,24.2449832],[89.2332928,24.2572426],[89.2416616,24.2756434],[89.254932,24.2734551],[89.2683649,24.2956984],[89.2766832,24.3047105],[89.2859452,24.3046346],[89.2864459,24.3236901],[89.3028587,24.3375716],[89.3174331,24.3413453],[89.3186407,24.3530658],[89.2940067,24.364597],[89.2886741,24.3753883],[89.2835428,24.4029467],[89.2852891,24.4202874],[89.2661556,24.4275118],[89.2598206,24.4230849],[89.2484157,24.4330569],[89.275438,24.4486814],[89.2839065,24.4621593],[89.2832549,24.4799344],[89.316421,24.5148565],[89.3216241,24.5299877],[89.3303494,24.5348619],[89.339034,24.5594648],[89.3273471,24.5758415],[89.3292811,24.5973581],[89.3079396,24.5982369],[89.3071,24.6138163],[89.2857795,24.6266837],[89.2581606,24.6257028],[89.2527826,24.6188515],[89.254379,24.6061921],[89.2435586,24.6020639],[89.2313556,24.5832451],[89.2246371,24.5801756],[89.2167525,24.5925994],[89.2160719,24.6130609],[89.2048767,24.6104215],[89.2005963,24.6270696],[89.2040706,24.6409049],[89.1925617,24.6410857],[89.188592,24.6515764],[89.1711357,24.6352294],[89.1726692,24.6230522],[89.1535468,24.6189812],[89.1462232,24.6233729],[89.1357099,24.6440005],[89.1364404,24.656],[89.1455276,24.6587324],[89.1442245,24.6708038],[89.1561658,24.6680842],[89.1668287,24.6717183],[89.1618919,24.6859732],[89.1418445,24.6787566],[89.1379556,24.6840129],[89.1332062,24.6706707],[89.136126,24.6563159],[89.1154049,24.6387014],[89.0979988,24.6379173],[89.0991721,24.606897],[89.0951118,24.5947617],[89.1044846,24.5867666],[89.1039155,24.5624627],[89.0970922,24.5523835],[89.0982341,24.5415972],[89.0847695,24.5445787],[89.0790938,24.5333203],[89.0496574,24.5358995],[89.0353799,24.5451496],[89.028753,24.5568116],[89.0154241,24.5495868],[89.0046307,24.5556586],[89.0094922,24.565603],[88.9732053,24.5843907],[88.9632911,24.5836009]]]}},{"type":"Feature","properties":{"2024":6394316.201981,"2023":6394316.201981,"DistrictID":133,"2020":6019549.540782,"2014":5419936.61927,"2021":6137977.69446,"2022":6262743,"district":"Cumilla","2018":5800000.758962,"2013":5335405.781958,"2017":5698109.184312,"2016":5601007.732662,"2015":5508380.757178,"2025":6394316.201981,"2019":5907024.186913,"2012":5254539.057982,"division":"Chittagong","UpazilaID":5672},"geometry":{"type":"Polygon","coordinates":[[[91.1564307,23.6692993],[91.1323076,23.6650266],[91.1242625,23.6742116],[91.1051469,23.7093335],[91.087513,23.7153572],[91.0851052,23.7213248],[91.0667232,23.7330899],[91.0583445,23.7459408],[91.0534415,23.7676947],[91.0353683,23.7952985],[90.9951396,23.7856458],[90.9861983,23.7856292],[90.9463093,23.776032],[90.9132468,23.7651168],[90.8997665,23.7646805],[90.8848009,23.7529284],[90.88732,23.7367733],[90.8833653,23.7266548],[90.873424,23.7198063],[90.8501129,23.7273407],[90.8336768,23.7239179],[90.8263109,23.7342071],[90.8173516,23.7334379],[90.8003937,23.7464673],[90.7810401,23.7289988],[90.7758174,23.706884],[90.7864495,23.6973946],[90.7820267,23.6844575],[90.7700558,23.6847326],[90.7646074,23.6984654],[90.7411442,23.6926205],[90.7332305,23.6679431],[90.7215728,23.6617306],[90.6983097,23.6659073],[90.6748527,23.6801164],[90.6644823,23.6732667],[90.6436399,23.6750483],[90.6378707,23.6691723],[90.6380904,23.6497873],[90.6299502,23.6208192],[90.6431043,23.6173787],[90.6530537,23.6204042],[90.6657953,23.5969409],[90.6665536,23.5889174],[90.6465337,23.5883223],[90.6469654,23.5760624],[90.6673875,23.5717652],[90.6876238,23.5566493],[90.6898103,23.5462557],[90.7005472,23.5251559],[90.7110802,23.5150409],[90.70091,23.4983775],[90.6877545,23.4924753],[90.6982212,23.4701704],[90.7095943,23.4547395],[90.7107859,23.4352193],[90.7330532,23.4237235],[90.7613035,23.4223938],[90.7697057,23.4413716],[90.7777799,23.4456129],[90.7944116,23.4336657],[90.8047606,23.4479713],[90.8176773,23.4480081],[90.8177021,23.4629622],[90.8332164,23.4639335],[90.8483862,23.4707061],[90.8639302,23.4523749],[90.8741413,23.4528465],[90.8819479,23.4423782],[90.8904277,23.4081733],[90.8977251,23.3970247],[90.9083474,23.3957202],[90.9302338,23.376853],[90.9291784,23.3608998],[90.9324678,23.3471359],[90.9558952,23.3481886],[90.9561817,23.33236],[90.9749518,23.3151209],[90.9750569,23.3008684],[90.9809855,23.2873993],[90.9944031,23.2892145],[91.014074,23.2484796],[91.0236605,23.2473454],[91.0238369,23.2348318],[91.0300163,23.2294076],[91.0265055,23.2190627],[91.0150228,23.2126153],[91.014214,23.195926],[91.0078217,23.185388],[91.0056163,23.1550923],[91.0084276,23.141786],[90.9878844,23.1408954],[90.980754,23.1331992],[90.986707,23.1173005],[91.0286941,23.1119849],[91.0370872,23.1131166],[91.0434864,23.0900548],[91.0507376,23.0834831],[91.0794356,23.0716018],[91.105975,23.0727172],[91.1140649,23.0755004],[91.1400224,23.074285],[91.1459214,23.0811666],[91.1599023,23.0840723],[91.1830387,23.0613758],[91.1981128,23.060569],[91.2043861,23.0662076],[91.2365994,23.0657019],[91.2422495,23.0572308],[91.2589521,23.0546115],[91.2857647,23.0544267],[91.3020293,23.0479532],[91.3307661,23.0662934],[91.368709,23.0673309],[91.371898,23.0693944],[91.3469168,23.1024593],[91.347564,23.1189315],[91.337017,23.131201],[91.3330504,23.1530179],[91.3233154,23.1582206],[91.3246669,23.1687751],[91.323585,23.2376064],[91.3097207,23.2765098],[91.3001576,23.2925767],[91.3071495,23.2999142],[91.3094692,23.3140015],[91.2961532,23.3135514],[91.2897978,23.3186583],[91.2961117,23.3409959],[91.3107314,23.342566],[91.3109634,23.3526212],[91.2911887,23.3513324],[91.279696,23.3767769],[91.2763767,23.4148276],[91.2633883,23.4238503],[91.270605,23.4299357],[91.2563975,23.4416936],[91.2510297,23.4629071],[91.252171,23.4811455],[91.2492619,23.4903121],[91.2363072,23.4891462],[91.2355107,23.5019184],[91.2179267,23.4996463],[91.2235073,23.5141732],[91.2077562,23.5122133],[91.2006916,23.5208727],[91.2080984,23.5431877],[91.1859097,23.5776981],[91.1751761,23.5856281],[91.1770449,23.5933256],[91.1627305,23.5952085],[91.1596065,23.6114429],[91.161317,23.6544564],[91.1564307,23.6692993]]]}},{"type":"Feature","properties":{"2024":908686.298804,"2023":908686.298804,"DistrictID":134,"2020":878535.185415,"2014":826846.613897,"2021":888241.465419,"2022":898288,"district":"Barguna","2018":860099.320443,"2013":819231.505523,"2017":851348.645547,"2016":842896.019427,"2015":834731.783947,"2025":908686.298804,"2019":869158.047052,"2012":811877.765449,"division":"Barisal","UpazilaID":1346},"geometry":{"type":"MultiPolygon","coordinates":[[[[89.9071931,22.1587604],[89.9117606,22.1326313],[89.9102878,22.1082963],[89.9010262,22.0731043],[89.9118138,22.0468639],[89.9165451,22.0238707],[89.9286777,22.0119242],[89.9360425,21.9949554],[89.9383395,21.9588608],[89.9567168,21.9467232],[89.9744958,21.9487019],[89.985821,21.9552531],[89.988485,21.9657714],[89.9711527,22.0240329],[89.9735091,22.0356984],[89.9837632,22.0509984],[90.0139714,22.070074],[90.0226416,22.0810689],[90.0134875,22.1031094],[90.0143242,22.123513],[90.0202011,22.135273],[90.0562097,22.1640448],[90.0306251,22.1691671],[90.0197193,22.1772515],[90.0197683,22.1875468],[90.0396187,22.1874432],[90.0629573,22.1756713],[90.0707325,22.1604262],[90.0654927,22.148982],[90.0358251,22.1302505],[90.0303298,22.1080688],[90.035658,22.077662],[90.0302158,22.0548587],[90.0204958,22.0442468],[89.9936497,22.038511],[89.9867276,22.0317696],[89.996203,21.9998903],[90.0164824,21.9834278],[90.0520965,21.9812055],[90.0564952,21.9788364],[90.0608668,22.0127311],[90.0646403,22.0240125],[90.0858383,22.0597631],[90.0998737,22.0718027],[90.1229396,22.0862494],[90.13647,22.1005809],[90.1440083,22.1145489],[90.1539179,22.1225108],[90.175945,22.1273827],[90.1995027,22.1236015],[90.2043807,22.1259859],[90.2102399,22.1527809],[90.2249621,22.1416754],[90.2166869,22.120472],[90.2074397,22.1125362],[90.1924564,22.1063993],[90.1814258,22.106352],[90.1642166,22.1148562],[90.1580703,22.1137086],[90.1402888,22.0842752],[90.1254775,22.0704229],[90.0973301,22.0495979],[90.090299,22.0414744],[90.0748278,22.0015049],[90.0769111,21.9905184],[90.0733649,21.9726876],[90.0539727,21.9555433],[90.031688,21.9483662],[90.0258955,21.93871],[90.0227134,21.9083518],[90.02399,21.8837776],[90.0461162,21.8650565],[90.066012,21.8600775],[90.076538,21.8623201],[90.0903142,21.873857],[90.0982777,21.8871308],[90.1084959,21.8958062],[90.1103251,21.898377],[90.1077732,21.9131322],[90.1146918,21.9258187],[90.1333205,21.9288048],[90.1414703,21.9357154],[90.1344645,21.9445143],[90.135222,21.9598603],[90.1474151,21.974766],[90.1534956,21.9825583],[90.1589242,21.9867232],[90.171521,21.9812999],[90.1911724,21.9846931],[90.1786985,22.0024862],[90.1846995,22.0109354],[90.1803101,22.0223659],[90.196628,22.0205286],[90.2112113,22.0483985],[90.1911042,22.0604886],[90.1864012,22.0686225],[90.1855003,22.0841384],[90.1998238,22.091942],[90.2059864,22.0779966],[90.2178304,22.0647446],[90.2343503,22.0589295],[90.2271815,22.0500064],[90.2360325,22.0421683],[90.2408293,22.0266439],[90.2476051,22.0201606],[90.2561294,22.0330257],[90.276373,22.0308857],[90.2889358,22.0572671],[90.2912495,22.0716318],[90.3173632,22.0822329],[90.3441303,22.109544],[90.3434973,22.1294179],[90.3383559,22.1348586],[90.3368134,22.1659381],[90.3497987,22.1805785],[90.3655018,22.1877088],[90.3718422,22.19796],[90.3518844,22.1954939],[90.3632075,22.2152474],[90.357781,22.2246881],[90.343071,22.2384747],[90.3283106,22.2464012],[90.3340005,22.2634784],[90.3131737,22.2535862],[90.304153,22.2444905],[90.2888636,22.2434436],[90.2920278,22.2553912],[90.2815333,22.2554752],[90.2717895,22.2626071],[90.2456848,22.2616126],[90.2362702,22.2483162],[90.2328369,22.227445],[90.2249584,22.217122],[90.2090893,22.2219237],[90.1790671,22.2355867],[90.1587384,22.2492827],[90.1558144,22.2648258],[90.1479425,22.2730143],[90.1434376,22.2895692],[90.1457142,22.3124725],[90.1564019,22.3103697],[90.1593346,22.321737],[90.1783906,22.3398876],[90.1865782,22.3663438],[90.1876652,22.395128],[90.1957456,22.4149382],[90.2113358,22.418165],[90.2238463,22.4395099],[90.220616,22.4466671],[90.2303529,22.4532887],[90.2284566,22.46449],[90.2418245,22.4824715],[90.2372795,22.4858561],[90.2126259,22.4747188],[90.1904879,22.4795271],[90.1748077,22.457382],[90.176962,22.4383753],[90.1671938,22.4232281],[90.1425925,22.406045],[90.1229705,22.3790212],[90.1165363,22.3653654],[90.1012063,22.3560489],[90.0942972,22.3454972],[90.0797488,22.3524594],[90.0679462,22.3416759],[90.0508571,22.3369121],[90.0528932,22.3146498],[90.0418393,22.3170375],[90.0391875,22.3047123],[90.0239862,22.2931064],[90.0202469,22.27528],[90.0292098,22.2598293],[90.0188795,22.2308689],[89.9987053,22.2291399],[90.0005544,22.2142964],[89.9919486,22.2047609],[89.9775957,22.2025571],[89.9638972,22.2075067],[89.9689918,22.1910063],[89.9588211,22.1827139],[89.9555124,22.1710213],[89.9429557,22.1764335],[89.9308234,22.1625691],[89.9071931,22.1587604]]],[[[89.8892894,22.1581899],[89.8912177,22.1500588],[89.8909284,22.1582678],[89.8892894,22.1581899]]]]}},{"type":"Feature","properties":{"2024":2182530.019914,"2023":2182530.019914,"DistrictID":135,"2020":2214552.915982,"2014":2285357.160171,"2021":2203635.335741,"2022":2192962,"district":"Barisal","2018":2237132.672385,"2013":2298070.623876,"2017":2248800.936674,"2016":2260725.624049,"2015":2272909.940776,"2025":2182530.019914,"2019":2225717.690752,"2012":2311053.743112,"division":"Barisal","UpazilaID":3656},"geometry":{"type":"MultiPolygon","coordinates":[[[[90.5274063,22.614881],[90.5257664,22.6406885],[90.5205941,22.6380326],[90.5236114,22.5780294],[90.5379954,22.5898719],[90.5274063,22.614881]]],[[[90.5424096,22.6049044],[90.5467786,22.5925385],[90.554346,22.5926399],[90.5424096,22.6049044]]],[[[90.4757141,23.0075828],[90.4810405,22.99509],[90.4830333,22.9748166],[90.4938868,22.9639319],[90.5136781,22.955695],[90.5340187,22.9302453],[90.5404972,22.9111032],[90.539152,22.897197],[90.5579966,22.9002869],[90.5866641,22.9195437],[90.5921728,22.9284142],[90.58693,22.9453072],[90.5655137,22.9709108],[90.5478747,22.9877508],[90.5284175,23.0161633],[90.5101529,23.0340525],[90.4898084,23.02253],[90.4892175,23.0139519],[90.4757141,23.0075828]]],[[[90.5483078,23.0597333],[90.5415133,23.0375605],[90.5461584,23.0110151],[90.5595871,22.9991612],[90.5742379,23.0083345],[90.5668805,23.0270987],[90.5655843,23.0449297],[90.5483078,23.0597333]]],[[[90.5752067,22.9069181],[90.5657401,22.9012633],[90.5699635,22.8870038],[90.5934887,22.8827313],[90.6012349,22.900412],[90.5969338,22.9110113],[90.5752067,22.9069181]]],[[[90.439952,22.9887946],[90.4581419,22.9877009],[90.4732513,22.9825419],[90.4745687,22.9901384],[90.4628375,22.9941636],[90.4517357,23.0063245],[90.4144548,23.0020188],[90.4250545,22.9899921],[90.439952,22.9887946]]],[[[90.6514162,22.8480958],[90.6229921,22.869789],[90.6045648,22.8745777],[90.5709036,22.8788275],[90.5548943,22.887297],[90.5335677,22.8889955],[90.5014428,22.8555668],[90.4909111,22.8486925],[90.4867018,22.829035],[90.4923478,22.8186082],[90.5086373,22.8223811],[90.4966975,22.8016372],[90.5169695,22.8040583],[90.5406487,22.7944193],[90.5712351,22.8099919],[90.6024486,22.8138291],[90.6153092,22.8259045],[90.63322,22.8293065],[90.6438614,22.8367118],[90.6514162,22.8480958]]],[[[90.5668352,23.0435257],[90.5728726,23.0212456],[90.581577,23.0038623],[90.586538,23.0047998],[90.5886627,23.0254344],[90.5668352,23.0435257]]],[[[90.4985104,23.0690448],[90.4826046,23.06563],[90.4873949,23.0502091],[90.4978158,23.0487556],[90.4985104,23.0690448]]],[[[90.6615892,22.9087103],[90.661296,22.9227649],[90.6527631,22.9297789],[90.6470737,22.9194993],[90.6615892,22.9087103]]],[[[90.5248156,22.7355976],[90.5215138,22.7618043],[90.5289833,22.7874496],[90.5145496,22.8015029],[90.5015709,22.7914101],[90.5016137,22.7748224],[90.4859661,22.7524038],[90.4952132,22.7440097],[90.4977443,22.7312386],[90.5050221,22.7205078],[90.5186619,22.7102477],[90.5246578,22.721353],[90.5248156,22.7355976]]],[[[90.5635168,22.7057097],[90.5727956,22.7223382],[90.5698886,22.7459119],[90.5598904,22.7687696],[90.5478158,22.7576528],[90.5427866,22.7403417],[90.5434621,22.7247467],[90.5486578,22.7030264],[90.5635168,22.7057097]]],[[[90.5602725,22.7698912],[90.5683452,22.7920155],[90.5788646,22.7889114],[90.5821696,22.8033791],[90.5681759,22.7995063],[90.5412699,22.7830254],[90.5295091,22.7678158],[90.5307101,22.738461],[90.5409289,22.7429771],[90.5477601,22.759864],[90.5602725,22.7698912]]],[[[90.560237,22.6991761],[90.5470787,22.699216],[90.5291221,22.7055386],[90.5191638,22.6948633],[90.5180338,22.6583988],[90.5197896,22.6460122],[90.5261961,22.6425065],[90.528079,22.6495986],[90.5251718,22.6839241],[90.5532754,22.6865381],[90.560237,22.6991761]]],[[[90.5038942,22.873714],[90.4824199,22.8540724],[90.4855366,22.8458408],[90.5149487,22.8726319],[90.5038942,22.873714]]],[[[90.1771525,22.7526801],[90.1811145,22.7758715],[90.1923932,22.7864662],[90.2055909,22.7729011],[90.2184121,22.7692745],[90.2163793,22.7616116],[90.2310252,22.7508773],[90.2446809,22.7545106],[90.2554572,22.752445],[90.2688809,22.733687],[90.2726605,22.7194301],[90.2678634,22.714733],[90.2752536,22.6888997],[90.2905682,22.6801138],[90.2987522,22.6856401],[90.3215782,22.6707595],[90.31518,22.6607747],[90.3371057,22.658833],[90.3509408,22.6512163],[90.3727819,22.6492959],[90.3690691,22.6314147],[90.3555765,22.6366927],[90.3536559,22.6270533],[90.3740955,22.6141112],[90.3835622,22.6045827],[90.3783112,22.5916534],[90.3624106,22.600218],[90.3463227,22.6134124],[90.3398789,22.6052907],[90.3502221,22.6002174],[90.3634457,22.5805571],[90.3510678,22.5670191],[90.3471416,22.5757078],[90.3305262,22.5831619],[90.3088196,22.566264],[90.2828648,22.5612217],[90.2837405,22.5488784],[90.2700527,22.5407787],[90.2531218,22.523562],[90.2313743,22.5081206],[90.2096174,22.5013687],[90.1904879,22.4795271],[90.2126259,22.4747188],[90.2372795,22.4858561],[90.2418245,22.4824715],[90.2284566,22.46449],[90.2303529,22.4532887],[90.2636578,22.4626081],[90.2677538,22.4703619],[90.2926284,22.4687349],[90.3073305,22.4727251],[90.3110578,22.4817464],[90.321987,22.4810493],[90.3276689,22.4709345],[90.3359627,22.4684051],[90.3579712,22.4918679],[90.361821,22.503785],[90.3710872,22.501489],[90.3922491,22.4845858],[90.4108496,22.4805058],[90.4272202,22.4604457],[90.4363486,22.4734282],[90.4406508,22.4867878],[90.4374853,22.4979864],[90.4401263,22.5103615],[90.4567268,22.5352152],[90.4772311,22.5323047],[90.497586,22.5452658],[90.5141379,22.5349096],[90.5285057,22.5469353],[90.5136181,22.5520992],[90.5201354,22.5590314],[90.5393714,22.5633412],[90.5113151,22.5806794],[90.4774802,22.5789136],[90.4770366,22.5854915],[90.5007162,22.5841197],[90.5068545,22.5873989],[90.510892,22.6074155],[90.5032388,22.654813],[90.5053234,22.6855211],[90.499066,22.6950811],[90.5034604,22.7100154],[90.4939242,22.7232387],[90.4598044,22.7518791],[90.4323498,22.7580941],[90.4483133,22.7754592],[90.4630817,22.7675296],[90.4741546,22.7542071],[90.4963196,22.7791415],[90.4938799,22.788805],[90.466035,22.8028013],[90.4765161,22.8218912],[90.4753267,22.8653952],[90.4917772,22.8794492],[90.5291566,22.8993557],[90.5312496,22.9200944],[90.5162154,22.9426584],[90.4959571,22.9496544],[90.484323,22.95839],[90.4732382,22.9770186],[90.4548337,22.9827556],[90.4195865,22.9898848],[90.4072156,22.9993575],[90.4173438,23.0071879],[90.4075506,23.0170806],[90.4214049,23.0285353],[90.4227084,23.0389038],[90.3944401,23.04731],[90.3831248,23.0562932],[90.3487856,23.056747],[90.3299543,23.0579827],[90.3157509,23.0528791],[90.314346,23.0369346],[90.326818,23.0179115],[90.3276046,22.996613],[90.31988,22.9814611],[90.2908669,22.9725214],[90.2805251,22.9748791],[90.259127,22.9716861],[90.2474357,22.9746361],[90.2399345,22.9666547],[90.2302171,22.9786893],[90.2344791,23.0021882],[90.2326954,23.0179644],[90.2383649,23.0367161],[90.2367918,23.0445008],[90.2253887,23.0532753],[90.2208509,23.0648027],[90.2077515,23.0658508],[90.2034003,23.0558808],[90.182883,23.0586385],[90.1726104,23.0664515],[90.1582497,23.0632969],[90.1550367,23.0526508],[90.1401385,23.0543969],[90.1353231,23.049785],[90.1365143,23.0440794],[90.1269671,23.0258843],[90.1266704,23.0056998],[90.0947767,23.0068411],[90.0878713,22.9887922],[90.0774851,22.9827654],[90.0696754,22.9684198],[90.0592589,22.9714334],[90.0567813,22.9613359],[90.0570126,22.9322008],[90.0348059,22.9338418],[90.0329623,22.9202861],[90.0226231,22.8998358],[90.0183725,22.8710433],[90.0347498,22.8656802],[90.0344248,22.8390766],[90.0277438,22.817546],[90.0372307,22.8182388],[90.0544449,22.8269],[90.0511258,22.8104013],[90.0684793,22.8004761],[90.0797294,22.7838961],[90.0930499,22.7854456],[90.1062512,22.7745152],[90.1145926,22.7780735],[90.1406583,22.7598782],[90.1522233,22.7628538],[90.1771525,22.7526801]]]]}},{"type":"Feature","properties":{"2024":635723.326987,"2023":635723.326987,"DistrictID":136,"2020":646686.293462,"2014":670139.100001,"2021":642977.090354,"2022":639323,"district":"Jhalokathi","2018":654272.869658,"2013":674254.421578,"2017":658151.684098,"2016":662088.494287,"2015":666084.047063,"2025":635723.326987,"2019":650451.314718,"2012":678430.791328,"division":"Barisal","UpazilaID":1398},"geometry":{"type":"Polygon","coordinates":[[[90.1904879,22.4795271],[90.2096174,22.5013687],[90.2313743,22.5081206],[90.2531218,22.523562],[90.2700527,22.5407787],[90.2837405,22.5488784],[90.2828648,22.5612217],[90.3088196,22.566264],[90.3305262,22.5831619],[90.3471416,22.5757078],[90.3510678,22.5670191],[90.3634457,22.5805571],[90.3502221,22.6002174],[90.3398789,22.6052907],[90.3463227,22.6134124],[90.3624106,22.600218],[90.3783112,22.5916534],[90.3835622,22.6045827],[90.3740955,22.6141112],[90.3536559,22.6270533],[90.3555765,22.6366927],[90.3690691,22.6314147],[90.3727819,22.6492959],[90.3509408,22.6512163],[90.3371057,22.658833],[90.31518,22.6607747],[90.3215782,22.6707595],[90.2987522,22.6856401],[90.2905682,22.6801138],[90.2752536,22.6888997],[90.2678634,22.714733],[90.2726605,22.7194301],[90.2688809,22.733687],[90.2554572,22.752445],[90.2446809,22.7545106],[90.2310252,22.7508773],[90.2163793,22.7616116],[90.2184121,22.7692745],[90.2055909,22.7729011],[90.1923932,22.7864662],[90.1811145,22.7758715],[90.1771525,22.7526801],[90.1833074,22.7457998],[90.1794605,22.7350828],[90.1588512,22.7202572],[90.155287,22.7047714],[90.1429452,22.6866172],[90.1381398,22.6735605],[90.1126356,22.6639057],[90.0972032,22.6555716],[90.0965635,22.6394416],[90.1003017,22.6265801],[90.1100841,22.6097308],[90.1005284,22.5945072],[90.0774283,22.5878103],[90.0636671,22.5944261],[90.055942,22.5794958],[90.0656869,22.5527602],[90.0645404,22.5084173],[90.0850472,22.4878617],[90.0896528,22.4957957],[90.1005588,22.4993469],[90.1121869,22.4933864],[90.1168518,22.5029956],[90.1339902,22.4869044],[90.1232299,22.4679394],[90.1054494,22.453891],[90.1007076,22.4446634],[90.0767773,22.4402075],[90.0656172,22.46175],[90.0562173,22.4538242],[90.0554659,22.4416871],[90.0410173,22.4445445],[90.0272827,22.4428326],[90.0290745,22.4191554],[90.038653,22.401814],[90.0228389,22.3944739],[90.0190035,22.371829],[90.0360388,22.3710884],[90.0558112,22.3564374],[90.0508571,22.3369121],[90.0679462,22.3416759],[90.0797488,22.3524594],[90.0942972,22.3454972],[90.1012063,22.3560489],[90.1165363,22.3653654],[90.1229705,22.3790212],[90.1425925,22.406045],[90.1671938,22.4232281],[90.176962,22.4383753],[90.1748077,22.457382],[90.1904879,22.4795271]]]}},{"type":"Feature","properties":{"2024":1771973.365869,"2023":1771973.365869,"DistrictID":137,"2020":1772539.031793,"2014":1774946.257389,"2021":1772303.515159,"2022":1772115,"district":"Bhola","2018":1773151.565089,"2013":1775514.390657,"2017":1773528.836518,"2016":1773953.618971,"2015":1774426.046852,"2025":1771973.365869,"2019":1772821.673107,"2012":1776130.589591,"division":"Barisal","UpazilaID":2363},"geometry":{"type":"MultiPolygon","coordinates":[[[[90.6323224,21.9739433],[90.6260323,21.9596255],[90.6210038,21.9169051],[90.6128178,21.8957096],[90.615204,21.8906332],[90.6474007,21.8967246],[90.6710728,21.919864],[90.6846574,21.9374485],[90.6999306,21.9748163],[90.6823825,21.9761333],[90.6323224,21.9739433]]],[[[90.5785632,22.0514805],[90.5897698,22.0586499],[90.598406,22.0877804],[90.6077757,22.1077766],[90.6048107,22.138843],[90.5989438,22.1666101],[90.6039207,22.1782562],[90.6015476,22.1874439],[90.5855508,22.1847846],[90.5759408,22.1617206],[90.5725708,22.1468026],[90.5833466,22.1408801],[90.5811703,22.1203724],[90.5859725,22.1027059],[90.5858516,22.0873623],[90.5811184,22.0739515],[90.5785632,22.0514805]]],[[[90.790447,21.8612515],[90.8105175,21.8633106],[90.8294372,21.8841957],[90.8328242,21.8977068],[90.8059905,21.9173489],[90.7896468,21.9066446],[90.7711605,21.8681072],[90.7717249,21.8559485],[90.790447,21.8612515]]],[[[90.7422461,21.8675491],[90.7491184,21.8889831],[90.7615846,21.9118247],[90.761057,21.9234442],[90.7549026,21.9320296],[90.7340667,21.925479],[90.7157457,21.8990751],[90.7119471,21.8717463],[90.7159371,21.8604466],[90.7286531,21.8583353],[90.7422461,21.8675491]]],[[[90.854319,21.9907395],[90.8375923,21.9792569],[90.8308278,21.9617467],[90.8381848,21.9316402],[90.8489557,21.9205417],[90.8556417,21.92916],[90.8496283,21.9389434],[90.8625561,21.9457122],[90.8647857,21.958512],[90.8610245,21.9679494],[90.8680751,21.976995],[90.854319,21.9907395]]],[[[90.5867573,22.1890387],[90.6185279,22.1976094],[90.6325341,22.212949],[90.6316402,22.2425916],[90.621536,22.2434769],[90.5867573,22.1890387]]],[[[90.8170147,21.9570356],[90.8300768,21.9824979],[90.8206539,21.9883776],[90.8094694,21.9684985],[90.7799435,21.934556],[90.7768622,21.9191293],[90.7831976,21.9159918],[90.7925617,21.9369815],[90.8089772,21.9448374],[90.8180471,21.9448402],[90.8170147,21.9570356]]],[[[90.5898318,21.9868729],[90.6070365,21.9777056],[90.6207087,21.9865272],[90.6203399,21.9959751],[90.5953772,22.0284137],[90.5824514,22.0225407],[90.5927009,21.9960519],[90.5898318,21.9868729]]],[[[90.7356163,22.0208844],[90.753138,22.0399966],[90.7573055,22.052311],[90.7406427,22.0481805],[90.7215997,22.0192475],[90.7356163,22.0208844]]],[[[90.7856885,22.0045571],[90.7894707,22.0233263],[90.7734588,22.0181443],[90.7720933,22.0025901],[90.7856885,22.0045571]]],[[[90.7000863,21.9919958],[90.6811858,21.989733],[90.692082,21.979935],[90.7000863,21.9919958]]],[[[90.6069524,21.9238155],[90.6131994,21.9339777],[90.6177247,21.9673776],[90.6100321,21.9635583],[90.6149601,21.9578232],[90.6126674,21.9336996],[90.6069524,21.9238155]]],[[[90.6017857,21.9675681],[90.5979177,21.977732],[90.5872884,21.983936],[90.5849742,21.9777879],[90.6017857,21.9675681]]],[[[90.988718,22.3438849],[90.9697771,22.343139],[90.9719858,22.3021598],[90.9597547,22.2562948],[90.9472205,22.2251534],[90.9194329,22.1722277],[90.900066,22.1209472],[90.8986133,22.0981529],[90.9009918,22.0809546],[90.9113726,22.0720533],[90.9197511,22.0749223],[90.9333854,22.1087855],[90.9582173,22.1432988],[90.9717104,22.1654472],[90.9890662,22.1997606],[90.9955002,22.2349992],[91.0009144,22.2779874],[90.9924663,22.3144639],[90.988718,22.3438849]]],[[[90.9089519,22.2467787],[90.9131921,22.2789739],[90.9088128,22.2927655],[90.8937473,22.2460026],[90.8953773,22.215591],[90.9089519,22.2467787]]],[[[90.9212739,22.2895403],[90.9368604,22.3391175],[90.9296127,22.3465206],[90.9157619,22.3186353],[90.9106819,22.3037974],[90.9212739,22.2895403]]],[[[90.8976872,22.0595537],[90.8945695,22.0857196],[90.8844734,22.0911284],[90.8797236,22.0821191],[90.8790824,22.0572167],[90.8909336,22.0497909],[90.8976872,22.0595537]]],[[[91.0193972,22.292816],[91.0239951,22.3161807],[91.0190128,22.3323074],[91.0077326,22.3339359],[91.0092617,22.3179606],[91.0168065,22.3062978],[91.0193972,22.292816]]],[[[91.0160644,22.2959774],[91.0115407,22.3062353],[91.0011887,22.3061081],[91.0106069,22.2835353],[91.0160644,22.2959774]]],[[[90.8737282,22.334198],[90.8861309,22.3411714],[90.8928457,22.3505994],[90.8883116,22.3614769],[90.8899084,22.381687],[90.8846733,22.3951002],[90.8649017,22.3566307],[90.8665338,22.3421856],[90.8737282,22.334198]]],[[[91.013658,22.2698469],[91.0094133,22.2567739],[91.0153264,22.2426323],[91.013658,22.2698469]]],[[[90.5261961,22.6425065],[90.5355869,22.6424707],[90.5396891,22.6510614],[90.5505415,22.6468629],[90.5662537,22.6484362],[90.5715999,22.6675328],[90.5668733,22.6892519],[90.560237,22.6991761],[90.5532754,22.6865381],[90.5251718,22.6839241],[90.528079,22.6495986],[90.5261961,22.6425065]]],[[[90.6438614,22.8367118],[90.63322,22.8293065],[90.6153092,22.8259045],[90.6024486,22.8138291],[90.6261063,22.8119369],[90.6496712,22.8069621],[90.6708322,22.8110857],[90.6762516,22.8173725],[90.6687447,22.8323184],[90.6563353,22.8448117],[90.6438614,22.8367118]]],[[[90.5571564,22.5890221],[90.5610739,22.6005617],[90.5535399,22.609097],[90.5424096,22.6049044],[90.554346,22.5926399],[90.5571564,22.5890221]]],[[[90.6697969,22.8104639],[90.6440971,22.8055075],[90.6615184,22.7990309],[90.6697969,22.8104639]]],[[[90.5746763,22.5711993],[90.582718,22.5753433],[90.5577438,22.5882739],[90.5746763,22.5711993]]],[[[90.5862341,22.5473577],[90.6027885,22.5447948],[90.6070139,22.5547577],[90.5926989,22.5696303],[90.5752228,22.5704566],[90.5862341,22.5473577]]],[[[90.5635168,22.7057097],[90.567981,22.7043665],[90.5768686,22.672955],[90.5774575,22.6604495],[90.5722105,22.6489748],[90.5524237,22.6416008],[90.5367074,22.6316943],[90.5343419,22.6192255],[90.5544261,22.6144418],[90.5594451,22.6076839],[90.5769105,22.5980617],[90.5928547,22.5824674],[90.6002698,22.5711106],[90.6208552,22.5588426],[90.6215348,22.5669906],[90.6472432,22.5611048],[90.6617185,22.5529673],[90.6679996,22.5445356],[90.6704096,22.5274029],[90.6677515,22.5018886],[90.6737038,22.4702431],[90.6717496,22.4240958],[90.6777994,22.3886481],[90.6745705,22.3693488],[90.6813827,22.36007],[90.6843579,22.3317819],[90.6762575,22.2714867],[90.6507826,22.2160895],[90.6401315,22.1995913],[90.6214602,22.1795852],[90.6231457,22.1661456],[90.6201719,22.1433535],[90.6208964,22.116721],[90.6188572,22.1008594],[90.5983162,22.0471538],[90.5968787,22.0345383],[90.6162943,22.0066431],[90.6292608,21.9940687],[90.6384849,21.9934114],[90.6845876,21.9998002],[90.7054141,22.0114667],[90.7242601,22.0367975],[90.7407532,22.0531208],[90.7636907,22.0653013],[90.7809899,22.0775056],[90.7915015,22.0954295],[90.7953674,22.1079357],[90.8105473,22.1249749],[90.8171617,22.1597433],[90.8262515,22.1942997],[90.8306177,22.2225849],[90.841196,22.2658883],[90.8428946,22.292219],[90.836102,22.3247599],[90.8363703,22.3438928],[90.8408265,22.3671845],[90.8482903,22.3860753],[90.8644663,22.4109404],[90.8607575,22.4322342],[90.8481014,22.4395669],[90.8312372,22.4571982],[90.8151696,22.4798426],[90.7802534,22.509127],[90.7663244,22.5302269],[90.7622395,22.5431408],[90.7588196,22.5787341],[90.759256,22.5925944],[90.7531862,22.6029961],[90.7386527,22.616325],[90.7256143,22.6215231],[90.7151761,22.6316683],[90.7003902,22.657596],[90.6990451,22.6736644],[90.6866261,22.6862413],[90.6805809,22.6982655],[90.6764587,22.7190287],[90.6626749,22.7457121],[90.6565117,22.7824972],[90.6378381,22.7966266],[90.6240072,22.8035421],[90.5994276,22.8082003],[90.5821696,22.8033791],[90.5788646,22.7889114],[90.5683452,22.7920155],[90.5602725,22.7698912],[90.5598904,22.7687696],[90.5698886,22.7459119],[90.5727956,22.7223382],[90.5635168,22.7057097]]],[[[90.602282,22.5342527],[90.6277784,22.4941439],[90.6484931,22.4904289],[90.6479734,22.5078666],[90.6417614,22.5254001],[90.654338,22.5408854],[90.6520099,22.5492605],[90.6130792,22.5508912],[90.602282,22.5342527]]],[[[90.6323495,22.4629843],[90.6351911,22.4725556],[90.6175403,22.4758052],[90.6323495,22.4629843]]],[[[90.6607181,22.3558487],[90.6690722,22.35126],[90.6676626,22.3789922],[90.6582396,22.3660275],[90.6607181,22.3558487]]],[[[90.8687345,22.5290171],[90.8605158,22.5271016],[90.8630657,22.4985982],[90.8824874,22.4907015],[90.9039403,22.4950758],[90.9049651,22.5023359],[90.8687345,22.5290171]]],[[[90.9508761,22.4645418],[90.9378631,22.4564499],[90.9334348,22.4325269],[90.9476045,22.4179607],[90.9677322,22.4276283],[90.9508761,22.4645418]]],[[[90.9722779,22.4205983],[90.9598414,22.415467],[90.9501804,22.4009926],[90.9495573,22.3880066],[90.9552379,22.3737637],[90.9629458,22.3661176],[90.989893,22.3648556],[90.9941741,22.3706612],[90.9901751,22.391004],[90.9722779,22.4205983]]],[[[90.9083615,22.4631196],[90.8931983,22.4643992],[90.8966076,22.4507569],[90.9083615,22.4631196]]],[[[90.7168352,22.684838],[90.7274387,22.7027634],[90.7267028,22.7303865],[90.708707,22.7510096],[90.7028287,22.7465144],[90.695629,22.7233091],[90.7168352,22.684838]]],[[[90.8937507,22.5602803],[90.8604068,22.5793175],[90.8409085,22.5699973],[90.8474426,22.5594053],[90.8749772,22.5308639],[90.9220478,22.4943203],[90.9339274,22.4937305],[90.9321133,22.4970166],[90.8937507,22.5602803]]],[[[90.7410452,22.6835639],[90.7306186,22.6795488],[90.7310262,22.6689827],[90.7445255,22.6698289],[90.7410452,22.6835639]]]]}},{"type":"Feature","properties":{"2024":950285.269633,"2023":950285.269633,"DistrictID":138,"2020":940637.644666,"2014":922378.865287,"2021":943815.12753,"2022":947031,"district":"Joypurhat","2018":934397.831727,"2013":919470.138191,"2017":931335.500782,"2016":928311.557725,"2015":925326.009333,"2025":950285.269633,"2019":937498.546687,"2012":916599.843594,"division":"Rajshahi","UpazilaID":1438},"geometry":{"type":"Polygon","coordinates":[[[88.9900275,24.8594428],[89.0360141,24.8566644],[89.0391029,24.8624876],[89.0679768,24.8710667],[89.0852398,24.8730732],[89.0796564,24.8847668],[89.0978562,24.8911982],[89.0935444,24.9131174],[89.084989,24.9341576],[89.0903492,24.9402222],[89.0911288,24.9542638],[89.1033055,24.9708831],[89.1275063,24.9623666],[89.1219474,24.9497917],[89.1567467,24.9506204],[89.1745374,24.9530996],[89.1853939,24.9433047],[89.1871344,24.9622062],[89.1816881,24.9728794],[89.1905679,24.995409],[89.2036962,25.0038343],[89.218087,25.0241911],[89.232368,25.019608],[89.2429132,25.0297566],[89.2446051,25.048348],[89.2509782,25.0519553],[89.2464386,25.0651491],[89.2544342,25.067735],[89.2698502,25.0833115],[89.2800909,25.0876313],[89.2598301,25.0969482],[89.2515846,25.0974007],[89.2493505,25.1130811],[89.237527,25.1292215],[89.2313008,25.1444328],[89.2176428,25.1449014],[89.2196422,25.1560093],[89.2100582,25.1676771],[89.1978058,25.170826],[89.1964804,25.1786414],[89.1839476,25.1872358],[89.1941454,25.2000736],[89.194595,25.2169153],[89.2046099,25.2284573],[89.1675086,25.2404144],[89.1593058,25.2528856],[89.1388261,25.2549783],[89.1402306,25.2467267],[89.1167134,25.2463983],[89.0959462,25.2411023],[89.0905076,25.250642],[89.0701025,25.2697823],[89.0644725,25.2626338],[89.0509514,25.2654817],[89.0288626,25.2765906],[89.0214439,25.2677678],[89.0078332,25.2676578],[88.9867601,25.2745672],[88.9758247,25.2641576],[88.9589692,25.2544503],[88.9505919,25.2440689],[88.9523487,25.2294233],[88.957732,25.2232434],[88.9545802,25.2067189],[88.9416138,25.2089863],[88.9338286,25.1999023],[88.9474995,25.1945536],[88.9495925,25.1812925],[88.9432223,25.173583],[88.9332839,25.1813497],[88.9230215,25.1650072],[88.9229351,25.1487322],[88.9283157,25.1423176],[88.9218177,25.1303803],[88.9365394,25.1194774],[88.941535,25.0983992],[88.9310779,25.0730965],[88.938783,25.0571844],[88.9456392,25.0514884],[88.9408412,25.0414816],[88.9520516,25.0357886],[88.9532872,25.0551901],[88.9783144,25.052898],[88.9856895,25.0486891],[89.0087659,25.0504658],[89.016529,25.0472908],[89.0094638,25.033396],[89.0186973,25.0262449],[89.0082415,24.9985095],[89.0130186,24.9885414],[89.0028456,24.9781581],[89.0040302,24.959545],[88.999447,24.9537473],[89.0037605,24.9386616],[88.9999248,24.9095937],[89.0075192,24.8992098],[88.9998626,24.884631],[88.9909138,24.8788184],[88.9944881,24.8683379],[88.9900275,24.8594428]]]}},{"type":"Feature","properties":{"2024":1055069.387439,"2023":1055069.387439,"DistrictID":139,"2020":1069141.736512,"2014":1098228.189376,"2021":1064416.695678,"2022":1059726,"district":"Perojpur","2018":1078695.913044,"2013":1103201.174555,"2017":1083525.584123,"2016":1088390.671168,"2015":1093291.447645,"2025":1055069.387439,"2019":1073901.386785,"2012":1108210.683761,"division":"Barisal","UpazilaID":1942},"geometry":{"type":"MultiPolygon","coordinates":[[[[89.8909284,22.1582678],[89.8877428,22.1652391],[89.8892894,22.1581899],[89.8909284,22.1582678]]],[[[90.1771525,22.7526801],[90.1522233,22.7628538],[90.1406583,22.7598782],[90.1145926,22.7780735],[90.1062512,22.7745152],[90.0930499,22.7854456],[90.0797294,22.7838961],[90.0684793,22.8004761],[90.0511258,22.8104013],[90.0544449,22.8269],[90.0372307,22.8182388],[90.0277438,22.817546],[90.0344248,22.8390766],[90.0347498,22.8656802],[90.0183725,22.8710433],[90.0095353,22.8669557],[89.9868216,22.8655496],[89.9670296,22.8536578],[89.9437802,22.8564936],[89.9403124,22.8453933],[89.9457868,22.8316996],[89.9289242,22.8159768],[89.9153227,22.8073664],[89.9157522,22.7982648],[89.9316152,22.7941005],[89.9168714,22.7772357],[89.9053772,22.7743534],[89.9154458,22.7515268],[89.9305518,22.7534975],[89.9324247,22.7255621],[89.9027274,22.7250646],[89.8624685,22.7019519],[89.8672919,22.6918042],[89.9032878,22.695369],[89.9208669,22.6916067],[89.9370883,22.6794439],[89.9140874,22.6597574],[89.8999357,22.6728505],[89.8900829,22.6638285],[89.895901,22.6562708],[89.9239999,22.6454792],[89.9272116,22.6408765],[89.9206397,22.6061551],[89.9577432,22.598591],[89.96267,22.5891159],[89.9580519,22.5641284],[89.9469868,22.5420519],[89.9303049,22.523847],[89.9234623,22.5125002],[89.9318026,22.5080982],[89.9646344,22.5076841],[89.9648488,22.49251],[89.9498719,22.4922299],[89.9317039,22.4967928],[89.913898,22.505385],[89.891637,22.5068362],[89.8819318,22.4962745],[89.8840939,22.4856127],[89.8969982,22.4749356],[89.9127111,22.4736242],[89.9254277,22.4778303],[89.9381876,22.4752485],[89.9445552,22.4663807],[89.9398389,22.453362],[89.9300221,22.4463317],[89.9107258,22.4472934],[89.8774292,22.4282747],[89.8708923,22.4171443],[89.8750982,22.4061511],[89.8982034,22.3823198],[89.9003452,22.3612601],[89.8900241,22.3391963],[89.8757093,22.3201339],[89.8623579,22.2911272],[89.8578212,22.2561213],[89.8647762,22.2256517],[89.8758656,22.2099935],[89.8858729,22.1772728],[89.8976056,22.1782682],[89.9018876,22.1626009],[89.9071931,22.1587604],[89.9308234,22.1625691],[89.9429557,22.1764335],[89.9555124,22.1710213],[89.9588211,22.1827139],[89.9689918,22.1910063],[89.9638972,22.2075067],[89.9775957,22.2025571],[89.9919486,22.2047609],[90.0005544,22.2142964],[89.9987053,22.2291399],[90.0188795,22.2308689],[90.0292098,22.2598293],[90.0202469,22.27528],[90.0239862,22.2931064],[90.0391875,22.3047123],[90.0418393,22.3170375],[90.0528932,22.3146498],[90.0508571,22.3369121],[90.0558112,22.3564374],[90.0360388,22.3710884],[90.0190035,22.371829],[90.0228389,22.3944739],[90.038653,22.401814],[90.0290745,22.4191554],[90.0272827,22.4428326],[90.0410173,22.4445445],[90.0554659,22.4416871],[90.0562173,22.4538242],[90.0656172,22.46175],[90.0767773,22.4402075],[90.1007076,22.4446634],[90.1054494,22.453891],[90.1232299,22.4679394],[90.1339902,22.4869044],[90.1168518,22.5029956],[90.1121869,22.4933864],[90.1005588,22.4993469],[90.0896528,22.4957957],[90.0850472,22.4878617],[90.0645404,22.5084173],[90.0656869,22.5527602],[90.055942,22.5794958],[90.0636671,22.5944261],[90.0774283,22.5878103],[90.1005284,22.5945072],[90.1100841,22.6097308],[90.1003017,22.6265801],[90.0965635,22.6394416],[90.0972032,22.6555716],[90.1126356,22.6639057],[90.1381398,22.6735605],[90.1429452,22.6866172],[90.155287,22.7047714],[90.1588512,22.7202572],[90.1794605,22.7350828],[90.1833074,22.7457998],[90.1771525,22.7526801]]]]}},{"type":"Feature","properties":{"2024":4079502.910787,"2023":4079502.910787,"DistrictID":140,"2020":3756650.539983,"2014":3193527.819682,"2021":3860972.689865,"2022":3968554,"district":"Narayangnj","2018":3557367.917735,"2013":3109272.222707,"2017":3462208.157328,"2016":3369908.747158,"2015":3280378.137497,"2025":4079502.910787,"2019":3655482.726282,"2012":3027528.613398,"division":"Dhaka","UpazilaID":1974},"geometry":{"type":"Polygon","coordinates":[[[90.4301934,23.6086052],[90.4394894,23.5978834],[90.4418233,23.5857877],[90.4289841,23.5665897],[90.4372814,23.5562156],[90.4566696,23.5515267],[90.4715835,23.5635792],[90.4858261,23.5707327],[90.5183172,23.5730784],[90.5416869,23.5628529],[90.5517528,23.5544019],[90.5649229,23.5343926],[90.5796136,23.5379036],[90.5652007,23.5629893],[90.5579202,23.5803774],[90.5602955,23.5890412],[90.5735695,23.5972609],[90.5995918,23.5984791],[90.6138993,23.6032302],[90.6299502,23.6208192],[90.6380904,23.6497873],[90.6378707,23.6691723],[90.6436399,23.6750483],[90.6644823,23.6732667],[90.6748527,23.6801164],[90.6983097,23.6659073],[90.7215728,23.6617306],[90.7332305,23.6679431],[90.7411442,23.6926205],[90.7386326,23.7027294],[90.7289262,23.712358],[90.7225058,23.725592],[90.7237512,23.7466944],[90.7346131,23.7628361],[90.732325,23.7737409],[90.7409892,23.7876129],[90.7147652,23.7991611],[90.7086178,23.8131751],[90.6932894,23.8213596],[90.684804,23.8140521],[90.6895644,23.7981739],[90.6700162,23.7942367],[90.6641827,23.8017519],[90.6482087,23.800977],[90.6365347,23.8242908],[90.6448074,23.8363895],[90.651159,23.8621597],[90.6440899,23.8692656],[90.6334744,23.8683274],[90.6232913,23.8603788],[90.6215027,23.8453131],[90.6076522,23.8343174],[90.5958292,23.8543835],[90.6075114,23.8629754],[90.6126461,23.8799598],[90.5998221,23.8882838],[90.5798982,23.8897297],[90.5706679,23.8949893],[90.5579363,23.8933611],[90.5539868,23.8858905],[90.5342791,23.8871372],[90.5300787,23.8934861],[90.5171745,23.8882959],[90.5210692,23.8773819],[90.5057539,23.8701361],[90.5030441,23.8591211],[90.4831838,23.8468956],[90.4712694,23.8473083],[90.4866089,23.8261018],[90.4800997,23.7918203],[90.4709282,23.7835517],[90.4824351,23.7733627],[90.4899304,23.7359875],[90.4975088,23.730575],[90.5018524,23.71805],[90.5127945,23.709569],[90.4990213,23.705247],[90.4619274,23.6835275],[90.4484,23.6653247],[90.4714738,23.639466],[90.4702314,23.6292545],[90.4467325,23.6238699],[90.4301934,23.6086052]]]}},{"type":"Feature","properties":{"2024":1546377.270241,"2023":1546377.270241,"DistrictID":141,"2020":1505701.965187,"2014":1427562.870885,"2021":1519138.932037,"2022":1532697,"district":"Thakurgaon","2018":1479186.98009,"2013":1414943.607831,"2017":1466106.809148,"2016":1453143.433757,"2015":1440295.801841,"2025":1546377.270241,"2019":1492385.00829,"2012":1402436.989,"division":"Rangpur","UpazilaID":998},"geometry":{"type":"Polygon","coordinates":[[[88.6267572,26.0559311],[88.6355602,26.0675036],[88.6363597,26.078871],[88.646531,26.082674],[88.6378873,26.1071771],[88.6225989,26.1291074],[88.5982711,26.1438578],[88.5859534,26.1437503],[88.5708431,26.1519454],[88.5595029,26.1656311],[88.5563472,26.1797355],[88.5424976,26.1855871],[88.5221609,26.1802541],[88.5164775,26.2008846],[88.4987315,26.2034821],[88.4689555,26.200474],[88.4660917,26.1939232],[88.4514717,26.1983786],[88.4362096,26.1978151],[88.4282015,26.202267],[88.4046374,26.1948396],[88.3853922,26.2008177],[88.3836933,26.1821451],[88.3689235,26.180108],[88.3351421,26.1872499],[88.3213947,26.2043744],[88.2790634,26.1941937],[88.2762646,26.1886085],[88.2480737,26.1904459],[88.2331743,26.1811188],[88.2215451,26.1662549],[88.1839439,26.1535579],[88.1739925,26.1305212],[88.1782479,26.1250055],[88.1725982,26.1111277],[88.1588097,26.0972954],[88.1735232,26.0756754],[88.1854668,26.0634365],[88.1760104,26.058128],[88.1776013,26.049011],[88.1727011,26.0316082],[88.1792154,26.0225731],[88.1548045,26.0200713],[88.1467832,26.0143885],[88.14016,25.9970443],[88.1296354,25.9970377],[88.1278047,25.9767109],[88.1146494,25.9578868],[88.1223161,25.9484631],[88.1129079,25.9437572],[88.1111471,25.9331955],[88.0979601,25.9344108],[88.0857827,25.9156773],[88.093641,25.9111764],[88.0903206,25.8964701],[88.102932,25.8893128],[88.0938552,25.8744017],[88.1110072,25.8640647],[88.1138169,25.854575],[88.1010906,25.8290975],[88.1200679,25.8125772],[88.1155198,25.7983365],[88.1310764,25.7980572],[88.1441819,25.7937283],[88.1416289,25.7802322],[88.1521473,25.7757636],[88.1593133,25.7875943],[88.1723529,25.7867345],[88.1809642,25.7991721],[88.1934126,25.801643],[88.1994296,25.7900651],[88.2070518,25.7874967],[88.2149079,25.8009104],[88.2282538,25.7967134],[88.2403634,25.8095161],[88.2599898,25.8136915],[88.269516,25.8082388],[88.2717723,25.7917637],[88.26846,25.780798],[88.3163403,25.7531874],[88.3208913,25.7375785],[88.3375216,25.7377088],[88.3440622,25.7295427],[88.3553918,25.7272701],[88.3746486,25.7124323],[88.3707092,25.6999739],[88.391453,25.6935898],[88.390125,25.6841009],[88.4051076,25.6830964],[88.4016533,25.6726691],[88.427114,25.6697031],[88.4262491,25.6776926],[88.4381205,25.6884667],[88.4355222,25.709185],[88.4233544,25.7237501],[88.4214634,25.7323915],[88.4004077,25.7313047],[88.3866507,25.7626816],[88.3872734,25.7825557],[88.383858,25.7868664],[88.3905846,25.810109],[88.3857923,25.8228349],[88.3862716,25.8397557],[88.3996422,25.8431311],[88.4037943,25.864797],[88.4084627,25.8684493],[88.4379118,25.8719449],[88.4446941,25.8618781],[88.4592743,25.8608566],[88.4846691,25.8661244],[88.4837329,25.8842036],[88.4782883,25.8908194],[88.4812394,25.9040821],[88.4974689,25.9048042],[88.5085127,25.9127344],[88.5119027,25.9413314],[88.5235696,25.951634],[88.536286,25.9513122],[88.5381542,25.9624397],[88.5297194,25.9769561],[88.5305537,25.9915219],[88.5406785,25.995507],[88.5462239,26.0193813],[88.5684974,26.0252197],[88.5875699,26.019806],[88.6091071,26.0367205],[88.6077839,26.0497304],[88.6147094,26.0584359],[88.6267572,26.0559311]]]}},{"type":"Feature","properties":{"2024":2554465.805522,"2023":2554465.805522,"DistrictID":142,"2020":2467417.66504,"2014":2302778.55202,"2021":2496072.552847,"2022":2525087,"district":"Norshingdi","2018":2411167.700993,"2013":2276511.643674,"2017":2383563.353523,"2016":2356300.021099,"2015":2329373.225992,"2025":2554465.805522,"2019":2439117.603669,"2012":2250568.205248,"division":"Dhaka","UpazilaID":504},"geometry":{"type":"Polygon","coordinates":[[[90.9859915,24.030601],[90.966741,24.0320559],[90.9599096,24.0407036],[90.9661974,24.062817],[90.9550397,24.0659267],[90.9473437,24.0813336],[90.9368155,24.0834486],[90.9240219,24.0755353],[90.9064964,24.0780668],[90.8941636,24.0942392],[90.8711929,24.1041107],[90.8569492,24.1055166],[90.8460334,24.1116133],[90.8485198,24.1204866],[90.8642002,24.12523],[90.8709936,24.1399901],[90.8634999,24.1436712],[90.8498303,24.1410385],[90.8251515,24.1570971],[90.8204614,24.1709926],[90.804073,24.1847045],[90.786149,24.1930529],[90.7931904,24.2198468],[90.7833051,24.2266327],[90.7815453,24.2426676],[90.7702077,24.2507578],[90.7533106,24.2517196],[90.7330779,24.2384557],[90.7079331,24.2367814],[90.6829503,24.2443483],[90.6848016,24.2344729],[90.6726493,24.2226149],[90.6717392,24.2045967],[90.6860905,24.1900849],[90.6845602,24.1668024],[90.6876255,24.1447506],[90.6945609,24.1413763],[90.6764097,24.1180231],[90.6845364,24.1127846],[90.6948405,24.116615],[90.7031568,24.10785],[90.6998357,24.1013494],[90.6679283,24.0996045],[90.657232,24.0923672],[90.6388442,24.0982476],[90.6410604,24.0762378],[90.6364548,24.0675339],[90.6460068,24.0518235],[90.6572761,24.0253396],[90.6568066,24.0113043],[90.6411706,24.0059429],[90.6301487,23.9796106],[90.6175756,23.9671117],[90.6169355,23.9402456],[90.6081534,23.921517],[90.5917463,23.914309],[90.5766292,23.9166398],[90.5603912,23.9110953],[90.5706679,23.8949893],[90.5798982,23.8897297],[90.5998221,23.8882838],[90.6126461,23.8799598],[90.6075114,23.8629754],[90.5958292,23.8543835],[90.6076522,23.8343174],[90.6215027,23.8453131],[90.6232913,23.8603788],[90.6334744,23.8683274],[90.6440899,23.8692656],[90.651159,23.8621597],[90.6448074,23.8363895],[90.6365347,23.8242908],[90.6482087,23.800977],[90.6641827,23.8017519],[90.6700162,23.7942367],[90.6895644,23.7981739],[90.684804,23.8140521],[90.6932894,23.8213596],[90.7086178,23.8131751],[90.7147652,23.7991611],[90.7409892,23.7876129],[90.732325,23.7737409],[90.7346131,23.7628361],[90.7585939,23.7903375],[90.7657706,23.8019156],[90.7680006,23.8202492],[90.7594695,23.8500418],[90.7666551,23.864209],[90.7811267,23.8659138],[90.8196027,23.8638894],[90.8359073,23.865152],[90.858102,23.8790372],[90.898333,23.8627333],[90.9087672,23.8676379],[90.9202399,23.8828999],[90.9301174,23.9098831],[90.9511817,23.9285073],[90.9530641,23.9538766],[90.9608877,23.9632901],[90.9715411,23.9675113],[90.9738223,23.9884844],[90.9661904,24.0062446],[90.9751596,24.0212246],[90.9859915,24.030601]]]}},{"type":"Feature","properties":{"2024":2863209.647383,"2023":2863209.647383,"DistrictID":143,"2020":2772888.548148,"2014":2603030.404599,"2021":2802582.048451,"2022":2832687,"district":"Pabna","2018":2714711.40841,"2013":2576050.203563,"2017":2686215.760617,"2016":2658107.544331,"2015":2630380.986662,"2025":2863209.647383,"2019":2743600.351913,"2012":2549434.876003,"division":"Rajshahi","UpazilaID":4626},"geometry":{"type":"Polygon","coordinates":[[[89.7215755,24.0135251],[89.7024325,24.0243758],[89.6976712,24.0362213],[89.6830177,24.0342429],[89.6845884,24.0583887],[89.6599057,24.0752153],[89.6373322,24.0867517],[89.630183,24.0832668],[89.6115649,24.0969184],[89.5931067,24.1023981],[89.5812248,24.1113156],[89.5593617,24.1113614],[89.5635796,24.1236283],[89.552195,24.1292816],[89.538728,24.1286522],[89.5292935,24.1365326],[89.5230608,24.1506912],[89.5351185,24.1728042],[89.5178602,24.1787919],[89.5156329,24.1973279],[89.5020476,24.2168715],[89.4900254,24.2172754],[89.4859139,24.2037544],[89.4694262,24.2008291],[89.4690391,24.2305285],[89.4565685,24.2337766],[89.4631581,24.2510118],[89.4594197,24.2621703],[89.4427935,24.2628136],[89.4284431,24.248331],[89.4251805,24.2577817],[89.4290286,24.2686676],[89.4205766,24.2831626],[89.4254502,24.3070542],[89.4184458,24.3216826],[89.3986967,24.323281],[89.3962038,24.3378126],[89.3842847,24.3406238],[89.365963,24.3538789],[89.3559791,24.3489993],[89.3334681,24.3487333],[89.3186407,24.3530658],[89.3174331,24.3413453],[89.3028587,24.3375716],[89.2864459,24.3236901],[89.2859452,24.3046346],[89.2766832,24.3047105],[89.2683649,24.2956984],[89.254932,24.2734551],[89.2416616,24.2756434],[89.2332928,24.2572426],[89.2316776,24.2449832],[89.2152657,24.2117402],[89.2010453,24.2077698],[89.1927402,24.1989332],[89.1750277,24.2006689],[89.1631127,24.1862625],[89.1570525,24.1708632],[89.1098417,24.165241],[89.0953915,24.1568245],[89.0814326,24.1560017],[89.0675162,24.1500017],[89.056042,24.1508986],[89.0519041,24.1411479],[89.0411014,24.1404335],[89.0338791,24.1475222],[89.0322631,24.1661893],[88.9980921,24.156846],[89.0121325,24.1439737],[89.0066777,24.1181167],[89.0254904,24.0936105],[89.0308903,24.0714936],[89.0481319,24.0196229],[89.0628122,23.9873709],[89.0727554,23.9778753],[89.0962043,23.9725274],[89.098615,23.959864],[89.1248892,23.9624224],[89.1519049,23.9501322],[89.1702551,23.9510684],[89.1791877,23.9668741],[89.1777676,23.9874228],[89.2162764,23.9884914],[89.215942,23.9726801],[89.2370041,23.9728873],[89.2354032,23.9497109],[89.2405181,23.9392074],[89.2513288,23.9337509],[89.2528437,23.9227964],[89.2623604,23.9097906],[89.2586158,23.8847416],[89.2690999,23.8809701],[89.273509,23.901335],[89.3038733,23.8887792],[89.312026,23.8743826],[89.3305301,23.8792811],[89.3471483,23.8892201],[89.3553514,23.8859439],[89.3634958,23.8919638],[89.3645993,23.9107043],[89.3903259,23.9048089],[89.4089295,23.8817343],[89.4315589,23.8674533],[89.4625743,23.8426791],[89.5149639,23.8186417],[89.551211,23.8136577],[89.5715258,23.8081092],[89.5834897,23.8144184],[89.6349256,23.8090886],[89.6638474,23.8093192],[89.6958446,23.8145465],[89.7128779,23.826204],[89.7327413,23.8353682],[89.7120901,23.8585213],[89.7100274,23.867201],[89.6979401,23.885378],[89.7023109,23.8955249],[89.6954214,23.9239188],[89.6846239,23.9256787],[89.6861587,23.9375927],[89.6927125,23.9426087],[89.6914189,23.9757925],[89.6982676,23.9962084],[89.7215755,24.0135251]]]}},{"type":"Feature","properties":{"2024":709121.059074,"2023":709121.059074,"DistrictID":144,"2020":712204.57596,"2014":718477.719683,"2021":711172.834991,"2022":710145,"district":"Narail","2018":714279.82369,"2013":719537.139567,"2017":715323.354485,"2016":716370.839328,"2015":717422.290338,"2025":709121.059074,"2019":713240.234861,"2012":720600.562242,"division":"Khulna","UpazilaID":1563},"geometry":{"type":"Polygon","coordinates":[[[89.6176524,23.3044387],[89.6044325,23.3122844],[89.6032469,23.3212422],[89.5600488,23.3203557],[89.5562844,23.3087146],[89.5342471,23.3031772],[89.524478,23.2781779],[89.5029164,23.2886069],[89.4969728,23.2953073],[89.4804278,23.2995649],[89.4802933,23.2849159],[89.4635181,23.2837721],[89.4626217,23.2682583],[89.4480413,23.2575291],[89.4407766,23.2617737],[89.4255749,23.258716],[89.4261286,23.2390567],[89.4185921,23.230839],[89.4225234,23.2031336],[89.4222591,23.1811469],[89.412081,23.16761],[89.4088291,23.1534329],[89.4192958,23.1403609],[89.3951433,23.1430839],[89.3782231,23.1355709],[89.3827466,23.128954],[89.3896895,23.1047533],[89.3853401,23.0850878],[89.4166341,23.0830679],[89.4386799,23.1118765],[89.4436432,23.0910072],[89.4404936,23.0735469],[89.4437005,23.0551188],[89.4540636,23.0539405],[89.4573046,23.041391],[89.4684899,23.0323992],[89.4910747,23.0374603],[89.5010744,23.0331969],[89.5102917,23.0155877],[89.5295418,23.006816],[89.5371925,22.9841942],[89.552084,22.9772774],[89.5605454,22.983848],[89.5677154,22.9913874],[89.5869318,22.9854467],[89.5846697,22.9776981],[89.6055731,22.9576618],[89.6166427,22.9640851],[89.6309924,22.9617033],[89.6500374,22.9686615],[89.6508287,22.9831727],[89.6703381,22.9764586],[89.6768277,22.9675108],[89.6890447,22.9766906],[89.7098863,22.9712682],[89.7346077,22.9728958],[89.7491627,22.9639069],[89.760656,22.9647134],[89.7675628,22.9777387],[89.7797966,22.9834021],[89.7863609,22.9620903],[89.8010467,22.94126],[89.806241,22.9557381],[89.8014485,22.9719152],[89.7924727,22.9803732],[89.7968225,22.9963072],[89.7687385,23.0045478],[89.7577383,23.0136128],[89.7546971,23.0320465],[89.7448638,23.0504738],[89.72973,23.0534399],[89.7363937,23.0710747],[89.7244831,23.0809532],[89.6906352,23.0986794],[89.6726142,23.1231437],[89.6774829,23.1328594],[89.6946625,23.1276097],[89.6999792,23.1145611],[89.7136169,23.1162887],[89.7395005,23.1305525],[89.7416677,23.1422937],[89.7301767,23.1584503],[89.7389814,23.1733581],[89.7607502,23.1745603],[89.7573687,23.186571],[89.7325035,23.186192],[89.7136732,23.1779087],[89.6960573,23.1620235],[89.6899098,23.1635071],[89.6797654,23.1798928],[89.6812787,23.1980261],[89.6880129,23.2103914],[89.685555,23.2272283],[89.6684159,23.2448754],[89.6418339,23.2324564],[89.6329825,23.2376859],[89.6319556,23.2483369],[89.6368295,23.2616151],[89.6480111,23.2724153],[89.6657151,23.2828353],[89.6492167,23.2897192],[89.6337611,23.2890132],[89.6254939,23.2929072],[89.6176524,23.3044387]]]}},{"type":"Feature","properties":{"2024":3476406.207656,"2023":3476406.207656,"DistrictID":145,"2020":3376401.710197,"2014":3187069.667786,"2021":3409329.819356,"2022":3442663,"district":"Serajganj","2018":3311741.189664,"2013":3156843.353363,"2017":3279999.170399,"2016":3248643.005331,"2015":3217668.037582,"2025":3476406.207656,"2019":3343873.778233,"2012":3126984.60781,"division":"Rajshahi","UpazilaID":3700},"geometry":{"type":"Polygon","coordinates":[[[89.7852048,24.0352473],[89.8014193,24.0516814],[89.8165759,24.0631724],[89.8228517,24.0731661],[89.8249384,24.0879464],[89.8168415,24.1094048],[89.8165278,24.1312821],[89.819843,24.1406772],[89.8068603,24.1488784],[89.8025675,24.1600981],[89.7863774,24.1589874],[89.7836811,24.171046],[89.7981412,24.1721271],[89.7872645,24.2104315],[89.7830755,24.2374856],[89.7902887,24.2689125],[89.7869707,24.2885722],[89.7742141,24.3015096],[89.7715087,24.3303485],[89.7520143,24.3497258],[89.7524242,24.3600747],[89.7659497,24.3752302],[89.7613137,24.3948763],[89.7465782,24.4305422],[89.7544823,24.4556206],[89.7428964,24.4553107],[89.7425709,24.4712049],[89.7489502,24.4728233],[89.7489026,24.4870041],[89.7580315,24.4998441],[89.7555138,24.5063248],[89.7350298,24.5164413],[89.746122,24.5204586],[89.7474239,24.5377146],[89.7692721,24.5397552],[89.7674644,24.556789],[89.772148,24.5638792],[89.7890685,24.5722892],[89.780708,24.5912002],[89.7716214,24.6002138],[89.7650285,24.6138362],[89.7659136,24.6234636],[89.7845399,24.6255755],[89.7834172,24.6695106],[89.7986048,24.6785684],[89.7901369,24.686417],[89.7880056,24.6967517],[89.7724048,24.7240242],[89.7873917,24.727525],[89.7869802,24.7407323],[89.7812294,24.7634065],[89.770959,24.7729159],[89.7580017,24.7671775],[89.74046,24.7684447],[89.7153356,24.7773463],[89.6795259,24.7838634],[89.6664642,24.7470971],[89.6570905,24.7399315],[89.6607597,24.7284074],[89.648074,24.7186626],[89.6377365,24.6963293],[89.624032,24.6854658],[89.6074395,24.6870586],[89.6039634,24.6946889],[89.5904793,24.7027957],[89.5647501,24.6992592],[89.5616983,24.6879955],[89.5494412,24.6737512],[89.5461072,24.6515714],[89.5607781,24.6501581],[89.5545248,24.6394837],[89.5593251,24.6264723],[89.5830631,24.6181339],[89.6017018,24.6052186],[89.5993004,24.5946471],[89.6042755,24.5831055],[89.601785,24.5624269],[89.5914917,24.5539673],[89.5710468,24.5471458],[89.5558016,24.5554457],[89.5285513,24.5518548],[89.5044737,24.5567979],[89.4998001,24.5531168],[89.4807774,24.5551185],[89.4639322,24.544189],[89.431173,24.550781],[89.4257241,24.5608095],[89.4097536,24.5609877],[89.4035781,24.5517305],[89.3718269,24.5544041],[89.3677844,24.5581329],[89.339034,24.5594648],[89.3303494,24.5348619],[89.3216241,24.5299877],[89.316421,24.5148565],[89.2832549,24.4799344],[89.2839065,24.4621593],[89.275438,24.4486814],[89.2484157,24.4330569],[89.2598206,24.4230849],[89.2661556,24.4275118],[89.2852891,24.4202874],[89.2835428,24.4029467],[89.2886741,24.3753883],[89.2940067,24.364597],[89.3186407,24.3530658],[89.3334681,24.3487333],[89.3559791,24.3489993],[89.365963,24.3538789],[89.3842847,24.3406238],[89.3962038,24.3378126],[89.3986967,24.323281],[89.4184458,24.3216826],[89.4254502,24.3070542],[89.4205766,24.2831626],[89.4290286,24.2686676],[89.4251805,24.2577817],[89.4284431,24.248331],[89.4427935,24.2628136],[89.4594197,24.2621703],[89.4631581,24.2510118],[89.4565685,24.2337766],[89.4690391,24.2305285],[89.4694262,24.2008291],[89.4859139,24.2037544],[89.4900254,24.2172754],[89.5020476,24.2168715],[89.5156329,24.1973279],[89.5178602,24.1787919],[89.5351185,24.1728042],[89.5230608,24.1506912],[89.5292935,24.1365326],[89.538728,24.1286522],[89.552195,24.1292816],[89.5635796,24.1236283],[89.5593617,24.1113614],[89.5812248,24.1113156],[89.5931067,24.1023981],[89.6115649,24.0969184],[89.630183,24.0832668],[89.6373322,24.0867517],[89.6599057,24.0752153],[89.6845884,24.0583887],[89.6830177,24.0342429],[89.6976712,24.0362213],[89.7024325,24.0243758],[89.7215755,24.0135251],[89.7455899,24.022931],[89.7574536,24.0221989],[89.7746202,24.0274537],[89.7852048,24.0352473]]]}},{"type":"Feature","properties":{"2024":3190810.88669,"2023":3190810.88669,"DistrictID":146,"2020":3064027.507302,"2014":2839231.843918,"2021":3105121.704072,"2022":3147367,"district":"Rangpur","2018":2985112.981172,"2013":2805032.391561,"2017":2947207.914002,"2016":2910284.286957,"2015":2874304.303119,"2025":3190810.88669,"2019":3024039.045062,"2012":2771672.95511,"division":"Rangpur","UpazilaID":3220},"geometry":{"type":"Polygon","coordinates":[[[89.5358905,25.6489942],[89.5209219,25.6454862],[89.5143249,25.6584024],[89.5196416,25.6801691],[89.5082539,25.7172979],[89.4921519,25.7133394],[89.4864818,25.7226764],[89.4978052,25.7298445],[89.4991012,25.7482009],[89.4819437,25.7527461],[89.4796784,25.7628878],[89.4629413,25.7861717],[89.4591874,25.7863751],[89.4293922,25.7884945],[89.424395,25.7938126],[89.3921168,25.7961239],[89.3762713,25.8042705],[89.3704786,25.8121365],[89.3486394,25.8238603],[89.334552,25.8372559],[89.3350495,25.8495516],[89.3278694,25.8567367],[89.3162865,25.8579378],[89.2957766,25.8765114],[89.2913634,25.8899796],[89.2819153,25.8960869],[89.264724,25.8902889],[89.2589072,25.8975389],[89.2351721,25.9045462],[89.2119019,25.9272753],[89.2015114,25.9444709],[89.1920508,25.9426131],[89.18034,25.9524283],[89.1532549,25.9549463],[89.141843,25.9641742],[89.1253586,25.960522],[89.1174621,25.9662726],[89.1027342,25.9451415],[89.1032102,25.9113319],[89.0978728,25.9057497],[89.1151482,25.8817753],[89.1025697,25.8752234],[89.0961133,25.8613977],[89.1003941,25.8512583],[89.0872991,25.8432578],[89.0912714,25.8290529],[89.0620078,25.8340977],[89.0452645,25.8161884],[89.0331284,25.8185371],[89.0084949,25.8159885],[88.985718,25.8074008],[88.9733499,25.807279],[88.9566859,25.813829],[88.9517892,25.8031207],[88.9618322,25.7843272],[88.9453829,25.774766],[88.9438936,25.7605674],[88.9513494,25.75321],[88.9519521,25.742474],[88.9410692,25.7343293],[88.9462613,25.7270729],[88.9308498,25.7209206],[88.9319824,25.7061999],[88.9380523,25.6993977],[88.9389834,25.6856675],[88.9781257,25.6687775],[88.9795816,25.6568564],[88.9915995,25.6607193],[89.0011924,25.6490717],[88.9948602,25.643548],[89.002282,25.6345022],[89.0001658,25.6205845],[89.0097272,25.6194633],[89.016007,25.6025081],[89.0383142,25.6039817],[89.0445888,25.5984639],[89.0469507,25.5838581],[89.0605463,25.5883023],[89.0964007,25.5683247],[89.1043354,25.5676719],[89.095021,25.5504378],[89.1049235,25.5339024],[89.1019232,25.5277127],[89.1066963,25.5067758],[89.1039003,25.4998114],[89.1063306,25.4717518],[89.1230916,25.4655748],[89.1249138,25.4518196],[89.1376983,25.4458349],[89.1485062,25.4339463],[89.1486578,25.4166084],[89.1601737,25.4027949],[89.1708108,25.405312],[89.1764978,25.397932],[89.2048876,25.3888532],[89.2171251,25.3757359],[89.2215151,25.3656132],[89.2318023,25.3610348],[89.2346277,25.351355],[89.2270752,25.3440423],[89.2352192,25.3330419],[89.2378189,25.3191375],[89.260977,25.3144671],[89.2806563,25.3013452],[89.3134871,25.2994467],[89.3183519,25.3027507],[89.3427579,25.3042962],[89.3302116,25.3219275],[89.3468937,25.3368573],[89.3402898,25.3423669],[89.3451508,25.3543877],[89.3431383,25.3667514],[89.350844,25.3783145],[89.3637308,25.3886885],[89.3661721,25.4032238],[89.3783535,25.4100181],[89.3803393,25.4437496],[89.391414,25.4418408],[89.3981423,25.4597293],[89.4145348,25.4629404],[89.4300178,25.4742672],[89.4342749,25.4876237],[89.4413351,25.4936824],[89.4397899,25.5120983],[89.4340382,25.5204952],[89.4397001,25.5297623],[89.4112637,25.5365132],[89.4029014,25.5335044],[89.4130317,25.5757654],[89.4128801,25.5883466],[89.4429454,25.5844441],[89.4655034,25.5976553],[89.4864916,25.5810337],[89.4905092,25.5903782],[89.4894784,25.6042659],[89.4969329,25.6219711],[89.5133792,25.6193488],[89.5301708,25.6444349],[89.5358905,25.6489942]]]}},{"type":"Feature","properties":{"2024":1677289.331628,"2023":1677289.331628,"DistrictID":147,"2020":1676664.652692,"2014":1677897.016813,"2021":1676779.930549,"2022":1676988,"district":"Khulna","2018":1676710.659898,"2013":1678419.27121,"2017":1676871.073792,"2016":1677122.536653,"2015":1677464.64702,"2025":1677289.331628,"2019":1676641.709975,"2012":1679031.048511,"division":"Khulna","UpazilaID":2733},"geometry":{"type":"MultiPolygon","coordinates":[[[[89.3787634,21.8695029],[89.3647272,21.8469799],[89.359929,21.826213],[89.3486628,21.8038573],[89.3548882,21.7969021],[89.3600744,21.7517876],[89.363687,21.7448696],[89.3834898,21.727112],[89.3946921,21.7217989],[89.4104141,21.7245326],[89.4261041,21.735488],[89.4265072,21.744177],[89.4425601,21.7541417],[89.4538031,21.7650794],[89.4740182,21.7934476],[89.4733261,21.8077878],[89.4573715,21.8300145],[89.4501381,21.8469624],[89.422138,21.846173],[89.401134,21.8500351],[89.3915084,21.8601374],[89.3975256,21.8684017],[89.3936805,21.8742653],[89.3787634,21.8695029]]],[[[89.3269695,22.1279612],[89.3267668,22.1400126],[89.3355983,22.148446],[89.3318167,22.1817742],[89.3188648,22.1754203],[89.3048693,22.1610451],[89.2911667,22.1528502],[89.2781561,22.1192932],[89.2806265,22.1147185],[89.3183397,22.1084632],[89.3250289,22.0899288],[89.344547,22.0643529],[89.3406308,22.0548866],[89.329304,22.0558101],[89.3048728,22.0719469],[89.2897332,22.0603175],[89.3019193,22.0415462],[89.3296548,21.9872393],[89.3455076,21.9728014],[89.3495612,21.9830959],[89.3419701,22.0190238],[89.3448536,22.036914],[89.3634678,22.0530601],[89.3654535,22.0630559],[89.3807909,22.0822022],[89.3839855,22.0914698],[89.3697663,22.0954573],[89.3601436,22.1079728],[89.3485607,22.1130821],[89.3492887,22.1321667],[89.3334188,22.1244246],[89.3269695,22.1279612]]],[[[89.4869809,22.0093903],[89.4734674,22.0292183],[89.4711614,22.04631],[89.4568404,22.0492379],[89.44226,22.0624044],[89.4308704,22.047809],[89.4330664,22.0225364],[89.4390616,21.9923098],[89.434868,21.9833557],[89.4218706,21.971502],[89.4375618,21.9500434],[89.4555981,21.943985],[89.462442,21.9296174],[89.4524504,21.9095054],[89.4851905,21.9087028],[89.5033889,21.91287],[89.5087937,21.9278979],[89.5083864,21.9569637],[89.4952387,21.9793933],[89.4869809,22.0093903]]],[[[89.4350277,22.1631959],[89.4171676,22.1589285],[89.4081507,22.1494319],[89.4116199,22.1372337],[89.4077129,22.1267826],[89.3853973,22.1186408],[89.3837334,22.1017432],[89.3909295,22.0924851],[89.3892719,22.0769175],[89.3771945,22.0661337],[89.3903867,22.0570264],[89.4033529,22.054981],[89.4106281,22.0496436],[89.4173047,22.0367702],[89.426081,22.0432266],[89.4305617,22.0575895],[89.4485577,22.074985],[89.4646518,22.0787265],[89.4850524,22.0890287],[89.4606264,22.1172406],[89.4580987,22.1256141],[89.4628078,22.1430956],[89.4431114,22.1598783],[89.4350277,22.1631959]]],[[[89.3766274,22.063471],[89.3677125,22.0465304],[89.3536628,22.0322394],[89.355938,22.004729],[89.3642814,21.9705587],[89.3625875,21.9596523],[89.3855318,21.9232684],[89.3929019,21.9440929],[89.3755221,21.9498532],[89.3765352,21.9620965],[89.3899869,21.9604424],[89.4023174,21.9689077],[89.3981305,21.9824303],[89.4077951,21.9883494],[89.432608,21.98845],[89.4269427,22.0270834],[89.4152007,22.0372887],[89.41301,22.0442985],[89.401843,22.0545049],[89.3901589,22.0557065],[89.3766274,22.063471]]],[[[89.4010201,21.9807585],[89.4036273,21.9701637],[89.4002488,21.9628283],[89.3768237,21.9514642],[89.3969264,21.9447519],[89.4015225,21.9320529],[89.4095863,21.9290781],[89.4033732,21.9159332],[89.4220501,21.8914706],[89.4514409,21.8745996],[89.4457324,21.8673614],[89.4212745,21.861445],[89.422239,21.8508352],[89.4490217,21.8510223],[89.4677151,21.8575377],[89.4652439,21.8748361],[89.4706977,21.9028211],[89.4518513,21.902797],[89.4452702,21.9155395],[89.4563409,21.9346995],[89.4326537,21.9447067],[89.4183241,21.9652614],[89.4154453,21.9861428],[89.4010201,21.9807585]]],[[[89.4614336,22.2434271],[89.4571009,22.2463242],[89.4361524,22.2357056],[89.4193147,22.2321078],[89.4201812,22.2278802],[89.418703,22.2248584],[89.4118911,22.2200605],[89.4015568,22.2219225],[89.4043383,22.2068089],[89.4125353,22.1975192],[89.4179079,22.1833332],[89.4330958,22.1663647],[89.4462744,22.162734],[89.4621989,22.1482312],[89.4724003,22.1645289],[89.4591052,22.1966678],[89.4574668,22.2239073],[89.4614336,22.2434271]]],[[[89.4767845,22.267319],[89.4789005,22.2725393],[89.4657914,22.2905821],[89.4487557,22.3231288],[89.4241282,22.3466255],[89.4246535,22.3242158],[89.4097478,22.3043164],[89.4300682,22.289632],[89.4328323,22.2738666],[89.4190913,22.255929],[89.4147987,22.2409422],[89.4197896,22.2364676],[89.4444349,22.2491768],[89.4574099,22.251528],[89.4767845,22.267319]]],[[[89.4064058,21.9301587],[89.3815598,21.9218142],[89.3849699,21.909158],[89.3820193,21.8789642],[89.3880783,21.8729411],[89.3947967,21.875379],[89.3984985,21.8688011],[89.3922105,21.8605313],[89.4051358,21.8494878],[89.4209416,21.847467],[89.41824,21.8583268],[89.4239483,21.8651834],[89.4455977,21.8690343],[89.4457194,21.8773055],[89.4250144,21.8867004],[89.4025318,21.9141132],[89.4064058,21.9301587]]],[[[89.3342636,21.8054588],[89.3376279,21.8180158],[89.3502516,21.8343206],[89.3557163,21.8603012],[89.3654019,21.8762585],[89.3567786,21.8803843],[89.343278,21.8701004],[89.3109602,21.8527132],[89.3092465,21.8429952],[89.3327704,21.7907761],[89.3342636,21.8054588]]],[[[89.482863,22.0572687],[89.5134022,22.078016],[89.5045733,22.0867003],[89.489215,22.090638],[89.4726614,22.0774143],[89.4512026,22.0712221],[89.4442207,22.0641437],[89.4538655,22.0527243],[89.4730078,22.0488391],[89.482863,22.0572687]]],[[[89.2770939,22.1127289],[89.268324,22.0907048],[89.2884372,22.0992178],[89.3002616,22.0980239],[89.3073524,22.0911775],[89.3069891,22.0769916],[89.3281768,22.060346],[89.339002,22.0670798],[89.321912,22.0884117],[89.3182309,22.1052523],[89.2770939,22.1127289]]],[[[89.5016089,22.1024905],[89.4961655,22.1299832],[89.4839287,22.1434249],[89.4712004,22.1388843],[89.4718261,22.1219036],[89.4866535,22.0952846],[89.5066403,22.0922609],[89.5016089,22.1024905]]],[[[89.5160238,22.0575915],[89.5139018,22.0741948],[89.4966374,22.0595533],[89.4795633,22.0516265],[89.4796326,22.0424524],[89.4958081,22.0301434],[89.5160238,22.0575915]]],[[[89.3487147,21.7029468],[89.3375176,21.7183204],[89.3303511,21.7013928],[89.3401122,21.6962794],[89.3487147,21.7029468]]],[[[89.7491627,22.9639069],[89.7346077,22.9728958],[89.7098863,22.9712682],[89.6890447,22.9766906],[89.6768277,22.9675108],[89.6703381,22.9764586],[89.6508287,22.9831727],[89.6500374,22.9686615],[89.6309924,22.9617033],[89.6166427,22.9640851],[89.6055731,22.9576618],[89.5846697,22.9776981],[89.5869318,22.9854467],[89.5677154,22.9913874],[89.5605454,22.983848],[89.5627764,22.970657],[89.5448988,22.9515536],[89.5276512,22.9456575],[89.5145447,22.9275818],[89.4852926,22.9493762],[89.4780147,22.9766759],[89.455899,23.0099658],[89.4394342,23.0079764],[89.4301576,22.9950157],[89.4269835,22.9619076],[89.4063039,22.9567944],[89.3924866,22.9325782],[89.3728929,22.9348681],[89.3585211,22.9229732],[89.3412135,22.9205758],[89.3564366,22.8794421],[89.3452661,22.8668809],[89.3573576,22.8630471],[89.3507934,22.8537709],[89.3527311,22.8346203],[89.3285502,22.8273139],[89.3285949,22.8381258],[89.296278,22.8427959],[89.2961846,22.8541926],[89.2670917,22.8510696],[89.2656172,22.8414278],[89.2510559,22.8459138],[89.2467436,22.8356448],[89.2563582,22.8313371],[89.2456245,22.8160144],[89.2551268,22.8093613],[89.2636675,22.8136714],[89.2702904,22.7909669],[89.2897897,22.7948362],[89.2965837,22.7878325],[89.2989472,22.7717969],[89.3101352,22.762213],[89.3106386,22.7501619],[89.3316518,22.7286306],[89.3295884,22.7160958],[89.3097707,22.717203],[89.304479,22.7039157],[89.3090091,22.6982714],[89.3053434,22.6855656],[89.2979763,22.6843455],[89.2883127,22.6955709],[89.2676212,22.7014218],[89.2596766,22.6936507],[89.2633494,22.6676764],[89.2946104,22.6537665],[89.3016351,22.6467763],[89.2807193,22.6356661],[89.2716374,22.6258064],[89.2639456,22.631617],[89.2659197,22.6443499],[89.2594601,22.6582801],[89.2506523,22.656491],[89.2459336,22.6338422],[89.256802,22.6264206],[89.2451204,22.6180754],[89.2432728,22.6101526],[89.2621527,22.604415],[89.2650901,22.5987883],[89.2618088,22.5790433],[89.2556369,22.5703481],[89.2411779,22.5667992],[89.2341931,22.5517671],[89.2486384,22.5279242],[89.2514487,22.5070735],[89.2575104,22.4944306],[89.2815642,22.4804196],[89.2841066,22.4749559],[89.2616439,22.4678954],[89.2588691,22.4555925],[89.2478852,22.4504269],[89.2412948,22.4373273],[89.2430593,22.4215482],[89.2531376,22.4060039],[89.2543257,22.3950095],[89.2401876,22.3747829],[89.2482439,22.3701684],[89.2639206,22.378003],[89.2731038,22.3478769],[89.2675767,22.3424358],[89.2510215,22.3393979],[89.2632211,22.3220246],[89.2756512,22.309791],[89.2808351,22.2881987],[89.3029962,22.2877734],[89.3139106,22.2845745],[89.3096976,22.2727273],[89.295335,22.2613087],[89.2928136,22.253362],[89.3113342,22.2297626],[89.3056904,22.2144577],[89.3135046,22.2099795],[89.3317291,22.2117486],[89.3342892,22.198069],[89.3256683,22.1887872],[89.3374158,22.1788413],[89.3403304,22.1491094],[89.3299542,22.1343046],[89.3454189,22.1365525],[89.3545149,22.1324187],[89.3508244,22.1184131],[89.3621684,22.1119261],[89.3693768,22.1002032],[89.3799269,22.100466],[89.3794977,22.1148439],[89.3866809,22.123589],[89.4049219,22.1294429],[89.4084945,22.1404657],[89.4061833,22.1521531],[89.4157796,22.161537],[89.4288863,22.1668413],[89.4142862,22.1843969],[89.4122192,22.1934815],[89.3913444,22.2032584],[89.4021761,22.2090016],[89.3933807,22.2226802],[89.4014619,22.2241465],[89.4105238,22.2203989],[89.4134121,22.2246307],[89.4190525,22.2267172],[89.4168673,22.2314441],[89.411571,22.2353676],[89.4089377,22.2413772],[89.4119961,22.2584174],[89.423978,22.2705713],[89.426412,22.2844364],[89.4116091,22.293879],[89.406883,22.3109775],[89.4207948,22.3242094],[89.4203355,22.3408554],[89.4237785,22.3622953],[89.4387595,22.3859363],[89.427677,22.4000474],[89.424478,22.4115415],[89.4344438,22.4136635],[89.4476488,22.4000212],[89.4478523,22.3787035],[89.4336128,22.3571174],[89.4704505,22.3126395],[89.4762834,22.299429],[89.4881412,22.2850033],[89.4947747,22.2659703],[89.4760713,22.2327938],[89.4897167,22.1952424],[89.5133608,22.1236761],[89.5164,22.1033941],[89.5332174,22.0884387],[89.5356942,22.0795252],[89.5333671,22.0588073],[89.5238263,22.0379223],[89.5101759,22.0166284],[89.5321657,21.9947971],[89.5415753,22.009835],[89.5480337,22.0392136],[89.5606551,22.0724183],[89.5761186,22.0981419],[89.5838977,22.1231881],[89.5804148,22.1352861],[89.5618762,22.1643495],[89.5451992,22.1859733],[89.5415505,22.2025155],[89.5476817,22.2140459],[89.5771078,22.2414346],[89.5864368,22.244308],[89.5791932,22.2596501],[89.5819273,22.2795197],[89.5863962,22.2885763],[89.6062407,22.3081928],[89.6239607,22.3418715],[89.6196151,22.3630636],[89.6288232,22.3659067],[89.6268141,22.3914157],[89.6226183,22.4067777],[89.6055282,22.4318001],[89.6026166,22.4469459],[89.5960543,22.4499308],[89.587612,22.4789655],[89.5820587,22.515166],[89.5676201,22.5560473],[89.5323675,22.6091006],[89.5369794,22.6253821],[89.5526118,22.642361],[89.5490878,22.6613742],[89.5582826,22.679264],[89.5771583,22.6684476],[89.580021,22.6731564],[89.5702009,22.6916474],[89.6030952,22.7032264],[89.5915374,22.7091259],[89.5976133,22.7207716],[89.598713,22.738553],[89.6082086,22.752009],[89.6112477,22.7739789],[89.6357694,22.7664544],[89.6442684,22.7740438],[89.6471624,22.7528849],[89.6572451,22.7583657],[89.6550611,22.7728863],[89.6610598,22.7762315],[89.6658794,22.7953927],[89.6770487,22.7978994],[89.6750003,22.811175],[89.7115226,22.826133],[89.7176871,22.8485937],[89.7114081,22.8580153],[89.6989905,22.864641],[89.6989297,22.8776012],[89.7193404,22.884385],[89.7267964,22.8943891],[89.7214139,22.9029136],[89.7363573,22.9133989],[89.7297012,22.9238643],[89.7511215,22.9456849],[89.7491627,22.9639069]]]]}},{"type":"Feature","properties":{"2024":1191635.317672,"2023":1191635.317672,"DistrictID":148,"2020":1181517.602392,"2014":1163643.255725,"2021":1184799.857481,"2022":1188172,"district":"Shariatpur","2018":1175217.750878,"2013":1160956.575765,"2017":1172197.724751,"2016":1169262.725649,"2015":1166411.608601,"2025":1191635.317672,"2019":1178323.976564,"2012":1158350.503642,"division":"Dhaka","UpazilaID":2776},"geometry":{"type":"MultiPolygon","coordinates":[[[[90.5562759,23.1351692],[90.5717186,23.1524247],[90.5934187,23.1911519],[90.6077635,23.2135333],[90.5981023,23.2324717],[90.5652592,23.2606366],[90.5456415,23.2834582],[90.5330526,23.2860352],[90.5263042,23.2936101],[90.5021066,23.3018693],[90.5047928,23.3264387],[90.5252801,23.3260569],[90.5294105,23.3364517],[90.5594394,23.3380201],[90.5906737,23.3359458],[90.5760617,23.3580036],[90.5468131,23.3674174],[90.5386889,23.3793492],[90.4996146,23.4039279],[90.4867846,23.4046713],[90.470277,23.4109562],[90.4309553,23.416242],[90.4305071,23.4066791],[90.4164683,23.4021415],[90.4012641,23.4035153],[90.3954515,23.4114661],[90.3611568,23.4295833],[90.3213622,23.4381127],[90.2994939,23.451185],[90.2813847,23.4465064],[90.2713643,23.4270474],[90.2448549,23.4274841],[90.2372328,23.4167788],[90.2235145,23.4128702],[90.2217183,23.3986627],[90.241208,23.3941185],[90.2586204,23.3861066],[90.2351141,23.368876],[90.2323843,23.3605307],[90.2421988,23.3553636],[90.2471677,23.3431589],[90.2278422,23.3322825],[90.2380241,23.3271585],[90.2439269,23.3176116],[90.2392083,23.2895784],[90.2301792,23.2699617],[90.2417933,23.2474641],[90.2416682,23.2322874],[90.2529052,23.2113669],[90.2665394,23.2089703],[90.2703435,23.2001333],[90.2833599,23.1976675],[90.2837733,23.1822741],[90.2919181,23.146225],[90.308156,23.1445337],[90.3097252,23.1376721],[90.3290163,23.1375986],[90.3482075,23.1295466],[90.346295,23.1186352],[90.352369,23.1040934],[90.3402187,23.0714426],[90.3487856,23.056747],[90.3831248,23.0562932],[90.3944401,23.04731],[90.4227084,23.0389038],[90.4214049,23.0285353],[90.4075506,23.0170806],[90.4173438,23.0071879],[90.4314044,23.0126171],[90.4582419,23.0158874],[90.4766451,23.0250108],[90.4963739,23.0393385],[90.4978158,23.0487556],[90.4873949,23.0502091],[90.4826046,23.06563],[90.4985104,23.0690448],[90.5030907,23.0885042],[90.5230452,23.1113361],[90.5562759,23.1351692]]],[[[90.5293135,23.3283258],[90.5346208,23.3224285],[90.5589711,23.3280794],[90.5527343,23.334459],[90.5293135,23.3283258]]],[[[90.4757141,23.0075828],[90.4892175,23.0139519],[90.4898084,23.02253],[90.4777074,23.0162764],[90.4757141,23.0075828]]]]}},{"type":"Feature","properties":{"2024":989606.451706,"2023":989606.451706,"DistrictID":149,"2020":971211.067371,"2014":935626.913335,"2021":977297.327949,"2022":983429,"district":"Magura","2018":959173.323342,"2013":929848.480702,"2017":953221.118907,"2016":947312.883908,"2015":941448.265384,"2025":989606.451706,"2019":965169.853173,"2012":924112.623342,"division":"Khulna","UpazilaID":1685},"geometry":{"type":"Polygon","coordinates":[[[89.4255749,23.258716],[89.4407766,23.2617737],[89.4480413,23.2575291],[89.4626217,23.2682583],[89.4635181,23.2837721],[89.4802933,23.2849159],[89.4804278,23.2995649],[89.4969728,23.2953073],[89.5029164,23.2886069],[89.524478,23.2781779],[89.5342471,23.3031772],[89.5562844,23.3087146],[89.5600488,23.3203557],[89.6032469,23.3212422],[89.6044325,23.3122844],[89.6176524,23.3044387],[89.6214833,23.3101846],[89.6042673,23.3377362],[89.6079914,23.3699713],[89.5999003,23.3778552],[89.617595,23.3868245],[89.6065835,23.4243566],[89.6072246,23.468962],[89.6006428,23.4787538],[89.5723992,23.4980711],[89.5270972,23.5129989],[89.5082097,23.506412],[89.5072838,23.4777573],[89.4958667,23.4750087],[89.4903215,23.4821931],[89.4898955,23.5005626],[89.5014407,23.5209834],[89.5216692,23.5301061],[89.5324118,23.5287116],[89.5375041,23.5360613],[89.5230395,23.550545],[89.5109831,23.5514064],[89.4992634,23.5580566],[89.49732,23.5790614],[89.4842288,23.5927638],[89.4706136,23.597131],[89.4821249,23.6199059],[89.4701012,23.6347679],[89.4419955,23.6389152],[89.4362634,23.6457749],[89.4395116,23.6588499],[89.4162194,23.6736821],[89.4112704,23.6818665],[89.3857006,23.6765064],[89.3751582,23.6647131],[89.3664945,23.6641185],[89.3750249,23.6600739],[89.3572223,23.6390765],[89.3526226,23.6169505],[89.34758,23.6144122],[89.3411955,23.5883701],[89.3451516,23.579281],[89.3379261,23.5680355],[89.3231197,23.5651502],[89.3139545,23.5532386],[89.3143662,23.5449887],[89.3033878,23.5272047],[89.306991,23.5178858],[89.2980481,23.4973488],[89.3069623,23.48234],[89.3030821,23.4552189],[89.2876351,23.4434136],[89.2730075,23.4366384],[89.256688,23.4410693],[89.2560498,23.4337133],[89.2705388,23.4287229],[89.255325,23.4129638],[89.2459623,23.392537],[89.251206,23.3763601],[89.2580757,23.3705014],[89.2766194,23.3652516],[89.2733601,23.354486],[89.2837216,23.3495398],[89.288271,23.3358699],[89.3005228,23.330247],[89.3077854,23.3184707],[89.319063,23.3235564],[89.3264252,23.2984648],[89.3367287,23.3035224],[89.3485569,23.2848391],[89.3584633,23.2951169],[89.3725138,23.2997896],[89.3732675,23.2901997],[89.3969222,23.2802784],[89.414917,23.2691971],[89.4255749,23.258716]]]}},{"type":"Feature","properties":{"2024":1119583.400694,"2023":1119583.400694,"DistrictID":151,"2020":1101377.737947,"2014":1066482.027393,"2021":1107389.536601,"2022":1113458,"district":"Rajbari","2018":1089523.059984,"2013":1060859.506407,"2017":1083679.650844,"2016":1077891.846765,"2015":1072159.390396,"2025":1119583.400694,"2019":1095422.334555,"2012":1055291.579073,"division":"Dhaka","UpazilaID":1726},"geometry":{"type":"Polygon","coordinates":[[[89.7327413,23.8353682],[89.7128779,23.826204],[89.6958446,23.8145465],[89.6638474,23.8093192],[89.6349256,23.8090886],[89.5834897,23.8144184],[89.5715258,23.8081092],[89.551211,23.8136577],[89.5149639,23.8186417],[89.4625743,23.8426791],[89.4315589,23.8674533],[89.4089295,23.8817343],[89.3903259,23.9048089],[89.3645993,23.9107043],[89.3634958,23.8919638],[89.3553514,23.8859439],[89.360768,23.8827753],[89.3524279,23.8623256],[89.3513337,23.8411304],[89.3364623,23.8287478],[89.3368645,23.8190891],[89.3296417,23.8042801],[89.3301964,23.7785425],[89.3110715,23.7761642],[89.3219863,23.766014],[89.3150269,23.7474887],[89.2981584,23.7360223],[89.3120287,23.7290118],[89.3114925,23.7194488],[89.3225476,23.7131638],[89.321607,23.702991],[89.3664945,23.6641185],[89.3751582,23.6647131],[89.3857006,23.6765064],[89.4112704,23.6818665],[89.4162194,23.6736821],[89.4395116,23.6588499],[89.4362634,23.6457749],[89.4419955,23.6389152],[89.4701012,23.6347679],[89.4821249,23.6199059],[89.4706136,23.597131],[89.4842288,23.5927638],[89.49732,23.5790614],[89.5070659,23.5867381],[89.5206783,23.5858905],[89.5293798,23.5708783],[89.5422474,23.5767936],[89.5482238,23.5909201],[89.5619086,23.5918371],[89.5648139,23.6040269],[89.5859008,23.5943937],[89.60501,23.5950515],[89.6177802,23.5893256],[89.6462729,23.5907921],[89.6547431,23.609615],[89.666452,23.6087819],[89.6724655,23.5966886],[89.6694618,23.5856154],[89.7131053,23.5893695],[89.7295665,23.5816545],[89.7521811,23.5900142],[89.7546057,23.5978506],[89.7469157,23.6073182],[89.7284141,23.6191063],[89.7313637,23.6362002],[89.7282906,23.6661671],[89.7557344,23.6665532],[89.7547268,23.6765451],[89.7624955,23.6809731],[89.7898368,23.6828857],[89.792693,23.7085994],[89.810513,23.7212556],[89.818332,23.715147],[89.8407939,23.7087292],[89.8442225,23.7130339],[89.8649004,23.718871],[89.8444493,23.7387287],[89.835825,23.7509901],[89.8162186,23.7640856],[89.8107631,23.7728525],[89.782102,23.7963417],[89.7773555,23.8033036],[89.7709403,23.8332923],[89.7420899,23.8331638],[89.7327413,23.8353682]]]}},{"type":"Feature","properties":{"2024":2029192.498577,"2023":2029192.498577,"DistrictID":152,"2020":1996852.234784,"2014":1938816.734395,"2021":2007379.012444,"2022":2018158,"district":"Faridpur","2018":1976542.652238,"2013":1929972.002683,"2017":1966753.787298,"2016":1957205.008668,"2015":1947893.547018,"2025":2029192.498577,"2019":1986574.475776,"2012":1921356.882144,"division":"Dhaka","UpazilaID":3495},"geometry":{"type":"Polygon","coordinates":[[[90.0238932,23.2882504],[90.0257316,23.3058823],[90.0313199,23.3172524],[90.0325962,23.332884],[90.0393431,23.3391972],[90.0536564,23.3252807],[90.0675944,23.305185],[90.0844814,23.3060536],[90.0928895,23.3125313],[90.0915753,23.3264561],[90.1021898,23.3335761],[90.0986028,23.3426364],[90.0840477,23.3491515],[90.0925116,23.3740798],[90.0972002,23.3804814],[90.0973283,23.4029251],[90.1101755,23.4125537],[90.1025661,23.4201224],[90.1111156,23.4325093],[90.1058913,23.4457017],[90.1106928,23.4563426],[90.1351947,23.4652033],[90.1416152,23.4754127],[90.1531564,23.4656056],[90.1707849,23.4886026],[90.1820035,23.4980373],[90.1582572,23.5221472],[90.147778,23.5411757],[90.1298949,23.5650982],[90.1020094,23.5685798],[90.0781695,23.5614237],[90.0740358,23.5654945],[90.0465462,23.5742795],[90.0554521,23.5844549],[90.0419787,23.596116],[90.039007,23.6093927],[90.0476122,23.6130594],[90.0447607,23.6290116],[90.0076972,23.6349422],[89.9936916,23.6410688],[89.9380927,23.653874],[89.9208469,23.6684744],[89.8977026,23.6736914],[89.8893734,23.6831836],[89.8649004,23.718871],[89.8442225,23.7130339],[89.8407939,23.7087292],[89.818332,23.715147],[89.810513,23.7212556],[89.792693,23.7085994],[89.7898368,23.6828857],[89.7624955,23.6809731],[89.7547268,23.6765451],[89.7557344,23.6665532],[89.7282906,23.6661671],[89.7313637,23.6362002],[89.7284141,23.6191063],[89.7469157,23.6073182],[89.7546057,23.5978506],[89.7521811,23.5900142],[89.7295665,23.5816545],[89.7131053,23.5893695],[89.6694618,23.5856154],[89.6724655,23.5966886],[89.666452,23.6087819],[89.6547431,23.609615],[89.6462729,23.5907921],[89.6177802,23.5893256],[89.60501,23.5950515],[89.5859008,23.5943937],[89.5648139,23.6040269],[89.5619086,23.5918371],[89.5482238,23.5909201],[89.5422474,23.5767936],[89.5293798,23.5708783],[89.5206783,23.5858905],[89.5070659,23.5867381],[89.49732,23.5790614],[89.4992634,23.5580566],[89.5109831,23.5514064],[89.5230395,23.550545],[89.5375041,23.5360613],[89.5324118,23.5287116],[89.5216692,23.5301061],[89.5014407,23.5209834],[89.4898955,23.5005626],[89.4903215,23.4821931],[89.4958667,23.4750087],[89.5072838,23.4777573],[89.5082097,23.506412],[89.5270972,23.5129989],[89.5723992,23.4980711],[89.6006428,23.4787538],[89.6072246,23.468962],[89.6065835,23.4243566],[89.617595,23.3868245],[89.5999003,23.3778552],[89.6079914,23.3699713],[89.6042673,23.3377362],[89.6214833,23.3101846],[89.6176524,23.3044387],[89.6254939,23.2929072],[89.6337611,23.2890132],[89.6492167,23.2897192],[89.6657151,23.2828353],[89.6480111,23.2724153],[89.6368295,23.2616151],[89.6319556,23.2483369],[89.6329825,23.2376859],[89.6418339,23.2324564],[89.6684159,23.2448754],[89.685555,23.2272283],[89.6880129,23.2103914],[89.7045762,23.2257865],[89.7168959,23.2334722],[89.7154915,23.2404822],[89.7312391,23.2473881],[89.7304966,23.2570297],[89.7425604,23.2627618],[89.7513558,23.2765029],[89.7443969,23.2858371],[89.733115,23.29128],[89.7402996,23.2989724],[89.7478987,23.291301],[89.76461,23.2896073],[89.8049291,23.3261576],[89.8152182,23.3331335],[89.823581,23.3455614],[89.8393943,23.3318718],[89.8502797,23.3406741],[89.8591213,23.3401894],[89.8719414,23.321621],[89.8836939,23.335636],[89.9047141,23.3421998],[89.9160951,23.3306461],[89.9056524,23.3157203],[89.9143691,23.3088392],[89.9252834,23.3097125],[89.9316195,23.3218746],[89.9464308,23.3218024],[89.9605324,23.3288773],[89.9626541,23.3377591],[89.9477949,23.3517698],[89.9714809,23.3495661],[89.9927838,23.3254382],[90.0189491,23.3185676],[90.0037684,23.3030559],[90.0238932,23.2882504]]]}},{"type":"Feature","properties":{"2024":1119300.277129,"2023":1119300.277129,"DistrictID":153,"2020":1131902.169513,"2014":1158442.683607,"2021":1127653.435621,"2022":1123453,"district":"Gopalganj","2018":1140546.915702,"2013":1163046.61034,"2017":1144944.140893,"2016":1149392.090387,"2015":1153891.392295,"2025":1119300.277129,"2019":1136199.795478,"2012":1167703.827654,"division":"Dhaka","UpazilaID":1183},"geometry":{"type":"Polygon","coordinates":[[[90.1353231,23.049785],[90.126145,23.0273388],[90.1148392,23.0339684],[90.1108057,23.067063],[90.1241819,23.065077],[90.122669,23.0762486],[90.1083817,23.0768711],[90.1103936,23.1034104],[90.1186966,23.1114757],[90.0792695,23.1133026],[90.0636342,23.1203862],[90.0512555,23.1072471],[90.0423231,23.1056514],[90.0441876,23.1212234],[90.0136776,23.1292212],[90.0118355,23.1387731],[89.9928308,23.1319373],[89.9843149,23.1105372],[89.9684372,23.1097879],[89.9631228,23.1139302],[89.9364561,23.1176638],[89.9409263,23.1248962],[89.9441182,23.1574988],[89.962239,23.1606901],[89.9812534,23.1991416],[89.9847336,23.2182304],[89.9963106,23.2167621],[90.0027754,23.2278188],[90.0181733,23.230456],[90.0234273,23.2404337],[90.0235249,23.2567522],[90.0312868,23.2642846],[90.0240431,23.2740779],[90.0238932,23.2882504],[90.0037684,23.3030559],[90.0189491,23.3185676],[89.9927838,23.3254382],[89.9714809,23.3495661],[89.9477949,23.3517698],[89.9626541,23.3377591],[89.9605324,23.3288773],[89.9464308,23.3218024],[89.9316195,23.3218746],[89.9252834,23.3097125],[89.9143691,23.3088392],[89.9056524,23.3157203],[89.9160951,23.3306461],[89.9047141,23.3421998],[89.8836939,23.335636],[89.8719414,23.321621],[89.8591213,23.3401894],[89.8502797,23.3406741],[89.8393943,23.3318718],[89.823581,23.3455614],[89.8152182,23.3331335],[89.8049291,23.3261576],[89.76461,23.2896073],[89.7478987,23.291301],[89.7402996,23.2989724],[89.733115,23.29128],[89.7443969,23.2858371],[89.7513558,23.2765029],[89.7425604,23.2627618],[89.7304966,23.2570297],[89.7312391,23.2473881],[89.7154915,23.2404822],[89.7168959,23.2334722],[89.7045762,23.2257865],[89.6880129,23.2103914],[89.6812787,23.1980261],[89.6797654,23.1798928],[89.6899098,23.1635071],[89.6960573,23.1620235],[89.7136732,23.1779087],[89.7325035,23.186192],[89.7573687,23.186571],[89.7607502,23.1745603],[89.7389814,23.1733581],[89.7301767,23.1584503],[89.7416677,23.1422937],[89.7395005,23.1305525],[89.7136169,23.1162887],[89.6999792,23.1145611],[89.6946625,23.1276097],[89.6774829,23.1328594],[89.6726142,23.1231437],[89.6906352,23.0986794],[89.7244831,23.0809532],[89.7363937,23.0710747],[89.72973,23.0534399],[89.7448638,23.0504738],[89.7546971,23.0320465],[89.7577383,23.0136128],[89.7687385,23.0045478],[89.7968225,22.9963072],[89.7924727,22.9803732],[89.8014485,22.9719152],[89.806241,22.9557381],[89.8010467,22.94126],[89.8159969,22.9368188],[89.8379941,22.9168221],[89.8640868,22.9038156],[89.857772,22.8863729],[89.8740467,22.8865351],[89.8903908,22.88107],[89.9198826,22.8808104],[89.9223103,22.8640649],[89.9437802,22.8564936],[89.9670296,22.8536578],[89.9868216,22.8655496],[90.0095353,22.8669557],[90.0183725,22.8710433],[90.0226231,22.8998358],[90.0329623,22.9202861],[90.0348059,22.9338418],[90.0570126,22.9322008],[90.0567813,22.9613359],[90.0592589,22.9714334],[90.0696754,22.9684198],[90.0774851,22.9827654],[90.0878713,22.9887922],[90.0947767,23.0068411],[90.1266704,23.0056998],[90.1269671,23.0258843],[90.1365143,23.0440794],[90.1353231,23.049785]]]}},{"type":"Feature","properties":{"2024":1477570.005799,"2023":1477570.005799,"DistrictID":154,"2020":1437540.460778,"2014":1368083.14515,"2021":1450472.697996,"2022":1463813,"district":"Manikganj","2018":1412867.676996,"2013":1357798.680261,"2017":1401111.868633,"2016":1389733.578611,"2015":1378726.115572,"2025":1477570.005799,"2019":1425008.062247,"2012":1347867.071839,"division":"Dhaka","UpazilaID":1797},"geometry":{"type":"Polygon","coordinates":[[[90.0076972,23.6349422],[90.0071594,23.6447095],[90.0183003,23.6524954],[90.0205512,23.6652076],[90.0377541,23.6852029],[90.0422926,23.7129959],[90.051207,23.7256057],[90.0662067,23.7254972],[90.0812447,23.7174595],[90.083669,23.7283363],[90.1008374,23.7300762],[90.1071008,23.7188048],[90.115563,23.7175929],[90.1238214,23.7345594],[90.1365206,23.7454167],[90.1541694,23.7476922],[90.1595896,23.72566],[90.176213,23.7263013],[90.1896028,23.7205769],[90.203605,23.7252143],[90.2253459,23.7092291],[90.2363407,23.71554],[90.2555117,23.715085],[90.2542526,23.7215612],[90.2382024,23.7355371],[90.2265032,23.7378016],[90.2185573,23.7483146],[90.2369871,23.7800189],[90.2411226,23.7781382],[90.2474097,23.8072769],[90.239925,23.8321569],[90.2186813,23.8401676],[90.1971928,23.8303026],[90.1854617,23.8187837],[90.1719229,23.8276654],[90.1509309,23.8342349],[90.1447394,23.8466052],[90.1160475,23.8755804],[90.1080007,23.8957846],[90.0937173,23.900965],[90.082853,23.9108997],[90.071606,23.9052092],[90.066645,23.916856],[90.0677083,23.9403641],[90.060055,23.9577146],[90.0464598,23.9629463],[90.0391035,23.9724809],[90.0390148,23.9828394],[90.0482896,23.9878102],[90.0435812,24.0042364],[90.0075938,24.0113622],[90.006465,24.0021215],[89.9923152,24.0015598],[89.9792446,24.0335731],[89.9685105,24.0304653],[89.9671973,24.0149306],[89.9593966,24.0149733],[89.947219,24.0256763],[89.9336238,24.0060206],[89.9043868,23.992727],[89.8822114,23.9704395],[89.8696323,23.9841167],[89.8626084,23.965842],[89.8386733,23.9764572],[89.818784,23.9822061],[89.7836333,23.979802],[89.7766275,23.9744092],[89.7646522,23.9798926],[89.7756091,23.9927457],[89.7858604,24.0110835],[89.7852048,24.0352473],[89.7746202,24.0274537],[89.7574536,24.0221989],[89.7455899,24.022931],[89.7215755,24.0135251],[89.6982676,23.9962084],[89.6914189,23.9757925],[89.6927125,23.9426087],[89.6861587,23.9375927],[89.6846239,23.9256787],[89.6954214,23.9239188],[89.7023109,23.8955249],[89.6979401,23.885378],[89.7100274,23.867201],[89.7120901,23.8585213],[89.7327413,23.8353682],[89.7420899,23.8331638],[89.7709403,23.8332923],[89.7773555,23.8033036],[89.782102,23.7963417],[89.8107631,23.7728525],[89.8162186,23.7640856],[89.835825,23.7509901],[89.8444493,23.7387287],[89.8649004,23.718871],[89.8893734,23.6831836],[89.8977026,23.6736914],[89.9208469,23.6684744],[89.9380927,23.653874],[89.9936916,23.6410688],[90.0076972,23.6349422]]]}},{"type":"Feature","properties":{"2024":3823961.730934,"2023":3823961.730934,"DistrictID":155,"2020":3765918.563031,"2014":3656513.259682,"2021":3785015.738637,"2022":3804363,"district":"Tangail","2018":3728469.071006,"2013":3639130.227415,"2017":3710114.123705,"2016":3692004.000146,"2015":3674137.452482,"2025":3823961.730934,"2019":3747070.116834,"2012":3621987.187941,"division":"Dhaka","UpazilaID":6119},"geometry":{"type":"Polygon","coordinates":[[[90.2904978,24.2777749],[90.2811317,24.2872044],[90.2654073,24.2885801],[90.2569633,24.2969125],[90.2585217,24.304924],[90.246844,24.3288092],[90.2344915,24.3370777],[90.2295593,24.3493766],[90.2490118,24.4152665],[90.2404776,24.4131793],[90.2292512,24.4199333],[90.2207062,24.4343309],[90.2190666,24.4485064],[90.2115222,24.4616048],[90.2435436,24.4813547],[90.2266297,24.4836695],[90.2078922,24.5097795],[90.1754649,24.518109],[90.1680927,24.5351393],[90.1612554,24.5366895],[90.1524109,24.5499855],[90.1460644,24.5671689],[90.1330592,24.5888134],[90.1247385,24.5963112],[90.1357326,24.6166826],[90.1442378,24.6236042],[90.148084,24.6349018],[90.1475414,24.6508995],[90.142248,24.6552494],[90.139673,24.681349],[90.131851,24.6917576],[90.1341205,24.6999777],[90.1267002,24.7187098],[90.1324138,24.7348865],[90.1276725,24.7383259],[90.0904733,24.7371196],[90.0886405,24.7521564],[90.0920408,24.7675541],[90.075779,24.7878738],[90.0693717,24.7811208],[90.0479079,24.7739402],[90.0322226,24.7770348],[90.0222773,24.7701022],[90.0204485,24.7547479],[90.0107995,24.7512701],[89.9921529,24.7369226],[89.9896203,24.7275483],[89.9738515,24.7238294],[89.9604368,24.732171],[89.9580972,24.7440518],[89.9407807,24.7446031],[89.9357673,24.7571875],[89.9115874,24.7361279],[89.8952218,24.7362021],[89.8814248,24.741859],[89.8782175,24.7276347],[89.8823474,24.705324],[89.8951462,24.6947294],[89.8994095,24.6814949],[89.88705,24.6740063],[89.8793079,24.6790466],[89.8672341,24.6646994],[89.8695497,24.6523988],[89.8640684,24.6465031],[89.8500855,24.6465412],[89.8426285,24.6322382],[89.8415142,24.6140694],[89.8270603,24.6085956],[89.8293954,24.6013228],[89.8169386,24.5813364],[89.8180548,24.5757031],[89.8039647,24.5668609],[89.7890685,24.5722892],[89.772148,24.5638792],[89.7674644,24.556789],[89.7692721,24.5397552],[89.7474239,24.5377146],[89.746122,24.5204586],[89.7350298,24.5164413],[89.7555138,24.5063248],[89.7580315,24.4998441],[89.7489026,24.4870041],[89.7489502,24.4728233],[89.7425709,24.4712049],[89.7428964,24.4553107],[89.7544823,24.4556206],[89.7465782,24.4305422],[89.7613137,24.3948763],[89.7659497,24.3752302],[89.7524242,24.3600747],[89.7520143,24.3497258],[89.7715087,24.3303485],[89.7742141,24.3015096],[89.7869707,24.2885722],[89.7902887,24.2689125],[89.7830755,24.2374856],[89.7872645,24.2104315],[89.7981412,24.1721271],[89.7836811,24.171046],[89.7863774,24.1589874],[89.8025675,24.1600981],[89.8068603,24.1488784],[89.819843,24.1406772],[89.8165278,24.1312821],[89.8168415,24.1094048],[89.8249384,24.0879464],[89.8228517,24.0731661],[89.8165759,24.0631724],[89.8014193,24.0516814],[89.7852048,24.0352473],[89.7858604,24.0110835],[89.7756091,23.9927457],[89.7646522,23.9798926],[89.7766275,23.9744092],[89.7836333,23.979802],[89.818784,23.9822061],[89.8386733,23.9764572],[89.8626084,23.965842],[89.8696323,23.9841167],[89.8822114,23.9704395],[89.9043868,23.992727],[89.9336238,24.0060206],[89.947219,24.0256763],[89.9593966,24.0149733],[89.9671973,24.0149306],[89.9685105,24.0304653],[89.9792446,24.0335731],[89.9923152,24.0015598],[90.006465,24.0021215],[90.0075938,24.0113622],[90.0194403,24.0257316],[90.0255496,24.0210451],[90.0405648,24.0283101],[90.0744913,24.0338195],[90.081651,24.0406691],[90.1021502,24.019038],[90.1096676,24.0188104],[90.1277355,24.0329929],[90.1475526,24.033543],[90.150407,24.0522365],[90.1616921,24.0547698],[90.1577614,24.0642731],[90.1763562,24.0741764],[90.1794616,24.084452],[90.1723441,24.0963291],[90.1840198,24.0997579],[90.2075472,24.0948668],[90.2301684,24.1056047],[90.2298722,24.1141558],[90.2186314,24.1234286],[90.2199375,24.1427025],[90.2259171,24.1623855],[90.2661585,24.2151159],[90.2815845,24.2201721],[90.2903059,24.2271674],[90.2902584,24.2453026],[90.2979212,24.2523361],[90.3008329,24.2693562],[90.2904978,24.2777749]]]}},{"type":"Feature","properties":{"2024":3731674.599734,"2023":3731674.599734,"DistrictID":156,"2020":3644786.995346,"2014":3479493.290905,"2021":3673425.865426,"2022":3702387,"district":"Bogra","2018":3588459.534936,"2013":3452997.419049,"2017":3560762.829751,"2016":3533372.157728,"2015":3506283.599816,"2025":3731674.599734,"2019":3616466.247044,"2012":3426792.224706,"division":"Rajshahi","UpazilaID":6886},"geometry":{"type":"Polygon","coordinates":[[[89.6478348,25.0467389],[89.6344843,25.0392154],[89.6104254,25.0508596],[89.5908043,25.0449728],[89.5720656,25.0428102],[89.564139,25.0379217],[89.519867,25.0401751],[89.4929183,25.0506805],[89.4880981,25.0616291],[89.4493617,25.059147],[89.4532751,25.0750422],[89.4295837,25.0732767],[89.4095896,25.0773651],[89.3947925,25.0685332],[89.3878295,25.0505357],[89.3811674,25.0600017],[89.3602094,25.0663174],[89.3532881,25.0890583],[89.3321066,25.1229208],[89.3178066,25.1160426],[89.3010167,25.1184224],[89.2905512,25.1090791],[89.2800909,25.0876313],[89.2698502,25.0833115],[89.2544342,25.067735],[89.2464386,25.0651491],[89.2509782,25.0519553],[89.2446051,25.048348],[89.2429132,25.0297566],[89.232368,25.019608],[89.218087,25.0241911],[89.2036962,25.0038343],[89.1905679,24.995409],[89.1816881,24.9728794],[89.1871344,24.9622062],[89.1853939,24.9433047],[89.1745374,24.9530996],[89.1567467,24.9506204],[89.1219474,24.9497917],[89.1275063,24.9623666],[89.1033055,24.9708831],[89.0911288,24.9542638],[89.0903492,24.9402222],[89.084989,24.9341576],[89.0935444,24.9131174],[89.0978562,24.8911982],[89.0796564,24.8847668],[89.0852398,24.8730732],[89.0679768,24.8710667],[89.0391029,24.8624876],[89.0360141,24.8566644],[88.9900275,24.8594428],[88.9741798,24.8486795],[88.9814744,24.8235424],[88.9699064,24.8233226],[88.9774058,24.8027372],[88.9749074,24.772805],[88.9663363,24.7642269],[88.9623885,24.7467217],[88.9733554,24.7389689],[88.9800598,24.7471094],[88.9888453,24.7434585],[88.9972435,24.7663515],[89.0105512,24.7647626],[89.0212591,24.7799958],[89.0375506,24.7809656],[89.0453582,24.7889089],[89.0716588,24.7819339],[89.0772104,24.789138],[89.0887017,24.7822203],[89.0818464,24.7644394],[89.0898109,24.7543928],[89.086852,24.7390056],[89.0965713,24.7351468],[89.1071331,24.7153108],[89.1208801,24.7146306],[89.1235421,24.7309739],[89.1508978,24.7375945],[89.1450833,24.71446],[89.1354807,24.7114276],[89.1317457,24.700139],[89.1379556,24.6840129],[89.1418445,24.6787566],[89.1618919,24.6859732],[89.1668287,24.6717183],[89.1561658,24.6680842],[89.1442245,24.6708038],[89.1455276,24.6587324],[89.1364404,24.656],[89.1357099,24.6440005],[89.1462232,24.6233729],[89.1535468,24.6189812],[89.1726692,24.6230522],[89.1711357,24.6352294],[89.188592,24.6515764],[89.1925617,24.6410857],[89.2040706,24.6409049],[89.2005963,24.6270696],[89.2048767,24.6104215],[89.2160719,24.6130609],[89.2167525,24.5925994],[89.2246371,24.5801756],[89.2313556,24.5832451],[89.2435586,24.6020639],[89.254379,24.6061921],[89.2527826,24.6188515],[89.2581606,24.6257028],[89.2857795,24.6266837],[89.3071,24.6138163],[89.3079396,24.5982369],[89.3292811,24.5973581],[89.3273471,24.5758415],[89.339034,24.5594648],[89.3677844,24.5581329],[89.3718269,24.5544041],[89.4035781,24.5517305],[89.4097536,24.5609877],[89.4257241,24.5608095],[89.431173,24.550781],[89.4639322,24.544189],[89.4807774,24.5551185],[89.4998001,24.5531168],[89.5044737,24.5567979],[89.5285513,24.5518548],[89.5558016,24.5554457],[89.5710468,24.5471458],[89.5914917,24.5539673],[89.601785,24.5624269],[89.6042755,24.5831055],[89.5993004,24.5946471],[89.6017018,24.6052186],[89.5830631,24.6181339],[89.5593251,24.6264723],[89.5545248,24.6394837],[89.5607781,24.6501581],[89.5461072,24.6515714],[89.5494412,24.6737512],[89.5616983,24.6879955],[89.5647501,24.6992592],[89.5904793,24.7027957],[89.6039634,24.6946889],[89.6074395,24.6870586],[89.624032,24.6854658],[89.6377365,24.6963293],[89.648074,24.7186626],[89.6607597,24.7284074],[89.6570905,24.7399315],[89.6664642,24.7470971],[89.6795259,24.7838634],[89.7153356,24.7773463],[89.7303162,24.7983838],[89.7099731,24.8070164],[89.6868002,24.826396],[89.6791278,24.8467356],[89.6684876,24.864986],[89.6671481,24.8780518],[89.6607921,24.8880723],[89.6860598,24.9028484],[89.6831602,24.9159804],[89.6722436,24.9299162],[89.6778582,24.9431856],[89.6765063,24.9657729],[89.6621074,24.9860027],[89.6609062,25.0078314],[89.6478348,25.0467389]]]}}]}