{"type":"FeatureCollection","features":[{"type":"Feature","properties":{"2024":287503.595081,"2023":287503.595081,"DistrictID":125,"2020":281020.165204,"2014":268488.627556,"2021":283164.898349,"2022":285326,"district":"Jessore","2018":276779.309462,"2013":266455.054674,"2017":274682.941719,"2016":272602.452178,"2015":270537.720575,"2025":287503.595081,"2019":278891.676588,"2012":264436.884376,"division":"Khulna","upazila":"Abhoynagar","UpazilaID":368},"geometry":{"type":"Polygon","coordinates":[[[89.5010744,23.0331969],[89.4684899,23.0323992],[89.4166341,23.0830679],[89.3853401,23.0850878],[89.3059379,23.09218],[89.3668974,22.9674733],[89.3585211,22.9229732],[89.384179,22.9319178],[89.4269835,22.9619076],[89.4852926,22.9493762],[89.5145447,22.9275818],[89.5605454,22.983848],[89.5010744,23.0331969]]]}},{"type":"Feature","properties":{"2024":194068.085518,"2023":194068.085518,"DistrictID":156,"2020":194346.962441,"2014":194905.919106,"2021":194253.958967,"2022":194161,"district":"Bogra","2018":194533.102991,"2013":194999.23472,"2017":194626.240111,"2016":194719.421823,"2015":194812.648147,"2025":194068.085518,"2019":194440.010442,"2012":195092.595011,"division":"Rajshahi","upazila":"Adamdighi","UpazilaID":621},"geometry":{"type":"Polygon","coordinates":[[[89.0852398,24.8730732],[88.9900275,24.8594428],[88.9623885,24.7467217],[89.0453582,24.7889089],[89.0818464,24.7644394],[89.1071331,24.7153108],[89.1423672,24.7377373],[89.1581662,24.7933099],[89.1550937,24.7985434],[89.105985,24.8104732],[89.0852398,24.8730732]]]}},{"type":"Feature","properties":{"2024":239129.596012,"2023":239129.596012,"DistrictID":131,"2020":235462.712324,"2014":228296.769941,"2021":236678.716248,"2022":237901,"district":"Lalmonirhat","2018":233049.415073,"2013":227123.83064,"2017":231852.057712,"2016":230660.852113,"2015":229475.766671,"2025":239129.596012,"2019":234252.955966,"2012":225956.917647,"division":"Rangpur","upazila":"Aditmari","UpazilaID":418},"geometry":{"type":"Polygon","coordinates":[[[89.4598523,25.9998439],[89.4073944,26.0416129],[89.3676945,26.0095574],[89.3281767,25.9865804],[89.2913634,25.8899796],[89.3350495,25.8495516],[89.4388368,25.9292082],[89.4598523,25.9998439]]]}},{"type":"Feature","properties":{"2024":134267.534444,"2023":134267.534444,"DistrictID":135,"2020":137913.442515,"2014":145504.95051,"2021":136687.270382,"2022":135472,"district":"Barisal","2018":140398.884096,"2013":146810.222867,"2017":141658.351776,"2016":142929.117685,"2015":144211.283176,"2025":134267.534444,"2019":139150.614196,"2012":148127.204351,"division":"Barisal","upazila":"Agailjhara","UpazilaID":454},"geometry":{"type":"Polygon","coordinates":[[[90.2220411,22.9184321],[90.1929423,22.9582725],[90.1845597,23.0448284],[90.143094,23.0453145],[90.0567813,22.9613359],[90.0570126,22.9322008],[90.1969749,22.9044461],[90.2220411,22.9184321]]]}},{"type":"Feature","properties":{"2024":127935.096924,"2023":127935.096924,"DistrictID":105,"2020":124371.417131,"2014":117539.095294,"2021":125548.141848,"2022":126736,"district":"Hobigonj","2018":122050.951578,"2013":116437.436945,"2017":120907.004967,"2016":119773.78022,"2015":118651.176846,"2025":127935.096924,"2019":123205.721499,"2012":115346.104106,"division":"Sylhet","upazila":"Ajmeriganj","UpazilaID":298},"geometry":{"type":"Polygon","coordinates":[[[91.2190678,24.4851405],[91.2808594,24.4852404],[91.3488911,24.5447688],[91.3733257,24.6096481],[91.3343201,24.6629266],[91.2895593,24.5953281],[91.2339612,24.5689629],[91.213186,24.5234362],[91.1537152,24.4763546],[91.2190678,24.4851405]]]}},{"type":"Feature","properties":{"2024":156341.942729,"2023":156341.942729,"DistrictID":117,"2020":153482.723849,"2014":147920.200033,"2021":154429.939066,"2022":155383,"district":"Brahmanbaria","2018":151605.687366,"2013":147012.91311,"2017":150675.795048,"2016":149751.60634,"2015":148833.086258,"2025":156341.942729,"2019":152541.318494,"2012":146111.191143,"division":"Chittagong","upazila":"Akhaura","UpazilaID":258},"geometry":{"type":"Polygon","coordinates":[[[91.2269335,23.790346],[91.2540431,23.8381289],[91.2295463,23.8807399],[91.2450681,23.9085012],[91.2079212,23.9038465],[91.1900469,23.8562701],[91.1404569,23.8623859],[91.132244,23.8174929],[91.2269335,23.790346]]]}},{"type":"Feature","properties":{"2024":374657.1423,"2023":374657.1423,"DistrictID":122,"2020":367256.979429,"2014":352892.266827,"2021":369707.315402,"2022":372174,"district":"Chuadanga","2018":362404.920654,"2013":350553.37717,"2017":360002.983291,"2016":357616.965423,"2015":355246.761539,"2025":374657.1423,"2019":364822.883725,"2012":348229.989141,"division":"Khulna","upazila":"Alamdanga","UpazilaID":349},"geometry":{"type":"Polygon","coordinates":[[[88.9882646,23.786257],[88.93818,23.8041085],[88.9032204,23.8397492],[88.8589647,23.8326561],[88.7799221,23.7363727],[88.7737788,23.6997666],[88.8045131,23.6814323],[88.9014403,23.6690978],[88.9133238,23.6360947],[89.0068659,23.6215297],[89.0172606,23.7087447],[88.9882646,23.786257]]]}},{"type":"Feature","properties":{"2024":111821.619977,"2023":111821.619977,"DistrictID":152,"2020":110931.134338,"2014":109171.380596,"2021":111227.172156,"2022":111524,"district":"Faridpur","2018":110341.420371,"2013":108880.814391,"2017":110047.740035,"2016":109754.841346,"2015":109462.722225,"2025":111821.619977,"2019":110635.884442,"2012":108591.021545,"division":"Dhaka","upazila":"Alfadanga","UpazilaID":580},"geometry":{"type":"Polygon","coordinates":[[[89.733115,23.29128],[89.674202,23.3518544],[89.617595,23.3868245],[89.6176524,23.3044387],[89.6418339,23.2324564],[89.6880129,23.2103914],[89.7513558,23.2765029],[89.733115,23.29128]]]}},{"type":"Feature","properties":{"2024":69970.193029,"2023":69970.193029,"DistrictID":111,"2020":64111.208961,"2014":53823.97346,"2021":66007.558362,"2022":67960,"district":"Bandarban","2018":60480.387204,"2013":52277.649639,"2017":58742.829431,"2016":57055.190437,"2015":55416.036089,"2025":69970.193029,"2019":62269.340305,"2012":50775.750583,"division":"Chittagong","upazila":"Alikadam","UpazilaID":179},"geometry":{"type":"Polygon","coordinates":[[[92.5281901,21.3797444],[92.4891888,21.5328313],[92.5025874,21.572665],[92.4709664,21.6205574],[92.3623066,21.8354511],[92.2746894,21.7568084],[92.2228602,21.6790711],[92.2407089,21.6242499],[92.3201673,21.5524139],[92.3580257,21.4719211],[92.3809755,21.4798677],[92.4280957,21.4235749],[92.4388155,21.3651779],[92.4991106,21.3610656],[92.5281901,21.3797444]]]}},{"type":"Feature","properties":{"2024":0,"2023":0,"DistrictID":134,"2020":0,"2014":0,"2021":0,"2022":0,"district":"Barguna","2018":0,"2013":0,"2017":0,"2016":0,"2015":0,"2025":0,"2019":0,"2012":0,"division":"Barisal","upazila":"Taltali","UpazilaID":0},"geometry":{"type":"Polygon","coordinates":[[[90.1855003,22.0841384],[90.1503959,22.0981158],[90.090299,22.0414744],[90.0733649,21.9726876],[90.0258955,21.93871],[90.02399,21.8837776],[90.0903142,21.873857],[90.1084959,21.8958062],[90.1103251,21.898377],[90.1146918,21.9258187],[90.1474151,21.974766],[90.2112113,22.0483985],[90.1855003,22.0841384]]]}},{"type":"Feature","properties":{"2024":278659.44472,"2023":278659.44472,"DistrictID":134,"2020":250783.053202,"2014":203117.349938,"2021":259750.691723,"2022":269039,"district":"Barguna","2018":233765.884401,"2013":196104.922139,"2017":225695.345933,"2016":217903.43491,"2015":210380.531992,"2025":278659.44472,"2019":242125.013629,"2012":189334.591549,"division":"Barisal","upazila":"Amtali","UpazilaID":448},"geometry":{"type":"Polygon","coordinates":[[[90.3441303,22.109544],[90.3368134,22.1659381],[90.3632075,22.2152474],[90.3340005,22.2634784],[90.2888636,22.2434436],[90.2456848,22.2616126],[90.2249584,22.217122],[90.2196934,22.1468864],[90.2166869,22.120472],[90.1503959,22.0981158],[90.1855003,22.0841384],[90.276373,22.0308857],[90.2912495,22.0716318],[90.3441303,22.109544]]]}},{"type":"Feature","properties":{"2024":284690.927695,"2023":284690.927695,"DistrictID":108,"2020":278044.548077,"2014":265213.664442,"2021":280242.585916,"2022":282458,"district":"Chittagong","2018":273700.057053,"2013":263133.503541,"2017":271553.334492,"2016":269423.449404,"2015":267310.26973,"2025":284690.927695,"2019":275863.750195,"2012":261069.65805,"division":"Chittagong","upazila":"Anowara","UpazilaID":153},"geometry":{"type":"MultiPolygon","coordinates":[[[[91.8826433,22.2616238],[91.8379449,22.2535833],[91.812322,22.2082074],[91.8613428,22.1428106],[91.869539,22.133716],[91.8860549,22.1279931],[91.8897669,22.1390441],[91.8685568,22.1599556],[91.904187,22.1578709],[91.9145059,22.1860044],[91.9213965,22.1779282],[91.9356794,22.1752051],[91.9425767,22.1818901],[91.9620809,22.2260892],[91.9602253,22.2467041],[91.8826433,22.2616238]]],[[[91.9382082,22.1752487],[91.9408728,22.17684],[91.9417844,22.1791458],[91.9382082,22.1752487]]]]}},{"type":"Feature","properties":{"2024":414871.186335,"2023":414871.186335,"DistrictID":140,"2020":404939.943475,"2014":385784.973135,"2021":408223.65769,"2022":411534,"district":"Narayangnj","2018":398451.544274,"2013":382681.75367,"2017":395246.436055,"2016":392067.109438,"2015":388913.357037,"2025":414871.186335,"2019":401682.643159,"2012":379603.496223,"division":"Dhaka","upazila":"Araihazar","UpazilaID":492},"geometry":{"type":"Polygon","coordinates":[[[90.7346131,23.7628361],[90.7147652,23.7991611],[90.6700162,23.7942367],[90.6076522,23.8343174],[90.580773,23.7628786],[90.6606481,23.7179038],[90.6644823,23.6732667],[90.7332305,23.6679431],[90.7411442,23.6926205],[90.7346131,23.7628361]]]}},{"type":"Feature","properties":{"2024":221211.244929,"2023":221211.244929,"DistrictID":117,"2020":210289.358139,"2014":190036.702737,"2021":213868.716739,"2022":217509,"district":"Brahmanbaria","2018":203309.353389,"2013":186856.202491,"2017":199906.71885,"2016":196561.031625,"2015":193271.338632,"2025":221211.244929,"2019":206769.904551,"2012":183728.931866,"division":"Chittagong","upazila":"Ashuganj","UpazilaID":259},"geometry":{"type":"Polygon","coordinates":[[[91.0676963,24.0448279],[91.0429015,24.0678124],[90.9859915,24.030601],[90.973794,23.9754137],[91.0287424,23.9777415],[91.0676963,24.0448279]]]}},{"type":"Feature","properties":{"2024":278015.864032,"2023":278015.864032,"DistrictID":124,"2020":275670.896005,"2014":271040.130115,"2021":276450.346068,"2022":277232,"district":"Satkhira","2018":274118.582646,"2013":270275.934122,"2017":273345.706976,"2016":272575.010423,"2015":271806.486845,"2025":278015.864032,"2019":274893.643596,"2012":269513.892776,"division":"Khulna","upazila":"Assasuni","UpazilaID":354},"geometry":{"type":"Polygon","coordinates":[[[89.2452382,22.6406721],[89.1708669,22.6518823],[89.1383014,22.6023076],[89.1048548,22.5996193],[89.0733454,22.5602112],[89.0883905,22.5288627],[89.1485004,22.517885],[89.1389033,22.4474345],[89.1635044,22.4003275],[89.2513215,22.3444132],[89.2412948,22.4373273],[89.2575104,22.4944306],[89.2341931,22.5517671],[89.2618088,22.5790433],[89.2452382,22.6406721]]]}},{"type":"Feature","properties":{"2024":176327.143697,"2023":176327.143697,"DistrictID":143,"2020":171352.247321,"2014":161819.579775,"2021":172994.751514,"2022":174653,"district":"Pabna","2018":168113.875294,"2013":160283.178607,"2017":166517.712736,"2016":164936.704995,"2015":163370.708182,"2025":176327.143697,"2019":169725.337936,"2012":158761.364849,"division":"Rajshahi","upazila":"Atgharia","UpazilaID":511},"geometry":{"type":"Polygon","coordinates":[[[89.1927402,24.1989332],[89.1570525,24.1708632],[89.190372,24.0897745],[89.3339334,24.0680135],[89.4030614,24.0409895],[89.4172597,24.0977605],[89.3616856,24.1221706],[89.2889465,24.1090903],[89.241136,24.1664773],[89.1927402,24.1989332]]]}},{"type":"Feature","properties":{"2024":151840.923812,"2023":151840.923812,"DistrictID":102,"2020":150003.613227,"2014":146395.418704,"2021":150613.5665,"2022":151226,"district":"Netrokona","2018":148791.107224,"2013":145802.548042,"2017":148188.534528,"2016":147588.402124,"2015":146990.70013,"2025":151840.923812,"2019":149396.130136,"2012":145212.078382,"division":"Mymensingh","upazila":"Atpara","UpazilaID":284},"geometry":{"type":"Polygon","coordinates":[[[90.9895918,24.7419639],[90.946304,24.7663074],[90.9146877,24.822324],[90.9303165,24.8634956],[90.8611921,24.8431216],[90.8087769,24.84497],[90.7792942,24.7725203],[90.8497649,24.7303463],[90.9151582,24.7486427],[90.9559269,24.7240573],[90.9895918,24.7419639]]]}},{"type":"Feature","properties":{"2024":199146.673109,"2023":199146.673109,"DistrictID":121,"2020":197657.381771,"2014":194712.128196,"2021":198152.57059,"2022":198649,"district":"Naogaon","2018":196670.713514,"2013":194225.537139,"2017":196179.227897,"2016":195688.970517,"2015":195199.938304,"2025":199146.673109,"2019":197163.430443,"2012":193740.162086,"division":"Rajshahi","upazila":"Atrai","UpazilaID":337},"geometry":{"type":"Polygon","coordinates":[[[89.103488,24.6376408],[89.0665269,24.6367877],[88.9933,24.671111],[88.9764157,24.6973076],[88.8465768,24.6994554],[88.8140763,24.6745856],[88.9095755,24.643229],[88.9335524,24.5886581],[88.9632911,24.5836009],[89.063471,24.5345144],[89.1039155,24.5624627],[89.103488,24.6376408]]]}},{"type":"Feature","properties":{"2024":125521.738194,"2023":125521.738194,"DistrictID":135,"2020":129077.582203,"2014":136494.319106,"2021":127881.24708,"2022":126696,"district":"Barisal","2018":131503.932464,"2013":137771.229926,"2017":132734.15798,"2016":133975.892314,"2015":135229.243132,"2025":125521.738194,"2019":130285.109098,"2012":139060.086307,"division":"Barisal","upazila":"Babuganj","UpazilaID":455},"geometry":{"type":"Polygon","coordinates":[[[90.3610223,22.9198199],[90.3231698,22.9304069],[90.2992221,22.8853177],[90.2614053,22.8159988],[90.2446809,22.7545106],[90.2688809,22.733687],[90.3799102,22.7713534],[90.3622011,22.8088051],[90.3472719,22.8827053],[90.3610223,22.9198199]]]}},{"type":"Feature","properties":{"2024":209189.477534,"2023":209189.477534,"DistrictID":121,"2020":207199.389287,"2014":203275.829773,"2021":207860.639496,"2022":208524,"district":"Naogaon","2018":205883.192921,"2013":202629.164847,"2017":205228.233403,"2016":204575.357454,"2015":203924.558446,"2025":209189.477534,"2019":206540.242659,"2012":201984.557104,"division":"Rajshahi","upazila":"Badalgachi","UpazilaID":338},"geometry":{"type":"Polygon","coordinates":[[[89.016529,25.0472908],[88.9408412,25.0414816],[88.9014382,25.0310976],[88.8746568,24.9963501],[88.8681947,24.9114014],[88.9999248,24.9095937],[89.016529,25.0472908]]]}},{"type":"Feature","properties":{"2024":310349.603098,"2023":310349.603098,"DistrictID":146,"2020":304537.458839,"2014":293237.676683,"2021":306462.644226,"2022":308400,"district":"Rangpur","2018":300723.293892,"2013":291395.569984,"2017":298834.162861,"2016":296956.899272,"2015":295091.428574,"2025":310349.603098,"2019":302624.367386,"2012":289565.035321,"division":"Rangpur","upazila":"Badarganj","UpazilaID":540},"geometry":{"type":"Polygon","coordinates":[[[89.0909423,25.7313968],[88.9923242,25.7475388],[88.9519521,25.742474],[88.9410692,25.7343293],[88.9389834,25.6856675],[89.0011924,25.6490717],[89.0001658,25.6205845],[89.0964007,25.5683247],[89.095021,25.5504378],[89.1049235,25.5339024],[89.1392178,25.57065],[89.1301972,25.6305894],[89.1565089,25.6663733],[89.1327665,25.7222158],[89.0909423,25.7313968]]]}},{"type":"Feature","properties":{"2024":139272.537906,"2023":139272.537906,"DistrictID":132,"2020":137157.71974,"2014":133023.934712,"2021":137859.066724,"2022":138564,"district":"Natore","2018":135765.711759,"2013":132347.186075,"2017":135075.014551,"2016":134387.831209,"2015":133704.143858,"2025":139272.537906,"2019":136459.940802,"2012":131673.880343,"division":"Rajshahi","upazila":"Baghatipara","UpazilaID":424},"geometry":{"type":"Polygon","coordinates":[[[89.0424508,24.3206611],[88.9631635,24.3629206],[88.8829234,24.3386888],[88.8508191,24.3437523],[88.8467188,24.3386318],[88.8611823,24.3040905],[88.9026769,24.2902829],[88.9176296,24.2509649],[88.9687691,24.2920909],[89.0282115,24.2836197],[89.0424508,24.3206611]]]}},{"type":"Feature","properties":{"2024":192284.526675,"2023":192284.526675,"DistrictID":126,"2020":190226.334189,"2014":186175.805403,"2021":190909.938781,"2022":191596,"district":"Rajshahi","2018":188866.459733,"2013":185509.152655,"2017":188190.17237,"2016":187516.306636,"2015":186844.853861,"2025":192284.526675,"2019":189545.177428,"2012":184844.887036,"division":"Rajshahi","upazila":"Bagha","UpazilaID":381},"geometry":{"type":"Polygon","coordinates":[[[88.9176296,24.2509649],[88.9026769,24.2902829],[88.8611823,24.3040905],[88.8192772,24.2268436],[88.7353653,24.225708],[88.7334243,24.1938755],[88.784546,24.1349845],[88.8607085,24.1118253],[88.8719033,24.2267702],[88.9176296,24.2509649]]]}},{"type":"Feature","properties":{"2024":118102.585007,"2023":118102.585007,"DistrictID":110,"2020":112402.087368,"2014":101813.255008,"2021":114271.006347,"2022":116171,"district":"Rangamati","2018":108755.448818,"2013":100148.084369,"2017":106976.737586,"2016":105227.117437,"2015":103506.11258,"2025":118102.585007,"2019":110563.734831,"2012":98510.147839,"division":"Chittagong","upazila":"Baghaichari","UpazilaID":170},"geometry":{"type":"Polygon","coordinates":[[[92.3845815,23.0699887],[92.3582119,23.1058615],[92.3506836,23.2342526],[92.4013135,23.2367053],[92.3681593,23.3256339],[92.3462598,23.4334115],[92.3285705,23.4500163],[92.3080976,23.5777621],[92.2733646,23.6439526],[92.278203,23.7175218],[92.2069683,23.7006512],[92.1441971,23.733217],[92.0737921,23.6475877],[92.1233109,23.5291385],[92.136974,23.4304325],[92.0492871,23.3652909],[92.1247624,23.3194235],[92.1301702,23.2244728],[92.1810799,23.1019502],[92.2061306,23.047922],[92.1994941,22.9851449],[92.2697188,23.0288106],[92.2910939,23.0668749],[92.3255112,23.121741],[92.3845815,23.0699887]]]}},{"type":"Feature","properties":{"2024":232727.190279,"2023":232727.190279,"DistrictID":125,"2020":228664.492141,"2014":220750.624277,"2021":230010.782843,"2022":231365,"district":"Jessore","2018":225995.504791,"2013":219458.534796,"2017":224672.716167,"2016":223357.670041,"2015":222050.321096,"2025":232727.190279,"2019":227326.081498,"2012":218174.008126,"division":"Khulna","upazila":"Bagherpara","UpazilaID":369},"geometry":{"type":"Polygon","coordinates":[[[89.4255749,23.258716],[89.3367287,23.3035224],[89.2580757,23.3705014],[89.2134037,23.3178199],[89.2338012,23.3104803],[89.2683913,23.2362376],[89.3341811,23.1409035],[89.3782231,23.1355709],[89.4222591,23.1811469],[89.4255749,23.258716]]]}},{"type":"Feature","properties":{"2024":379394.103321,"2023":379394.103321,"DistrictID":126,"2020":373054.43676,"2014":360691.140492,"2021":375155.800038,"2022":377269,"district":"Rajshahi","2018":368886.955424,"2013":358670.798231,"2017":366820.705877,"2016":364766.030031,"2015":362722.863057,"2025":379394.103321,"2019":370964.843865,"2012":356661.772529,"division":"Rajshahi","upazila":"Bagmara","UpazilaID":383},"geometry":{"type":"Polygon","coordinates":[[[88.8140763,24.6745856],[88.7028224,24.6632452],[88.6804851,24.6333075],[88.7157105,24.5221326],[88.8086325,24.5262306],[88.8495639,24.5101601],[88.8841712,24.5158795],[88.9625055,24.5493646],[88.9632911,24.5836009],[88.9335524,24.5886581],[88.9095755,24.643229],[88.8140763,24.6745856]]]}},{"type":"Feature","properties":{"2024":229410.021174,"2023":229410.021174,"DistrictID":105,"2020":221117.920421,"2014":205422.047548,"2021":223848.105157,"2022":226612,"district":"Hobigonj","2018":215757.04169,"2013":202916.597979,"2017":213125.54038,"2016":210526.134427,"2015":207958.432376,"2025":229410.021174,"2019":218421.034644,"2012":200441.706364,"division":"Sylhet","upazila":"Bahubal","UpazilaID":299},"geometry":{"type":"Polygon","coordinates":[[[91.6103826,24.4378438],[91.4932852,24.4468961],[91.4730703,24.4083817],[91.4880657,24.3546861],[91.4704356,24.3285108],[91.4867467,24.2764719],[91.6144316,24.2827598],[91.6296153,24.3442764],[91.6027031,24.3651518],[91.6103826,24.4378438]]]}},{"type":"Feature","properties":{"2024":255950.485644,"2023":255950.485644,"DistrictID":135,"2020":269336.847146,"2014":298246.530387,"2021":264798.691038,"2022":260337,"district":"Barisal","2018":278647.818907,"2013":303357.920131,"2017":283423.323258,"2016":288280.670855,"2015":293221.264339,"2025":255950.485644,"2019":273952.778793,"2012":308556.90957,"division":"Barisal","upazila":"Bakerganj","UpazilaID":456},"geometry":{"type":"MultiPolygon","coordinates":[[[[90.4726813,22.6537994],[90.3690691,22.6314147],[90.3783112,22.5916534],[90.3305262,22.5831619],[90.1990823,22.4923607],[90.1904879,22.4795271],[90.2303529,22.4532887],[90.3073305,22.4727251],[90.3710872,22.501489],[90.4272202,22.4604457],[90.4567268,22.5352152],[90.5393714,22.5633412],[90.5085887,22.6198769],[90.4750266,22.6542283],[90.4726813,22.6537994]]],[[[90.5268444,22.6150494],[90.5224218,22.6153134],[90.5274063,22.614881],[90.5268444,22.6150494]]],[[[90.554346,22.5926399],[90.5424096,22.6049044],[90.5467786,22.5925385],[90.554346,22.5926399]]]]}},{"type":"Feature","properties":{"2024":134679.987747,"2023":134679.987747,"DistrictID":135,"2020":137936.931416,"2014":144689.00982,"2021":136842.624932,"2022":135757,"district":"Barisal","2018":140151.867295,"2013":145846.062469,"2017":141272.63721,"2016":142402.369725,"2015":143541.136514,"2025":134679.987747,"2019":139039.988877,"2012":147012.367865,"division":"Barisal","upazila":"Banaripara","UpazilaID":457},"geometry":{"type":"Polygon","coordinates":[[[90.1988488,22.7851633],[90.2193107,22.8232906],[90.1182961,22.8623365],[90.0837599,22.8304746],[90.0347498,22.8656802],[90.0511258,22.8104013],[90.0797294,22.7838961],[90.1771525,22.7526801],[90.1988488,22.7851633]]]}},{"type":"Feature","properties":{"2024":387380.976536,"2023":387380.976536,"DistrictID":140,"2020":367227.024355,"2014":330010.168215,"2021":373825.726147,"2022":380543,"district":"Narayangnj","2018":354377.001854,"2013":324184.890456,"2017":348121.605306,"2016":341976.627847,"2015":335940.120381,"2025":387380.976536,"2019":360744.801613,"2012":318462.43941,"division":"Dhaka","upazila":"Bandar","UpazilaID":493},"geometry":{"type":"Polygon","coordinates":[[[90.5416869,23.5628529],[90.57408,23.6883458],[90.5248988,23.6863915],[90.5063625,23.6015361],[90.5183172,23.5730784],[90.5416869,23.5628529]]]}},{"type":"Feature","properties":{"2024":113039.837186,"2023":113039.837186,"DistrictID":111,"2020":106265.351558,"2014":93910.03521,"2021":108477.157525,"2022":110735,"district":"Bandarban","2018":101976.11362,"2013":91995.247056,"2017":99896.861344,"2016":97860.004193,"2015":95864.677746,"2025":113039.837186,"2019":104098.643432,"2012":90119.500667,"division":"Chittagong","upazila":"Bandarban - Sadar","UpazilaID":178},"geometry":{"type":"Polygon","coordinates":[[[92.2843424,22.0197067],[92.204743,22.1644754],[92.272158,22.2369188],[92.2770254,22.3538573],[92.2212736,22.3305948],[92.1459368,22.347741],[92.15088,22.3123339],[92.1376602,22.2350469],[92.1536005,22.1945297],[92.1698547,22.1380359],[92.1644455,22.0671459],[92.2034665,21.9970129],[92.2410856,21.9882634],[92.2704659,21.9448953],[92.3047716,21.9670714],[92.2843424,22.0197067]]]}},{"type":"Feature","properties":{"2024":406692.248235,"2023":406692.248235,"DistrictID":105,"2020":386729.346313,"2014":349695.141046,"2021":393272.323656,"2022":399926,"district":"Hobigonj","2018":373968.152358,"2013":343877.169002,"2017":367746.343701,"2016":361628.048947,"2015":355611.545907,"2025":406692.248235,"2019":380295.226243,"2012":338155.992122,"division":"Sylhet","upazila":"Baniachang","UpazilaID":300},"geometry":{"type":"Polygon","coordinates":[[[91.407262,24.6731307],[91.3800566,24.6953262],[91.3343201,24.6629266],[91.3733257,24.6096481],[91.3488911,24.5447688],[91.2808594,24.4852404],[91.2190678,24.4851405],[91.2171054,24.432476],[91.2406941,24.3766453],[91.3113907,24.3660495],[91.3557745,24.3921492],[91.4120497,24.3903877],[91.4610988,24.4120679],[91.4621316,24.4540667],[91.4651995,24.5074169],[91.4314697,24.6408593],[91.407262,24.6731307]]]}},{"type":"Feature","properties":{"2024":457879.304247,"2023":457879.304247,"DistrictID":108,"2020":451048.64254,"2014":437691.499227,"2021":453314.131815,"2022":455591,"district":"Chittagong","2018":446551.573533,"2013":435504.085847,"2017":444319.880917,"2016":442099.34144,"2015":439889.899364,"2025":457879.304247,"2019":448794.475307,"2012":433327.604316,"division":"Chittagong","upazila":"Banshkhali","UpazilaID":148},"geometry":{"type":"Polygon","coordinates":[[[91.9382082,22.1752487],[91.9231534,22.1710285],[91.9191598,22.179137],[91.9078288,22.1600409],[91.9031036,22.1203692],[91.8600739,22.1295119],[91.877342,22.0511916],[91.873836,22.0029165],[91.9084564,21.9303071],[91.9165664,21.8584195],[91.9827686,21.9013129],[92.0392922,21.9236652],[91.9962791,22.014262],[91.9568506,22.0688278],[91.9408728,22.17684],[91.9382082,22.1752487]]]}},{"type":"Feature","properties":{"2024":310337.027858,"2023":310337.027858,"DistrictID":132,"2020":302369.125886,"2014":287041.797012,"2021":305002.099225,"2022":307658,"district":"Natore","2018":297171.171524,"2013":284563.868497,"2017":294605.799765,"2016":292062.573937,"2015":289541.302861,"2025":310337.027858,"2019":299758.882057,"2012":282107.331047,"division":"Rajshahi","upazila":"Baraigram","UpazilaID":425},"geometry":{"type":"Polygon","coordinates":[[[89.2864459,24.3236901],[89.2447179,24.304858],[89.1953055,24.3504566],[89.0932305,24.333843],[89.0789247,24.3514506],[89.0424508,24.3206611],[89.0282115,24.2836197],[89.0853762,24.2574254],[89.1099657,24.1991293],[89.1062036,24.1604252],[89.1570525,24.1708632],[89.1927402,24.1989332],[89.2864459,24.3236901]]]}},{"type":"Feature","properties":{"2024":276940.613189,"2023":276940.613189,"DistrictID":134,"2020":272956.037655,"2014":265158.049972,"2021":274277.818487,"2022":275606,"district":"Barguna","2018":270331.5548,"2013":263880.218503,"2017":269028.791531,"2016":267732.30645,"2015":266442.0693,"2025":276940.613189,"2019":271640.626658,"2012":262608.545071,"division":"Barisal","upazila":"Barguna Sadar","UpazilaID":447},"geometry":{"type":"Polygon","coordinates":[[[90.2149841,22.2242333],[90.1587384,22.2492827],[90.0725474,22.2177697],[90.0246843,22.1896102],[90.0629573,22.1756713],[90.0707325,22.1604262],[90.0358251,22.1302505],[90.0164824,21.9834278],[90.0520965,21.9812055],[90.0858383,22.0597631],[90.1539179,22.1225108],[90.175945,22.1273827],[90.2196934,22.1468864],[90.2249584,22.217122],[90.2149841,22.2242333]]]}},{"type":"Feature","properties":{"2024":199974.867696,"2023":199974.867696,"DistrictID":102,"2020":194903.744782,"2014":185144.030666,"2021":196579.667,"2022":198270,"district":"Netrokona","2018":191594.642306,"2013":183565.601934,"2017":189961.219465,"2016":188341.722225,"2015":186736.031861,"2025":199974.867696,"2019":193242.110487,"2012":182000.629953,"division":"Mymensingh","upazila":"Barhatta","UpazilaID":285},"geometry":{"type":"Polygon","coordinates":[[[90.9412342,24.9846539],[90.8571118,24.9631237],[90.8343602,24.9990071],[90.7677389,24.9962571],[90.8377235,24.9253393],[90.8087769,24.84497],[90.8611921,24.8431216],[90.9303165,24.8634956],[90.9980553,24.8921351],[90.9534156,24.9189298],[90.9725636,24.9598859],[90.9412342,24.9846539]]]}},{"type":"Feature","properties":{"2024":582206.993941,"2023":582206.993941,"DistrictID":135,"2020":567889.99811,"2014":540303.552356,"2021":572622.777628,"2022":577395,"district":"Barisal","2018":558541.466332,"2013":535837.894184,"2017":553925.070137,"2016":549346.828877,"2015":544806.427199,"2025":582206.993941,"2019":563196.335446,"2012":531409.145084,"division":"Barisal","upazila":"Barisal Sadar","UpazilaID":453},"geometry":{"type":"MultiPolygon","coordinates":[[[[90.4070976,22.7905299],[90.3622011,22.8088051],[90.3799102,22.7713534],[90.2688809,22.733687],[90.2752536,22.6888997],[90.3690691,22.6314147],[90.4726813,22.6537994],[90.4926232,22.693029],[90.4782862,22.7370374],[90.4304265,22.7817321],[90.4070976,22.7905299]]],[[[90.5053234,22.6855211],[90.4910288,22.6873339],[90.4750266,22.6542283],[90.5085887,22.6198769],[90.5053234,22.6855211]]],[[[90.4762852,22.7976809],[90.4620267,22.8011706],[90.4463197,22.787364],[90.4838463,22.7668992],[90.4762852,22.7976809]]],[[[90.5251718,22.6839241],[90.5194718,22.6864896],[90.5261961,22.6425065],[90.5251718,22.6839241]]],[[[90.5268444,22.6150494],[90.5257664,22.6406885],[90.5224218,22.6153134],[90.5268444,22.6150494]]]]}},{"type":"Feature","properties":{"2024":55675.776763,"2023":55675.776763,"DistrictID":110,"2020":53515.017994,"2014":49441.820974,"2021":54225.788871,"2022":54946,"district":"Rangamati","2018":52121.30366,"2013":48793.756517,"2017":51438.11757,"2016":50763.886421,"2015":50098.492835,"2025":55675.776763,"2019":52813.56363,"2012":48154.18664,"division":"Chittagong","upazila":"Barkal","UpazilaID":169},"geometry":{"type":"Polygon","coordinates":[[[92.49034,22.7447505],[92.4737736,22.7595516],[92.4482132,22.8770272],[92.372698,22.9402008],[92.3845815,23.0699887],[92.3255112,23.121741],[92.2910939,23.0668749],[92.3204512,22.9674903],[92.3019759,22.8690313],[92.3187478,22.8348625],[92.1878796,22.7965213],[92.2351525,22.6912613],[92.3014964,22.6628462],[92.3189557,22.721109],[92.3758461,22.7211333],[92.49034,22.7447505]]]}},{"type":"Feature","properties":{"2024":273719.185074,"2023":273719.185074,"DistrictID":107,"2020":269602.44268,"2014":261553.774357,"2021":270967.764207,"2022":272340,"district":"Moulvibazar","2018":266892.403242,"2013":260235.88697,"2017":265547.61618,"2016":264209.605077,"2015":262878.335793,"2025":273719.185074,"2019":268244.000579,"2012":258924.640004,"division":"Sylhet","upazila":"Baralekha","UpazilaID":141},"geometry":{"type":"Polygon","coordinates":[[[92.2507778,24.8362263],[92.1699919,24.7724783],[92.0801461,24.7662439],[92.0804701,24.7235474],[92.0310762,24.6995371],[92.0312362,24.6561043],[92.0411651,24.6284489],[92.0612669,24.6551372],[92.1981119,24.6035073],[92.2421185,24.6151424],[92.2470059,24.6549185],[92.2958822,24.7366331],[92.2884451,24.7883227],[92.2507778,24.8362263]]]}},{"type":"Feature","properties":{"2024":455065.665185,"2023":455065.665185,"DistrictID":133,"2020":442029.17708,"2014":417065.890008,"2021":446332.639931,"2022":450678,"district":"Cumilla","2018":433546.331061,"2013":413044.612145,"2017":429366.15161,"2016":425226.276732,"2015":421126.317819,"2025":455065.665185,"2019":437767.20748,"2012":409062.106755,"division":"Chittagong","upazila":"Barura","UpazilaID":431},"geometry":{"type":"Polygon","coordinates":[[[91.1112847,23.4116382],[91.0616489,23.45572],[91.0033719,23.4358553],[90.9558952,23.3481886],[91.014074,23.2484796],[91.0300163,23.2294076],[91.0606738,23.2781512],[91.1322484,23.3528601],[91.1112847,23.4116382]]]}},{"type":"Feature","properties":{"2024":206635.621161,"2023":206635.621161,"DistrictID":147,"2020":197283.504984,"2014":179829.917537,"2021":200352.875595,"2022":203470,"district":"Khulna","2018":191285.110035,"2013":177074.955013,"2017":188354.655989,"2016":185469.09598,"2015":182627.74224,"2025":206635.621161,"2019":194261.156589,"2012":174362.198028,"division":"Khulna","upazila":"Batiaghata","UpazilaID":542},"geometry":{"type":"Polygon","coordinates":[[[89.5368524,22.8062181],[89.4876073,22.8095037],[89.4351652,22.6717357],[89.401119,22.6736906],[89.4550245,22.6366981],[89.4915108,22.647609],[89.5323675,22.6091006],[89.5771583,22.6684476],[89.6085101,22.7608125],[89.5754847,22.7691426],[89.5368524,22.8062181]]]}},{"type":"Feature","properties":{"2024":609638.084527,"2023":609638.084527,"DistrictID":116,"2020":593961.162268,"2014":563806.35336,"2021":599141.490598,"2022":604367,"district":"Noakhali","2018":583734.489611,"2013":558931.541531,"2017":578687.374094,"2016":573683.89721,"2015":568723.681648,"2025":609638.084527,"2019":588825.624362,"2012":554098.878555,"division":"Chittagong","upazila":"Begumganj","UpazilaID":247},"geometry":{"type":"Polygon","coordinates":[[[91.1948968,22.9855132],[91.0466701,22.9911688],[90.9990966,22.9778458],[90.9988301,22.9774269],[90.9853823,22.8819545],[91.0779216,22.8910381],[91.1629651,22.8810677],[91.1771977,22.8840954],[91.2145445,22.9374291],[91.1948968,22.9855132]]]}},{"type":"Feature","properties":{"2024":214623.481123,"2023":214623.481123,"DistrictID":142,"2020":208207.063488,"2014":195943.972069,"2021":210324.267097,"2022":212463,"district":"Norshingdi","2018":204036.379447,"2013":193971.525948,"2017":201982.472093,"2016":199949.240147,"2015":197936.475483,"2025":214623.481123,"2019":206111.172452,"2012":192018.935216,"division":"Dhaka","upazila":"Belabo","UpazilaID":504},"geometry":{"type":"Polygon","coordinates":[[[90.8204614,24.1709926],[90.804073,24.1847045],[90.7782067,24.1633774],[90.7920779,24.0995794],[90.8324301,24.0514443],[90.8716637,24.029195],[90.9058918,24.0544744],[90.9650751,24.050521],[90.9473437,24.0813336],[90.8941636,24.0942392],[90.8204614,24.1709926]]]}},{"type":"Feature","properties":{"2024":32959.503964,"2023":32959.503964,"DistrictID":110,"2020":31790.101426,"2014":29574.295407,"2021":32175.217993,"2022":32565,"district":"Rangamati","2018":31033.641906,"2013":29220.310202,"2017":30662.189266,"2016":30295.182674,"2015":29932.568914,"2025":32959.503964,"2019":31409.594454,"2012":28870.561971,"division":"Chittagong","upazila":"Belaichari","UpazilaID":172},"geometry":{"type":"Polygon","coordinates":[[[92.6139087,21.8519074],[92.6318077,21.8632345],[92.5751627,22.1162016],[92.5964566,22.1754806],[92.5750945,22.3424239],[92.5241727,22.5578625],[92.5373762,22.5827996],[92.4183165,22.5251152],[92.3758144,22.5216649],[92.3255673,22.5427811],[92.2844442,22.5149017],[92.2841645,22.4512524],[92.3600023,22.3413434],[92.4658506,22.2515079],[92.486729,22.1987751],[92.5013926,22.1019233],[92.538112,21.988534],[92.5804971,21.8943765],[92.6139087,21.8519074]]]}},{"type":"Feature","properties":{"2024":401264.973115,"2023":401264.973115,"DistrictID":145,"2020":388567.392733,"2014":364364.91954,"2021":392754.635286,"2022":396987,"district":"Serajganj","2018":380326.355008,"2013":360480.345918,"2017":376271.613052,"2016":372260.099583,"2015":368291.35373,"2025":401264.973115,"2019":384424.791283,"2012":356637.186581,"division":"Rajshahi","upazila":"Belkuchi","UpazilaID":525},"geometry":{"type":"Polygon","coordinates":[[[89.7615602,24.3702547],[89.69525,24.3678644],[89.6963385,24.3441586],[89.6324661,24.30197],[89.6196934,24.2366627],[89.6950971,24.2281651],[89.7021551,24.2490311],[89.7902887,24.2689125],[89.762892,24.341129],[89.7615602,24.3702547]]]}},{"type":"Feature","properties":{"2024":275050.839903,"2023":275050.839903,"DistrictID":143,"2020":270368.148422,"2014":261240.57417,"2021":271920.119886,"2022":273481,"district":"Pabna","2018":267290.728355,"2013":259749.555718,"2017":265765.178929,"2016":264248.336505,"2015":262740.151389,"2025":275050.839903,"2019":268825.034764,"2012":258267.047185,"division":"Rajshahi","upazila":"Bera","UpazilaID":512},"geometry":{"type":"Polygon","coordinates":[[[89.6845884,24.0583887],[89.6115649,24.0969184],[89.6222594,23.9868588],[89.606914,23.9567964],[89.6175193,23.8382658],[89.6432855,23.8109259],[89.6799074,23.8113997],[89.7327413,23.8353682],[89.69716,23.9152139],[89.6914189,23.9757925],[89.7215755,24.0135251],[89.6845884,24.0583887]]]}},{"type":"Feature","properties":{"2024":132117.280439,"2023":132117.280439,"DistrictID":139,"2020":135957.048713,"2014":143974.617997,"2021":134664.883851,"2022":133385,"district":"Perojpur","2018":138578.693967,"2013":145356.113582,"2017":139908.413444,"2016":141250.892126,"2015":142606.252442,"2025":132117.280439,"2019":137261.612428,"2012":146750.865184,"division":"Barisal","upazila":"Bhandaria","UpazilaID":484},"geometry":{"type":"Polygon","coordinates":[[[90.0648763,22.5282607],[90.021246,22.5161747],[89.9957838,22.5021049],[89.9699341,22.4442917],[89.9036168,22.3817537],[89.9634025,22.3980215],[90.0228389,22.3944739],[90.0272827,22.4428326],[90.1007076,22.4446634],[90.1317938,22.4911833],[90.0850472,22.4878617],[90.0648763,22.5282607]]]}},{"type":"Feature","properties":{"2024":278984.871623,"2023":278984.871623,"DistrictID":152,"2020":273856.999121,"2014":263882.279797,"2021":275555.730953,"2022":277265,"district":"Faridpur","2018":270490.887661,"2013":262255.511857,"2017":268823.379315,"2016":267166.150738,"2015":265519.138559,"2025":278984.871623,"2019":272168.739543,"2012":260638.772533,"division":"Dhaka","upazila":"Bhanga","UpazilaID":581},"geometry":{"type":"Polygon","coordinates":[[[90.0925116,23.3740798],[90.074886,23.4363699],[90.0213453,23.4416814],[89.9854448,23.474673],[89.93423,23.4598186],[89.9157363,23.3861628],[89.9477949,23.3517698],[89.9714809,23.3495661],[90.0238932,23.2882504],[90.075829,23.309201],[90.0925116,23.3740798]]]}},{"type":"Feature","properties":{"2024":154174.037456,"2023":154174.037456,"DistrictID":143,"2020":146130.990235,"2014":131281.790207,"2021":148764.269286,"2022":151445,"district":"Pabna","2018":141003.44222,"2013":128957.968838,"2017":138507.537711,"2016":136055.813253,"2015":133647.486815,"2025":154174.037456,"2019":143544.322905,"2012":126675.281474,"division":"Rajshahi","upazila":"Bhangura","UpazilaID":513},"geometry":{"type":"Polygon","coordinates":[[[89.3962038,24.3378126],[89.3750268,24.338306],[89.39071,24.2842747],[89.3219938,24.2276184],[89.3734173,24.1641388],[89.4513543,24.2290715],[89.4254502,24.3070542],[89.3962038,24.3378126]]]}},{"type":"Feature","properties":{"2024":221215.077957,"2023":221215.077957,"DistrictID":120,"2020":215731.783572,"2014":205169.571795,"2021":217544.277851,"2022":219372,"district":"Kushtia","2018":212151.972189,"2013":203460.178752,"2017":210384.404503,"2016":208631.563503,"2015":206893.326492,"2025":221215.077957,"2019":213934.39029,"2012":201765.027706,"division":"Khulna","upazila":"Bheramara","UpazilaID":305},"geometry":{"type":"Polygon","coordinates":[[[89.0066777,24.1181167],[88.9198451,24.1207611],[88.91882,24.0268554],[88.9641698,24.0071214],[88.9952626,23.9873858],[89.0592988,23.9987167],[89.0066777,24.1181167]]]}},{"type":"Feature","properties":{"2024":433663.863161,"2023":433663.863161,"DistrictID":137,"2020":432875.751581,"2014":431303.822601,"2021":433138.296172,"2022":433401,"district":"Bhola","2018":432351.139722,"2013":431042.389967,"2017":432089.072262,"2016":431827.163652,"2015":431565.413797,"2025":433663.863161,"2019":432613.36613,"2012":430781.115798,"division":"Barisal","upazila":"Bhola Sadar","UpazilaID":469},"geometry":{"type":"MultiPolygon","coordinates":[[[[90.6990957,22.6672008],[90.6565117,22.7824972],[90.5821696,22.8033791],[90.5602725,22.7698912],[90.5598904,22.7687696],[90.5635168,22.7057097],[90.5722105,22.6489748],[90.5367074,22.6316943],[90.6002698,22.5711106],[90.6679996,22.5445356],[90.6728039,22.5429126],[90.6603925,22.642668],[90.6990957,22.6672008]]],[[[90.5261961,22.6425065],[90.5662537,22.6484362],[90.560237,22.6991761],[90.5251718,22.6839241],[90.5261961,22.6425065]]],[[[90.6563353,22.8448117],[90.6438614,22.8367118],[90.6024486,22.8138291],[90.6496712,22.8069621],[90.6563353,22.8448117]]],[[[90.5571564,22.5890221],[90.5610739,22.6005617],[90.5424096,22.6049044],[90.554346,22.5926399],[90.5571564,22.5890221]]],[[[90.5996472,22.5608345],[90.5752228,22.5704566],[90.5826875,22.5588203],[90.5996472,22.5608345]]],[[[90.5274063,22.614881],[90.5257664,22.6406885],[90.5268444,22.6150494],[90.5274063,22.614881]]]]}},{"type":"Feature","properties":{"2024":178119.8572,"2023":178119.8572,"DistrictID":155,"2020":180997.64628,"2014":186893.460417,"2021":180033.2539,"2022":179074,"district":"Tangail","2018":182941.956726,"2013":187894.601179,"2017":183921.930287,"2016":184907.153317,"2015":185897.653937,"2025":178119.8572,"2019":181967.204664,"2012":188901.104797,"division":"Dhaka","upazila":"Bhuapur","UpazilaID":608},"geometry":{"type":"Polygon","coordinates":[[[89.8797392,24.485629],[89.8812375,24.536108],[89.8367502,24.5285718],[89.8180548,24.5757031],[89.7890685,24.5722892],[89.7474239,24.5377146],[89.7425709,24.4712049],[89.7613137,24.3948763],[89.8776226,24.4022557],[89.8856905,24.429401],[89.8797392,24.485629]]]}},{"type":"Feature","properties":{"2024":265846.562786,"2023":265846.562786,"DistrictID":103,"2020":256820.008826,"2014":239675.957242,"2021":259794.281653,"2022":262803,"district":"Kurigram","2018":250973.226841,"2013":236932.010446,"2017":248099.942472,"2016":245259.553097,"2015":242451.682117,"2025":265846.562786,"2019":253879.787168,"2012":234219.477915,"division":"Rangpur","upazila":"Bhurungamari","UpazilaID":291},"geometry":{"type":"Polygon","coordinates":[[[89.7738121,26.0383573],[89.7951386,26.0845446],[89.7475969,26.157444],[89.7098916,26.1563094],[89.6718406,26.2199506],[89.6127756,26.1779906],[89.6040614,26.1259063],[89.6495377,26.0630353],[89.7241911,26.027769],[89.7738121,26.0383573]]]}},{"type":"Feature","properties":{"2024":277670.674015,"2023":277670.674015,"DistrictID":130,"2020":272596.873623,"2014":262725.715242,"2021":274277.754506,"2022":275969,"district":"Dinajpur","2018":269265.952006,"2013":261115.629754,"2017":267615.7854,"2016":265975.731658,"2015":264345.728804,"2025":277670.674015,"2019":270926.293833,"2012":259515.411497,"division":"Rangpur","upazila":"Birol","UpazilaID":406},"geometry":{"type":"Polygon","coordinates":[[[88.5282021,25.7660203],[88.4806865,25.7215378],[88.4540761,25.6642597],[88.4450604,25.6138482],[88.4998955,25.5840542],[88.5002739,25.5508632],[88.5682206,25.513848],[88.6236113,25.614644],[88.6290825,25.7100111],[88.6472453,25.7386082],[88.5282021,25.7660203]]]}},{"type":"Feature","properties":{"2024":187852.272164,"2023":187852.272164,"DistrictID":130,"2020":183437.498724,"2014":174916.77232,"2021":184897.439679,"2022":186369,"district":"Dinajpur","2018":180552.108657,"2013":173535.638217,"2017":179126.478219,"2016":177712.104489,"2015":176308.898582,"2025":187852.272164,"2019":181989.085391,"2012":172165.409479,"division":"Rangpur","upazila":"Birampur","UpazilaID":404},"geometry":{"type":"Polygon","coordinates":[[[89.0378545,25.3293569],[89.0648026,25.3659438],[89.0358877,25.3937724],[89.0183243,25.4804207],[88.983963,25.4879263],[88.9891655,25.4518085],[88.9540088,25.3987431],[88.8411675,25.3940325],[88.8377879,25.3681394],[88.9150544,25.312599],[88.9830674,25.3017863],[89.0378545,25.3293569]]]}},{"type":"Feature","properties":{"2024":364479.662042,"2023":364479.662042,"DistrictID":130,"2020":352051.670308,"2014":328452.542551,"2021":356146.520752,"2022":360289,"district":"Dinajpur","2018":344002.671651,"2013":324676.107962,"2017":340047.447016,"2016":336137.698195,"2015":332272.902325,"2025":364479.662042,"2019":348003.901049,"2012":320943.093522,"division":"Rangpur","upazila":"Birganj","UpazilaID":405},"geometry":{"type":"Polygon","coordinates":[[[88.6267572,26.0559311],[88.5875699,26.019806],[88.5462239,26.0193813],[88.5381542,25.9624397],[88.5016814,25.918697],[88.4974689,25.9048042],[88.5135532,25.8771779],[88.5506387,25.8830621],[88.6030299,25.8263194],[88.7244132,25.818021],[88.7289425,25.9215647],[88.7105444,26.0073518],[88.6633887,26.0172588],[88.6267572,26.0559311]]]}},{"type":"Feature","properties":{"2024":191444.415475,"2023":191444.415475,"DistrictID":106,"2020":182002.780647,"2014":164493.471088,"2021":185097.086525,"2022":188244,"district":"Sunamganj","2018":175968.488575,"2013":161743.600066,"2017":173026.787338,"2016":170134.263122,"2015":167290.093825,"2025":191444.415475,"2019":178960.202914,"2012":159039.699201,"division":"Sylhet","upazila":"Bishwarmvarpur","UpazilaID":135},"geometry":{"type":"Polygon","coordinates":[[[91.3884776,25.1678271],[91.2866461,25.1855786],[91.2591699,25.0798092],[91.2204847,25.0646887],[91.2664826,25.0316408],[91.3049137,25.0595512],[91.3637191,25.0566175],[91.389175,25.1128522],[91.3884776,25.1678271]]]}},{"type":"Feature","properties":{"2024":281072.644795,"2023":281072.644795,"DistrictID":104,"2020":268073.422436,"2014":243850.761571,"2021":272338.285701,"2022":276671,"district":"Sylhet","2018":259743.01541,"2013":240032.017715,"2017":255675.396192,"2016":251671.476573,"2015":247730.259007,"2025":281072.644795,"2019":263875.347645,"2012":236273.076028,"division":"Sylhet","upazila":"Biswanath","UpazilaID":319},"geometry":{"type":"Polygon","coordinates":[[[91.8029684,24.8894245],[91.7328304,24.9048452],[91.690654,24.936936],[91.6608365,24.8214415],[91.6731257,24.7494834],[91.7118111,24.7406451],[91.7885597,24.7971366],[91.8183788,24.8676276],[91.8029684,24.8894245]]]}},{"type":"Feature","properties":{"2024":238259.48873,"2023":238259.48873,"DistrictID":108,"2020":234382.246471,"2014":226816.02051,"2021":235667.598799,"2022":236960,"district":"Chittagong","2018":231832.534861,"2013":225578.945488,"2017":230568.099317,"2016":229310.560119,"2015":228059.879653,"2025":238259.48873,"2019":233103.90457,"2012":224348.617584,"division":"Chittagong","upazila":"Boalkhali","UpazilaID":156},"geometry":{"type":"Polygon","coordinates":[[[92.0795286,22.340489],[92.0331243,22.3995369],[91.9820527,22.4129119],[91.9210099,22.4178761],[91.8928253,22.3980185],[91.8824308,22.3429671],[91.9604144,22.3513044],[92.0795286,22.340489]]]}},{"type":"Feature","properties":{"2024":169918.173446,"2023":169918.173446,"DistrictID":130,"2020":167395.243883,"2014":162461.209237,"2021":168232.030449,"2022":169073,"district":"Dinajpur","2018":165734.136584,"2013":161653.126751,"2017":164909.774549,"2016":164089.512893,"2015":163273.33122,"2025":169918.173446,"2019":166562.619496,"2012":160849.06367,"division":"Rangpur","upazila":"Bochaganj","UpazilaID":407},"geometry":{"type":"Polygon","coordinates":[[[88.4974689,25.9048042],[88.4846691,25.8661244],[88.4084627,25.8684493],[88.3862716,25.8397557],[88.3866507,25.7626816],[88.4214634,25.7323915],[88.427114,25.6697031],[88.4540761,25.6642597],[88.4806865,25.7215378],[88.5282021,25.7660203],[88.5085887,25.7758516],[88.5135532,25.8771779],[88.4974689,25.9048042]]]}},{"type":"Feature","properties":{"2024":223645.435204,"2023":223645.435204,"DistrictID":133,"2020":218748.314628,"2014":209273.419341,"2021":220368.65611,"2022":222001,"district":"Cumilla","2018":215543.286528,"2013":207734.659663,"2017":213958.425348,"2016":212385.217442,"2015":210823.577125,"2025":223645.435204,"2019":217139.887301,"2012":206207.21428,"division":"Chittagong","upazila":"Brahmanpara","UpazilaID":432},"geometry":{"type":"Polygon","coordinates":[[[91.1564307,23.6692993],[91.0650114,23.737714],[91.0468936,23.7036134],[91.0604456,23.5575152],[91.1596065,23.6114429],[91.1564307,23.6692993]]]}},{"type":"Feature","properties":{"2024":643570.606833,"2023":643570.606833,"DistrictID":117,"2020":610750.074122,"2014":550044.952227,"2021":621499.932524,"2022":632439,"district":"Brahmanbaria","2018":589804.950421,"2013":540531.024643,"2017":579603.308603,"2016":569578.120874,"2015":559726.335173,"2025":643570.606833,"2019":600186.152112,"2012":531181.656006,"division":"Chittagong","upazila":"Brahmanbaria Sadar","UpazilaID":257},"geometry":{"type":"Polygon","coordinates":[[[91.1730263,24.0021643],[91.1547299,24.0508809],[91.0676963,24.0448279],[91.0287424,23.9777415],[91.0854376,23.9511358],[91.0984455,23.8631784],[91.1404569,23.8623859],[91.1900469,23.8562701],[91.2079212,23.9038465],[91.1502286,23.9498112],[91.1730263,24.0021643]]]}},{"type":"Feature","properties":{"2024":209495.431604,"2023":209495.431604,"DistrictID":137,"2020":215337.617651,"2014":227515.295141,"2021":213372.340785,"2022":211425,"district":"Bhola","2018":219322.641957,"2013":229610.836412,"2017":221342.724377,"2016":223381.41287,"2015":225438.878808,"2025":209495.431604,"2019":217320.995801,"2012":231725.678774,"division":"Barisal","upazila":"Borhanuddin","UpazilaID":474},"geometry":{"type":"MultiPolygon","coordinates":[[[[90.7622395,22.5431408],[90.7139388,22.5633598],[90.6728039,22.5429126],[90.6679996,22.5445356],[90.6736221,22.4145718],[90.7647093,22.4042027],[90.8257999,22.4663846],[90.7622395,22.5431408]]],[[[90.5996472,22.5608345],[90.5826875,22.5588203],[90.5862341,22.5473577],[90.5996472,22.5608345]]],[[[90.6618406,22.4096658],[90.6701994,22.413137],[90.6626492,22.4166614],[90.6618406,22.4096658]]]]}},{"type":"Feature","properties":{"2024":342701.114574,"2023":342701.114574,"DistrictID":133,"2020":331990.334556,"2014":311562.576195,"2021":335522.873312,"2022":339093,"district":"Cumilla","2018":325036.442034,"2013":308282.302441,"2017":321614.309237,"2016":318228.206225,"2015":314877.753659,"2025":342701.114574,"2019":328494.987989,"2012":305036.564913,"division":"Chittagong","upazila":"Burichang","UpazilaID":433},"geometry":{"type":"Polygon","coordinates":[[[91.1596065,23.6114429],[91.0604456,23.5575152],[91.0343519,23.4833403],[91.0596308,23.4610671],[91.1495771,23.4865714],[91.2006916,23.5208727],[91.2080984,23.5431877],[91.1596065,23.6114429]]]}},{"type":"Feature","properties":{"2024":606413.988754,"2023":606413.988754,"DistrictID":112,"2020":570332.281118,"2014":504481.725302,"2021":582114.440212,"2022":594140,"district":"Coxs Bazar","2018":547478.558732,"2013":494270.874073,"2017":536397.439567,"2016":525540.605353,"2015":514903.516501,"2025":606413.988754,"2019":558788.596219,"2012":484266.693328,"division":"Chittagong","upazila":"Chakaria","UpazilaID":189},"geometry":{"type":"Polygon","coordinates":[[[92.0600491,21.9077995],[92.0392922,21.9236652],[91.9827686,21.9013129],[92.0270079,21.8387683],[92.0197066,21.8096087],[91.9475423,21.7831298],[91.9486941,21.7226905],[92.0005568,21.6258683],[92.0078733,21.5975489],[92.0357129,21.6127855],[92.1064087,21.5819702],[92.1418908,21.6008091],[92.113148,21.6501163],[92.0928188,21.6892508],[92.1433055,21.7791343],[92.0765584,21.8173337],[92.0808788,21.88848],[92.0600491,21.9077995]]]}},{"type":"Feature","properties":{"2024":277245.298379,"2023":277245.298379,"DistrictID":108,"2020":265457.526958,"2014":243364.233942,"2021":269330.01756,"2022":273259,"district":"Chittagong","2018":257878.783933,"2013":239865.08551,"2017":254170.941873,"2016":250516.412041,"2015":246914.427902,"2025":277245.298379,"2019":261640.715941,"2012":236416.248659,"division":"Chittagong","upazila":"Chandanish","UpazilaID":151},"geometry":{"type":"Polygon","coordinates":[[[92.15088,22.3123339],[92.0973539,22.3068593],[92.1116432,22.2551152],[91.9620809,22.2260892],[91.9425767,22.1818901],[91.9442258,22.1803589],[91.9750377,22.177158],[91.9834475,22.1637104],[92.0550466,22.142773],[92.1536005,22.1945297],[92.1376602,22.2350469],[92.15088,22.3123339]]]}},{"type":"Feature","properties":{"2024":389560.853364,"2023":389560.853364,"DistrictID":133,"2020":379343.936739,"2014":359706.945532,"2021":382719.450216,"2022":386125,"district":"Cumilla","2018":372681.961387,"2013":356534.398013,"2017":369394.976672,"2016":366136.982543,"2015":362907.723308,"2025":389560.853364,"2019":375998.194656,"2012":353389.831765,"division":"Chittagong","upazila":"Chandina","UpazilaID":434},"geometry":{"type":"Polygon","coordinates":[[[91.0343519,23.4833403],[90.9241516,23.5099526],[90.8918096,23.5054963],[90.8817631,23.506638],[90.8483862,23.4707061],[90.8904277,23.4081733],[90.9558952,23.3481886],[91.0033719,23.4358553],[91.0616489,23.45572],[91.0596308,23.4610671],[91.0343519,23.4833403]]]}},{"type":"Feature","properties":{"2024":475820.063916,"2023":475820.063916,"DistrictID":119,"2020":473325.24519,"2014":468374.781638,"2021":474155.394609,"2022":474987,"district":"Chandpur","2018":471669.304074,"2013":467554.752893,"2017":470843.507293,"2016":470019.156313,"2015":469196.248603,"2025":475820.063916,"2019":472496.549193,"2012":466736.159852,"division":"Chittagong","upazila":"Chandpur Sadar","UpazilaID":273},"geometry":{"type":"MultiPolygon","coordinates":[[[[90.6551225,23.3329577],[90.6405828,23.3281345],[90.6634203,23.2546601],[90.6389966,23.2314831],[90.6468022,23.1239227],[90.683483,23.1349892],[90.7216039,23.2216999],[90.7877602,23.223632],[90.7607786,23.2603671],[90.692624,23.2949601],[90.6830966,23.3258797],[90.6758813,23.3187734],[90.6681235,23.3198821],[90.6551225,23.3329577]]],[[[90.6646487,23.3303941],[90.6601619,23.3317284],[90.6704237,23.3205893],[90.6814134,23.3255985],[90.6646487,23.3303941]]],[[[90.5676546,23.1468434],[90.5717186,23.1524247],[90.5669094,23.1490676],[90.5676546,23.1468434]]]]}},{"type":"Feature","properties":{"2024":47863.566599,"2023":47863.566599,"DistrictID":152,"2020":51363.88812,"2014":59151.199961,"2021":50169.558594,"2022":49003,"district":"Faridpur","2018":53838.520148,"2013":60559.345191,"2017":55120.192461,"2016":56432.376088,"2015":57775.797374,"2025":47863.566599,"2019":52586.649688,"2012":62001.012529,"division":"Dhaka","upazila":"Char Bhadrasan","UpazilaID":583},"geometry":{"type":"Polygon","coordinates":[[[90.0076972,23.6349422],[89.9322115,23.6572758],[89.8939783,23.6039389],[89.9163591,23.5582814],[89.9307588,23.5361935],[89.9701158,23.5522834],[90.0781695,23.5614237],[90.0465462,23.5742795],[90.0447607,23.6290116],[90.0076972,23.6349422]]]}},{"type":"Feature","properties":{"2024":485666.702013,"2023":485666.702013,"DistrictID":137,"2020":478188.312309,"2014":463575.220809,"2021":480668.225664,"2022":483161,"district":"Bhola","2018":473266.803464,"2013":461183.495457,"2017":470825.076294,"2016":468395.946735,"2015":465979.349793,"2025":485666.702013,"2019":475721.193579,"2012":458804.109742,"division":"Barisal","upazila":"Charfession","UpazilaID":472},"geometry":{"type":"MultiPolygon","coordinates":[[[[90.8262515,22.1942997],[90.7773144,22.2612134],[90.7073761,22.2459125],[90.6684175,22.2561764],[90.6214602,22.1795852],[90.6188572,22.1008594],[90.5968787,22.0345383],[90.6292608,21.9940687],[90.6845876,21.9998002],[90.7809899,22.0775056],[90.8105473,22.1249749],[90.8262515,22.1942997]]],[[[90.6823825,21.9761333],[90.6323224,21.9739433],[90.615204,21.8906332],[90.6846574,21.9374485],[90.6823825,21.9761333]]],[[[90.5785632,22.0514805],[90.6077757,22.1077766],[90.5855508,22.1847846],[90.5833466,22.1408801],[90.5785632,22.0514805]]],[[[90.5867573,22.1890387],[90.6325341,22.212949],[90.621536,22.2434769],[90.5867573,22.1890387]]],[[[90.6017857,21.9675681],[90.5872884,21.983936],[90.5849742,21.9777879],[90.6017857,21.9675681]]]]}},{"type":"Feature","properties":{"2024":82174.101886,"2023":82174.101886,"DistrictID":103,"2020":79879.491904,"2014":75480.705172,"2021":80637.152727,"2022":81402,"district":"Kurigram","2018":78385.460147,"2013":74771.493955,"2017":77648.956063,"2016":76919.372118,"2015":76196.643291,"2025":82174.101886,"2019":79128.950007,"2012":74068.946435,"division":"Rangpur","upazila":"Rajibpur","UpazilaID":127},"geometry":{"type":"Polygon","coordinates":[[[89.786066,25.5143418],[89.7397206,25.4637005],[89.7062099,25.4595888],[89.7013139,25.4021603],[89.744416,25.3739898],[89.8256201,25.4152186],[89.8345796,25.442364],[89.795154,25.4718396],[89.786066,25.5143418]]]}},{"type":"Feature","properties":{"2024":347526.284652,"2023":347526.284652,"DistrictID":143,"2020":332475.101023,"2014":304300.079022,"2021":337418.303029,"2022":342435,"district":"Pabna","2018":322804.890855,"2013":299842.061341,"2017":318075.776371,"2016":313415.943749,"2015":308824.378004,"2025":347526.284652,"2019":327604.317276,"2012":295449.353933,"division":"Rajshahi","upazila":"Chatmohar","UpazilaID":514},"geometry":{"type":"Polygon","coordinates":[[[89.3750268,24.338306],[89.3186407,24.3530658],[89.2864459,24.3236901],[89.1927402,24.1989332],[89.241136,24.1664773],[89.2889465,24.1090903],[89.3616856,24.1221706],[89.3734173,24.1641388],[89.3219938,24.2276184],[89.39071,24.2842747],[89.3750268,24.338306]]]}},{"type":"Feature","properties":{"2024":502994.008092,"2023":502994.008092,"DistrictID":133,"2020":487451.869858,"2014":457793.475624,"2021":492578.476274,"2022":497759,"district":"Cumilla","2018":477358.170175,"2013":453028.900876,"2017":472389.972059,"2016":467473.481432,"2015":462608.160139,"2025":502994.008092,"2019":482378.619597,"2012":448313.914368,"division":"Chittagong","upazila":"Chowddagram","UpazilaID":435},"geometry":{"type":"Polygon","coordinates":[[[91.2911887,23.3513324],[91.1908857,23.3532655],[91.208241,23.2401843],[91.2737201,23.1927829],[91.267694,23.1302248],[91.2857647,23.0544267],[91.3146293,23.0491829],[91.371898,23.0693944],[91.3246669,23.1687751],[91.323585,23.2376064],[91.2897978,23.3186583],[91.2911887,23.3513324]]]}},{"type":"Feature","properties":{"2024":244188.834957,"2023":244188.834957,"DistrictID":125,"2020":240919.034348,"2014":234510.199233,"2021":242004.0738,"2022":243094,"district":"Jessore","2018":238763.528145,"2013":233458.759007,"2017":237693.01787,"2016":236627.307289,"2015":235566.374885,"2025":244188.834957,"2019":239838.859733,"2012":232412.032975,"division":"Khulna","upazila":"Chowgacha","UpazilaID":371},"geometry":{"type":"Polygon","coordinates":[[[89.0413459,23.371883],[89.0202797,23.3692664],[88.9605447,23.3292216],[88.9651499,23.2892142],[88.9211759,23.276951],[88.8903696,23.2311032],[88.9874844,23.203044],[89.1010951,23.1802437],[89.1030866,23.2429774],[89.1305315,23.2740736],[89.0648609,23.312695],[89.0413459,23.371883]]]}},{"type":"Feature","properties":{"2024":156784.36461,"2023":156784.36461,"DistrictID":145,"2020":157597.673068,"2014":159236.968821,"2021":157326.102551,"2022":157055,"district":"Serajganj","2018":158142.221238,"2013":159511.837805,"2017":158415.20051,"2016":158688.650989,"2015":158962.573487,"2025":156784.36461,"2019":157869.712361,"2012":159787.181259,"division":"Rajshahi","upazila":"Chowhali","UpazilaID":526},"geometry":{"type":"Polygon","coordinates":[[[89.7902887,24.2689125],[89.7021551,24.2490311],[89.6950971,24.2281651],[89.7302125,24.175168],[89.7122065,24.1403271],[89.7487457,24.108122],[89.6845884,24.0583887],[89.7215755,24.0135251],[89.7852048,24.0352473],[89.8249384,24.0879464],[89.7981412,24.1721271],[89.7902887,24.2689125]]]}},{"type":"Feature","properties":{"2024":197817.162327,"2023":197817.162327,"DistrictID":114,"2020":195096.246684,"2014":189766.176755,"2021":195999.034563,"2022":196906,"district":"Feni","2018":193303.126721,"2013":188892.097938,"2017":192412.756418,"2016":191526.487235,"2015":190644.300282,"2025":197817.162327,"2019":194197.617121,"2012":188022.045201,"division":"Chittagong","upazila":"Chhagalnaiya","UpazilaID":233},"geometry":{"type":"Polygon","coordinates":[[[91.5116867,23.1085333],[91.4358521,23.0440005],[91.4841032,23.0149318],[91.5092904,22.9731201],[91.4978738,22.9033325],[91.5307375,22.9132563],[91.5767651,22.9654349],[91.5424503,22.9996531],[91.5502841,23.0385474],[91.5116867,23.1085333]]]}},{"type":"Feature","properties":{"2024":463039.050721,"2023":463039.050721,"DistrictID":106,"2020":445744.791002,"2014":413069.940297,"2021":451436.556108,"2022":457201,"district":"Sunamganj","2018":434575.643328,"2013":407861.905988,"2017":429096.462589,"2016":423686.364005,"2015":418344.476579,"2025":463039.050721,"2019":440124.788338,"2012":402719.535186,"division":"Sylhet","upazila":"Chhatak","UpazilaID":136},"geometry":{"type":"Polygon","coordinates":[[[91.7038395,24.9763825],[91.6809844,25.0245191],[91.7250491,25.0657088],[91.7049054,25.1500647],[91.6842382,25.1137375],[91.6170947,25.067358],[91.6109664,25.0321666],[91.5413687,24.9691609],[91.4851852,24.9630397],[91.5285782,24.9114532],[91.4988854,24.8972412],[91.5139229,24.8303218],[91.6608365,24.8214415],[91.690654,24.936936],[91.7038395,24.9763825]]]}},{"type":"Feature","properties":{"2024":342419.315971,"2023":342419.315971,"DistrictID":122,"2020":335064.661176,"2014":320825.859648,"2021":337498.491206,"2022":339950,"district":"Chuadanga","2018":330249.528368,"2013":318512.262307,"2017":327867.973366,"2016":325503.592664,"2015":323156.26241,"2025":342419.315971,"2019":332648.382419,"2012":316215.349196,"division":"Khulna","upazila":"Chuadanga Sadar","UpazilaID":348},"geometry":{"type":"Polygon","coordinates":[[[89.0068659,23.6215297],[88.9133238,23.6360947],[88.9014403,23.6690978],[88.8045131,23.6814323],[88.8290575,23.5996009],[88.8187631,23.5270418],[88.7980121,23.4995313],[88.7997013,23.4982508],[88.9435667,23.4998927],[88.940302,23.5428171],[88.9876407,23.5705854],[89.0068659,23.6215297]]]}},{"type":"Feature","properties":{"2024":331282.017038,"2023":331282.017038,"DistrictID":105,"2020":323735.012416,"2014":309152.876053,"2021":326231.381272,"2022":328747,"district":"Hobigonj","2018":318799.436235,"2013":306787.194344,"2017":316359.937678,"2016":313939.10651,"2015":311536.799886,"2025":331282.017038,"2019":321257.746129,"2012":304439.615167,"division":"Sylhet","upazila":"Chunarughat","UpazilaID":134},"geometry":{"type":"Polygon","coordinates":[[[91.6144316,24.2827598],[91.4867467,24.2764719],[91.475236,24.2734845],[91.412713,24.248651],[91.3818185,24.2559118],[91.3618103,24.2009397],[91.4281749,24.1075043],[91.5452112,24.0743453],[91.5911132,24.0749635],[91.6383527,24.1045528],[91.6451871,24.1739966],[91.6144316,24.2827598]]]}},{"type":"Feature","properties":{"2024":866574.5521,"2023":866574.5521,"DistrictID":133,"2020":767216.324276,"2014":601369.837757,"2021":799000.774632,"2022":832102,"district":"Cumilla","2018":707390.305798,"2013":577447.195426,"2017":679250.142771,"2016":652229.402457,"2015":626283.55394,"2025":866574.5521,"2019":736696.267293,"2012":554476.201781,"division":"Chittagong","upazila":"Cumilla Sadar","UpazilaID":430},"geometry":{"type":"Polygon","coordinates":[[[91.2006916,23.5208727],[91.1495771,23.4865714],[91.0596308,23.4610671],[91.0616489,23.45572],[91.1112847,23.4116382],[91.1390987,23.446335],[91.2541024,23.4496784],[91.2492619,23.4903121],[91.2006916,23.5208727]]]}},{"type":"Feature","properties":{"2024":728282.764014,"2023":728282.764014,"DistrictID":133,"2020":562013.667907,"2014":334688.3296,"2021":612723.582282,"2022":668009,"district":"Cumilla","2018":472836.987098,"2013":306989.025987,"2017":433704.295257,"2016":397810.283156,"2015":364886.912847,"2025":728282.764014,"2019":515500.581417,"2012":281582.157911,"division":"Chittagong","upazila":"Cumilla Sadar South","UpazilaID":436},"geometry":{"type":"Polygon","coordinates":[[[91.2541024,23.4496784],[91.1390987,23.446335],[91.1112847,23.4116382],[91.1322484,23.3528601],[91.1908857,23.3532655],[91.2911887,23.3513324],[91.2541024,23.4496784]]]}},{"type":"Feature","properties":{"2024":295094.3684,"2023":295094.3684,"DistrictID":116,"2020":258598.557071,"2014":198589.576137,"2021":270232.57859,"2022":282390,"district":"Noakhali","2018":236811.550405,"2013":190039.920821,"2017":226616.367102,"2016":216860.105643,"2015":207523.869617,"2025":295094.3684,"2019":247465.402092,"2012":181858.34427,"division":"Chittagong","upazila":"Companiganj","UpazilaID":249},"geometry":{"type":"MultiPolygon","coordinates":[[[[91.3367726,22.8448489],[91.3301319,22.9087514],[91.2586677,22.8875008],[91.2357679,22.8796402],[91.2371383,22.7985066],[91.2591826,22.7372758],[91.1941246,22.748718],[91.1720743,22.7063822],[91.2037295,22.6724166],[91.2821397,22.6429523],[91.2624106,22.6849225],[91.2989088,22.745161],[91.3685507,22.7515392],[91.3281391,22.7975116],[91.3310969,22.8174996],[91.3320032,22.8206555],[91.3289171,22.8483124],[91.3367726,22.8448489]]],[[[91.3181829,22.6498889],[91.3384127,22.7320514],[91.2982462,22.7213392],[91.3181829,22.6498889]]]]}},{"type":"Feature","properties":{"2024":275283.471186,"2023":275283.471186,"DistrictID":104,"2020":245465.526626,"2014":195169.186752,"2021":255027.521781,"2022":264962,"district":"Sylhet","2018":227403.645661,"2013":187851.518426,"2017":218877.379387,"2016":210670.796714,"2015":202771.911435,"2025":275283.471186,"2019":236262.048664,"2012":180808.218564,"division":"Sylhet","upazila":"Companigonj","UpazilaID":130},"geometry":{"type":"Polygon","coordinates":[[[91.8488038,25.1736245],[91.7037487,25.15103],[91.7049054,25.1500647],[91.7250491,25.0657088],[91.6809844,25.0245191],[91.7038395,24.9763825],[91.7396871,25.0044166],[91.8090227,25.0113547],[91.8549501,25.0266149],[91.8441914,25.0955631],[91.8488038,25.1736245]]]}},{"type":"Feature","properties":{"2024":606582.155277,"2023":606582.155277,"DistrictID":112,"2020":565769.835107,"2014":492198.296426,"2021":579059.337412,"2022":592661,"district":"Coxs Bazar","2018":540098.819253,"2013":480902.268589,"2017":527703.466929,"2016":515592.589879,"2015":503759.65935,"2025":606582.155277,"2019":552785.328957,"2012":469865.486356,"division":"Chittagong","upazila":"Cox s Bazar - Sadar","UpazilaID":185},"geometry":{"type":"Polygon","coordinates":[[[92.0503468,21.5210668],[91.9984667,21.5419477],[91.9795512,21.4740366],[91.9489977,21.4585563],[91.9995957,21.3941535],[92.0624076,21.4458378],[92.0503468,21.5210668]]]}},{"type":"Feature","properties":{"2024":229966.178056,"2023":229966.178056,"DistrictID":106,"2020":217461.405096,"2014":194454.785062,"2021":221552.2249,"2022":225720,"district":"Sunamganj","2018":209504.973889,"2013":190864.302113,"2017":205636.598851,"2016":201839.650879,"2015":198112.811117,"2025":229966.178056,"2019":213446.119656,"2012":187340.11513,"division":"Sylhet","upazila":"South Sunamganj","UpazilaID":315},"geometry":{"type":"Polygon","coordinates":[[[91.4851852,24.9630397],[91.4668768,25.0150576],[91.3532262,24.9610807],[91.3125826,24.9858212],[91.2813131,24.9560462],[91.2823235,24.8847281],[91.3159261,24.8890153],[91.3616852,24.8441529],[91.4490334,24.8380119],[91.5139229,24.8303218],[91.4988854,24.8972412],[91.5285782,24.9114532],[91.4851852,24.9630397]]]}},{"type":"Feature","properties":{"2024":418878.701836,"2023":418878.701836,"DistrictID":104,"2020":369413.463998,"2014":287317.184794,"2021":385216.22684,"2022":401695,"district":"Sylhet","2018":339726.178776,"2013":275530.543901,"2017":325789.558612,"2016":312424.661777,"2015":299608.034408,"2025":418878.701836,"2019":354258.979438,"2012":264227.427528,"division":"Sylhet","upazila":"South Surma","UpazilaID":322},"geometry":{"type":"Polygon","coordinates":[[[91.9270834,24.8667825],[91.8029684,24.8894245],[91.8183788,24.8676276],[91.7885597,24.7971366],[91.8280887,24.7699928],[91.8903168,24.7552072],[91.9661388,24.7310072],[91.9705956,24.7932585],[91.9410099,24.8119095],[91.9270834,24.8667825]]]}},{"type":"Feature","properties":{"2024":94755.437558,"2023":94755.437558,"DistrictID":148,"2020":98132.467419,"2014":105251.882805,"2021":96993.625494,"2022":95868,"district":"Shariatpur","2018":100450.423099,"2013":106487.688315,"2017":101629.852701,"2016":102823.13047,"2015":104030.419003,"2025":94755.437558,"2019":99284.680953,"2012":107738.003923,"division":"Dhaka","upazila":"Damudiya","UpazilaID":554},"geometry":{"type":"Polygon","coordinates":[[[90.4863083,23.1568395],[90.3986088,23.1784142],[90.3537345,23.1342045],[90.352369,23.1040934],[90.4320014,23.107204],[90.4863083,23.1568395]]]}},{"type":"Feature","properties":{"2024":318593.250212,"2023":318593.250212,"DistrictID":122,"2020":311077.38823,"2014":296573.396549,"2021":313562.765556,"2022":316068,"district":"Chuadanga","2018":306165.576609,"2013":294222.681233,"2017":303738.831263,"2016":301331.32091,"2015":298942.89309,"2025":318593.250212,"2019":308611.710629,"2012":291890.598279,"division":"Khulna","upazila":"Damurhuda","UpazilaID":350},"geometry":{"type":"Polygon","coordinates":[[[88.8045131,23.6814323],[88.7737788,23.6997666],[88.7031115,23.6677498],[88.6536573,23.646736],[88.6380672,23.610411],[88.6542025,23.5566777],[88.7537922,23.4791482],[88.7980121,23.4995313],[88.8187631,23.5270418],[88.8290575,23.5996009],[88.8045131,23.6814323]]]}},{"type":"Feature","properties":{"2024":407080.563002,"2023":407080.563002,"DistrictID":133,"2020":391966.872249,"2014":363402.03697,"2021":396941.370154,"2022":401979,"district":"Cumilla","2018":382204.11748,"2013":358847.856409,"2017":377414.30789,"2016":372684.524539,"2015":368014.015174,"2025":407080.563002,"2019":387054.715111,"2012":354350.749168,"division":"Chittagong","upazila":"Daudkandi","UpazilaID":437},"geometry":{"type":"Polygon","coordinates":[[[90.8649567,23.5506953],[90.7748041,23.5407461],[90.7135021,23.5736175],[90.6876238,23.5566493],[90.6877545,23.4924753],[90.7107859,23.4352193],[90.7518779,23.4158474],[90.7944116,23.4336657],[90.8483862,23.4707061],[90.8817631,23.506638],[90.8649567,23.5506953]]]}},{"type":"Feature","properties":{"2024":506361.189932,"2023":506361.189932,"DistrictID":120,"2020":347598.144325,"2014":163799.104938,"2021":394038.300044,"2022":446683,"district":"Kushtia","2018":270492.653488,"2013":144494.240565,"2017":238613.211953,"2016":210490.984447,"2015":185683.157152,"2025":506361.189932,"2019":306631.284128,"2012":127464.588799,"division":"Khulna","upazila":"Daulatpur","UpazilaID":306},"geometry":{"type":"Polygon","coordinates":[[[88.8607085,24.1118253],[88.784546,24.1349845],[88.7334243,24.1938755],[88.7463936,24.1471715],[88.7085012,24.1200863],[88.7421663,24.0334254],[88.7344778,23.9629853],[88.7907688,23.9754543],[88.8731821,23.9092611],[88.881413,23.8781129],[88.9457136,23.912686],[88.9641698,24.0071214],[88.91882,24.0268554],[88.9198451,24.1207611],[88.8607085,24.1118253]]]}},{"type":"Feature","properties":{"2024":126125.10425,"2023":126125.10425,"DistrictID":124,"2020":125932.889229,"2014":125549.33755,"2021":125996.928332,"2022":126061,"district":"Satkhira","2018":125804.908652,"2013":125485.52594,"2017":125740.967145,"2016":125677.058137,"2015":125613.181611,"2025":126125.10425,"2019":125868.882675,"2012":125421.746762,"division":"Khulna","upazila":"Debhata","UpazilaID":355},"geometry":{"type":"Polygon","coordinates":[[[89.1048548,22.5996193],[89.0773497,22.6619185],[88.9919255,22.6602739],[88.9565143,22.6205144],[88.9416306,22.556952],[88.972623,22.5180388],[89.0173436,22.5244534],[89.0733454,22.5602112],[89.1048548,22.5996193]]]}},{"type":"Feature","properties":{"2024":477416.752868,"2023":477416.752868,"DistrictID":133,"2020":465458.745819,"2014":442433.777501,"2021":469411.092641,"2022":473397,"district":"Cumilla","2018":457653.605872,"2013":438708.574237,"2017":453800.254719,"2016":449979.348007,"2015":446190.612559,"2025":477416.752868,"2019":461539.67696,"2012":435014.736433,"division":"Chittagong","upazila":"Debiduar","UpazilaID":438},"geometry":{"type":"Polygon","coordinates":[[[91.0604456,23.5575152],[91.0468936,23.7036134],[90.9863969,23.6668093],[90.9486058,23.6145884],[90.8918096,23.5054963],[90.9241516,23.5099526],[91.0343519,23.4833403],[91.0604456,23.5575152]]]}},{"type":"Feature","properties":{"2024":266965.036763,"2023":266965.036763,"DistrictID":129,"2020":255708.937301,"2014":234600.507433,"2021":259407.224709,"2022":263159,"district":"Panchagarh","2018":248469.786766,"2013":231255.88161,"2017":244927.430979,"2016":241435.577447,"2015":237993.506175,"2025":266965.036763,"2019":252063.375216,"2012":227958.939067,"division":"Rangpur","upazila":"Debiganj","UpazilaID":400},"geometry":{"type":"Polygon","coordinates":[[[88.7592569,26.3041432],[88.7441358,26.3030685],[88.7030444,26.2119352],[88.6532091,26.1778793],[88.6637255,26.1098774],[88.646531,26.082674],[88.6267572,26.0559311],[88.6633887,26.0172588],[88.7105444,26.0073518],[88.7349548,26.0146825],[88.7746048,26.0548131],[88.7978273,26.2033789],[88.7629195,26.2361211],[88.7592569,26.3041432]]]}},{"type":"Feature","properties":{"2024":219660.540288,"2023":219660.540288,"DistrictID":155,"2020":216497.226961,"2014":210306.608121,"2021":217546.570442,"2022":218601,"district":"Tangail","2018":214413.70022,"2013":209292.186852,"2017":213379.468248,"2016":212350.22493,"2015":211325.946204,"2025":219660.540288,"2019":215452.945025,"2012":208282.658679,"division":"Dhaka","upazila":"Delduar","UpazilaID":609},"geometry":{"type":"Polygon","coordinates":[[[89.9737421,24.197169],[89.9487396,24.2262743],[89.8974285,24.2091789],[89.8519174,24.1502672],[89.9126577,24.0980757],[89.9347312,24.0557214],[89.9766044,24.0708897],[89.9743354,24.1169894],[90.023602,24.1671703],[89.9737421,24.197169]]]}},{"type":"Feature","properties":{"2024":193430.238585,"2023":193430.238585,"DistrictID":121,"2020":191229.919027,"2014":186904.082829,"2021":191960.563703,"2022":192694,"district":"Naogaon","2018":189776.962081,"2013":186192.684247,"2017":189054.62868,"2016":188335.044641,"2015":187618.199499,"2025":193430.238585,"2019":190502.055349,"2012":185483.993406,"division":"Rajshahi","upazila":"Dhamoirhat","UpazilaID":339},"geometry":{"type":"Polygon","coordinates":[[[88.9230215,25.1650072],[88.8304164,25.2054532],[88.7983647,25.1712818],[88.7333364,25.2000174],[88.669352,25.1983412],[88.6842215,25.1187471],[88.8247658,25.1067987],[88.9014382,25.0310976],[88.9408412,25.0414816],[88.9230215,25.1650072]]]}},{"type":"Feature","properties":{"2024":190323.835512,"2023":190323.835512,"DistrictID":155,"2020":186655.157158,"2014":179528.589411,"2021":187870.124375,"2022":189093,"district":"Tangail","2018":184248.743707,"2013":178367.567395,"2017":183057.196173,"2016":181873.354449,"2015":180697.168698,"2025":190323.835512,"2019":185448.047207,"2012":177214.053777,"division":"Dhaka","upazila":"Dhanbari","UpazilaID":610},"geometry":{"type":"Polygon","coordinates":[[[89.9896203,24.7275483],[89.9357673,24.7571875],[89.8814248,24.741859],[89.8793079,24.6790466],[89.8477496,24.6379577],[89.9469574,24.6247173],[90.0018315,24.6782868],[89.9896203,24.7275483]]]}},{"type":"Feature","properties":{"2024":0,"2023":0,"DistrictID":106,"2020":0,"2014":0,"2021":0,"2022":0,"district":"Sunamganj","2018":0,"2013":0,"2017":0,"2016":0,"2015":0,"2025":0,"2019":0,"2012":0,"division":"Sylhet","upazila":"Modhyanagar","UpazilaID":0},"geometry":{"type":"Polygon","coordinates":[[[91.0711467,25.1983568],[90.9648484,25.1718786],[90.9342133,25.0809261],[90.9470709,24.994469],[90.9659073,25.0242704],[91.0251189,25.0014598],[91.0824614,25.0254049],[91.0957635,25.0677695],[91.0260202,25.1168065],[91.0846292,25.1437179],[91.0711467,25.1983568]]]}},{"type":"Feature","properties":{"2024":268250.353266,"2023":268250.353266,"DistrictID":106,"2020":256200.366911,"2014":233699.959417,"2021":260155.652115,"2022":264172,"district":"Sunamganj","2018":248469.285182,"2013":230146.894226,"2017":244691.67405,"2016":240971.495956,"2015":237307.877715,"2025":268250.353266,"2019":252305.216018,"2012":226647.848181,"division":"Sylhet","upazila":"Dharampasha","UpazilaID":137},"geometry":{"type":"Polygon","coordinates":[[[91.0824614,25.0254049],[91.0251189,25.0014598],[90.9659073,25.0242704],[90.9470709,24.994469],[90.9412342,24.9846539],[90.9725636,24.9598859],[90.9534156,24.9189298],[90.9980553,24.8921351],[91.0752355,24.9012422],[91.1089169,24.8713709],[91.1156112,24.8129953],[91.1612912,24.8727099],[91.1617244,24.9597326],[91.0824614,25.0254049]]]}},{"type":"Feature","properties":{"2024":217304.541907,"2023":217304.541907,"DistrictID":101,"2020":211847.248486,"2014":201340.376183,"2021":213650.945777,"2022":215470,"district":"Mymensingh","2018":208285.407209,"2013":199640.607948,"2017":206527.007202,"2016":204783.452068,"2015":203054.616484,"2025":217304.541907,"2019":210058.778481,"2012":197955.189602,"division":"Mymensingh","upazila":"Dhobaura","UpazilaID":123},"geometry":{"type":"Polygon","coordinates":[[[90.6140351,25.1742057],[90.4992192,25.1687232],[90.4630536,25.1542436],[90.4463075,25.1000244],[90.4573837,25.0397535],[90.4922723,25.0216225],[90.494775,25.0196224],[90.5501387,25.0417555],[90.6052173,25.0267974],[90.592725,25.0737548],[90.6140351,25.1742057]]]}},{"type":"Feature","properties":{"2024":302973.168549,"2023":302973.168549,"DistrictID":156,"2020":300295.589718,"2014":295011.21365,"2021":301185.476328,"2022":302078,"district":"Bogra","2018":298523.696542,"2013":294139.569599,"2017":297641.674462,"2016":296762.258416,"2015":295885.440704,"2025":302973.168549,"2019":299408.332379,"2012":293270.500918,"division":"Rajshahi","upazila":"Dhunot","UpazilaID":623},"geometry":{"type":"Polygon","coordinates":[[[89.6570905,24.7399315],[89.5941182,24.7452467],[89.570218,24.7931311],[89.5359574,24.787097],[89.4604699,24.7590437],[89.4755948,24.7234128],[89.5001855,24.5991655],[89.5288739,24.5616408],[89.601785,24.5624269],[89.6017018,24.6052186],[89.5461072,24.6515714],[89.5647501,24.6992592],[89.6377365,24.6963293],[89.6570905,24.7399315]]]}},{"type":"Feature","properties":{"2024":186857.215328,"2023":186857.215328,"DistrictID":156,"2020":184258.708547,"2014":179169.599907,"2021":185120.837364,"2022":185987,"district":"Bogra","2018":182546.477309,"2013":178335.18668,"2017":181696.337579,"2016":180850.157047,"2015":180007.917274,"2025":186857.215328,"2019":183400.594761,"2012":177504.65941,"division":"Rajshahi","upazila":"Dhubchanchia","UpazilaID":622},"geometry":{"type":"Polygon","coordinates":[[[89.1853939,24.9433047],[89.1033055,24.9708831],[89.0852398,24.8730732],[89.105985,24.8104732],[89.1550937,24.7985434],[89.1879954,24.8278533],[89.1904691,24.896721],[89.209066,24.9170185],[89.1853939,24.9433047]]]}},{"type":"Feature","properties":{"2024":103423.371316,"2023":103423.371316,"DistrictID":147,"2020":106338.2202,"2014":112416.686597,"2021":105357.588497,"2022":104386,"district":"Khulna","2018":108326.950696,"2013":113463.021925,"2017":109335.220188,"2016":110352.8743,"2015":111380.000383,"2025":103423.371316,"2019":107327.979282,"2012":114519.096177,"division":"Khulna","upazila":"Dighalia","UpazilaID":544},"geometry":{"type":"Polygon","coordinates":[[[89.6124221,22.9559674],[89.5605454,22.983848],[89.5145447,22.9275818],[89.5278869,22.8697544],[89.5552219,22.8522386],[89.5644068,22.8543017],[89.5721756,22.9189754],[89.6124221,22.9559674]]]}},{"type":"Feature","properties":{"2024":111375.176645,"2023":111375.176645,"DistrictID":109,"2020":109323.376971,"2014":105332.478585,"2021":110003.075533,"2022":110687,"district":"Khagrachari","2018":107976.553275,"2013":104681.639198,"2017":107309.376401,"2016":106646.32195,"2015":105987.36445,"2025":111375.176645,"2019":108647.878202,"2012":104034.821286,"division":"Chittagong","upazila":"Dighinala","UpazilaID":165},"geometry":{"type":"Polygon","coordinates":[[[92.0737921,23.6475877],[91.9999563,23.6713336],[91.9780266,23.7313337],[91.9339462,23.6844446],[91.9709743,23.5026613],[91.953423,23.4743325],[91.9698266,23.4457279],[91.9992798,23.2676902],[92.0133276,23.205275],[92.0733546,23.0732865],[92.1810799,23.1019502],[92.1301702,23.2244728],[92.1247624,23.3194235],[92.0492871,23.3652909],[92.136974,23.4304325],[92.1233109,23.5291385],[92.0737921,23.6475877]]]}},{"type":"Feature","properties":{"2024":536859.548623,"2023":536859.548623,"DistrictID":130,"2020":523287.898895,"2014":497165.1881,"2021":527773.226602,"2022":532297,"district":"Dinajpur","2018":514431.276392,"2013":492939.98553,"2017":510059.336435,"2016":505724.551798,"2015":501426.606715,"2025":536859.548623,"2019":518840.690144,"2012":488750.69122,"division":"Rangpur","upazila":"Dinajpur  Sadar","UpazilaID":403},"geometry":{"type":"Polygon","coordinates":[[[88.7186571,25.7831572],[88.7095172,25.7882346],[88.6472453,25.7386082],[88.6290825,25.7100111],[88.6236113,25.614644],[88.5682206,25.513848],[88.6463472,25.4785276],[88.7633103,25.5254324],[88.7433361,25.5828748],[88.699578,25.6087966],[88.7462161,25.7297962],[88.7186571,25.7831572]]]}},{"type":"Feature","properties":{"2024":280905.240006,"2023":280905.240006,"DistrictID":128,"2020":272682.091766,"2014":256950.915463,"2021":275396.040199,"2022":278137,"district":"Nilphamari","2018":267334.166866,"2013":254418.738406,"2017":264699.665866,"2016":262091.127112,"2015":259508.294754,"2025":280905.240006,"2019":269994.88851,"2012":251911.515223,"division":"Rangpur","upazila":"Domar","UpazilaID":392},"geometry":{"type":"Polygon","coordinates":[[[88.877645,26.2334828],[88.8128207,26.2569343],[88.8190672,26.2945907],[88.7592569,26.3041432],[88.7629195,26.2361211],[88.7978273,26.2033789],[88.7746048,26.0548131],[88.8125437,26.0321792],[88.8651421,26.055544],[88.8919078,26.1192141],[88.877645,26.2334828]]]}},{"type":"Feature","properties":{"2024":289672.091587,"2023":289672.091587,"DistrictID":106,"2020":272981.071743,"2014":242428.84542,"2021":278435.052414,"2022":283998,"district":"Sunamganj","2018":262391.515186,"2013":237680.153667,"2017":257251.795026,"2016":252212.75161,"2015":247272.412883,"2025":289672.091587,"2019":267633.923544,"2012":233024.479201,"division":"Sylhet","upazila":"Dowarabazar","UpazilaID":138},"geometry":{"type":"Polygon","coordinates":[[[91.7037487,25.15103],[91.6378525,25.1226546],[91.5769702,25.1721024],[91.5179278,25.1474748],[91.4709697,25.0709558],[91.4668768,25.0150576],[91.4851852,24.9630397],[91.5413687,24.9691609],[91.6109664,25.0321666],[91.6170947,25.067358],[91.6842382,25.1137375],[91.7049054,25.1500647],[91.7037487,25.15103]]]}},{"type":"Feature","properties":{"2024":251596.513741,"2023":251596.513741,"DistrictID":102,"2020":233247.063353,"2014":200465.349591,"2021":239209.81547,"2022":245325,"district":"Netrokona","2018":221763.752422,"2013":195468.375762,"2017":216235.876062,"2016":210845.79236,"2015":205590.066577,"2025":251596.513741,"2019":227432.943987,"2012":190595.960853,"division":"Mymensingh","upazila":"Durgapur","UpazilaID":125},"geometry":{"type":"Polygon","coordinates":[[[90.7591555,25.1679643],[90.6989503,25.1569544],[90.6525155,25.1887841],[90.6140351,25.1742057],[90.592725,25.0737548],[90.6052173,25.0267974],[90.7028383,24.9948868],[90.7540498,25.0269336],[90.7860242,25.0797661],[90.7591555,25.1679643]]]}},{"type":"Feature","properties":{"2024":198902.288894,"2023":198902.288894,"DistrictID":126,"2020":195554.383734,"2014":189026.67981,"2021":196664.043523,"2022":197780,"district":"Rajshahi","2018":193353.812305,"2013":187960.113182,"2017":192262.830208,"2016":191178.003883,"2015":190099.298596,"2025":198902.288894,"2019":194450.985104,"2012":186899.564564,"division":"Rajshahi","upazila":"Durgapur","UpazilaID":385},"geometry":{"type":"Polygon","coordinates":[[[88.8495639,24.5101601],[88.8086325,24.5262306],[88.7157105,24.5221326],[88.6786607,24.5111633],[88.6682662,24.4547287],[88.7089449,24.3971181],[88.7980191,24.4049882],[88.8121059,24.4422585],[88.8608179,24.4566156],[88.8495639,24.5101601]]]}},{"type":"Feature","properties":{"2024":401215.694636,"2023":401215.694636,"DistrictID":119,"2020":400077.688372,"2014":397811.350197,"2021":400456.664692,"2022":400836,"district":"Chandpur","2018":399320.811338,"2013":397434.877298,"2017":398942.909945,"2016":398565.366182,"2015":398188.179713,"2025":401215.694636,"2019":399699.070701,"2012":397058.760678,"division":"Chittagong","upazila":"Faridganj","UpazilaID":274},"geometry":{"type":"Polygon","coordinates":[[[90.7877602,23.223632],[90.7216039,23.2216999],[90.683483,23.1349892],[90.6903761,23.0630733],[90.7316042,23.0422487],[90.7868995,23.0770448],[90.8170085,23.124038],[90.8740133,23.1734254],[90.8216933,23.2245835],[90.7877602,23.223632]]]}},{"type":"Feature","properties":{"2024":130807.434896,"2023":130807.434896,"DistrictID":143,"2020":130689.16587,"2014":130452.948519,"2021":130728.576993,"2022":130768,"district":"Pabna","2018":130610.379266,"2013":130413.620491,"2017":130571.003776,"2016":130531.640158,"2015":130492.288407,"2025":130807.434896,"2019":130649.766629,"2012":130374.304319,"division":"Rajshahi","upazila":"Faridpur","UpazilaID":515},"geometry":{"type":"Polygon","coordinates":[[[89.5156329,24.1973279],[89.4513543,24.2290715],[89.3734173,24.1641388],[89.3616856,24.1221706],[89.4172597,24.0977605],[89.4532616,24.1319016],[89.5280753,24.146048],[89.5156329,24.1973279]]]}},{"type":"Feature","properties":{"2024":516943.587324,"2023":516943.587324,"DistrictID":152,"2020":504626.959169,"2014":480867.074017,"2021":508699.545701,"2022":512805,"district":"Faridpur","2018":496579.338969,"2013":477017.310859,"2017":492603.785334,"2016":488660.059497,"2015":484747.906648,"2025":516943.587324,"2019":500586.977268,"2012":473198.368436,"division":"Dhaka","upazila":"Faridpur Sadar","UpazilaID":579},"geometry":{"type":"Polygon","coordinates":[[[89.8649004,23.718871],[89.810513,23.7212556],[89.7547268,23.6765451],[89.7009833,23.5878122],[89.6895683,23.556717],[89.7428941,23.5232173],[89.7553559,23.5049774],[89.7857971,23.4872759],[89.8382143,23.5024236],[89.9163591,23.5582814],[89.8939783,23.6039389],[89.9322115,23.6572758],[89.8649004,23.718871]]]}},{"type":"Feature","properties":{"2024":613647.575729,"2023":613647.575729,"DistrictID":108,"2020":590454.344448,"2014":546664.562317,"2021":598086.347939,"2022":605817,"district":"Chittagong","2018":575481.263943,"2013":539688.737067,"2017":568137.717262,"2016":560887.879415,"2015":553730.554611,"2025":613647.575729,"2019":582919.730704,"2012":532801.928265,"division":"Chittagong","upazila":"Fatikchari","UpazilaID":158},"geometry":{"type":"Polygon","coordinates":[[[91.7131053,22.9886942],[91.6447796,22.9760186],[91.6190587,22.9384921],[91.6290299,22.8834125],[91.6148444,22.7795207],[91.6528701,22.699571],[91.6847981,22.6339321],[91.7559287,22.6046204],[91.7896099,22.6368889],[91.8443618,22.5620225],[91.9347214,22.6571111],[91.9275514,22.6887098],[91.8833049,22.6972373],[91.8869548,22.765833],[91.8539669,22.7758283],[91.7752178,22.7947698],[91.7471567,22.8702077],[91.7164227,22.8869406],[91.7305358,22.9396118],[91.7131053,22.9886942]]]}},{"type":"Feature","properties":{"2024":645339.277953,"2023":645339.277953,"DistrictID":114,"2020":609249.901143,"2014":543012.971959,"2021":621049.68313,"2022":633078,"district":"Feni","2018":586318.655905,"2013":532695.86713,"2017":575178.754376,"2016":564250.508071,"2015":553529.895594,"2025":645339.277953,"2019":597674.311936,"2012":522574.784601,"division":"Chittagong","upazila":"Feni Sadar","UpazilaID":232},"geometry":{"type":"Polygon","coordinates":[[[91.4165724,23.0640933],[91.371898,23.0693944],[91.3146293,23.0491829],[91.3664461,22.9862972],[91.3549846,22.9488183],[91.4735826,22.9017703],[91.4978738,22.9033325],[91.5092904,22.9731201],[91.4841032,23.0149318],[91.4358521,23.0440005],[91.4165724,23.0640933]]]}},{"type":"Feature","properties":{"2024":492390.027125,"2023":492390.027125,"DistrictID":101,"2020":481021.578297,"2014":459066.05495,"2021":484781.593638,"2022":488571,"district":"Mymensingh","2018":473588.810608,"2013":455505.491942,"2017":469915.60763,"2016":466270.894389,"2015":462654.449914,"2025":492390.027125,"2019":477290.726018,"2012":451972.545023,"division":"Mymensingh","upazila":"Fulbaria","UpazilaID":326},"geometry":{"type":"Polygon","coordinates":[[[90.3448281,24.6749083],[90.300127,24.7186883],[90.284849,24.6988545],[90.1983907,24.6833545],[90.1621169,24.600346],[90.1357326,24.6166826],[90.1524109,24.5499855],[90.2266297,24.4836695],[90.2190666,24.4485064],[90.2934714,24.4724048],[90.3335363,24.5186011],[90.32261,24.5651382],[90.3579432,24.6067605],[90.3448281,24.6749083]]]}},{"type":"Feature","properties":{"2024":123630.619622,"2023":123630.619622,"DistrictID":114,"2020":122599.639955,"2014":120563.401542,"2021":122942.341004,"2022":123286,"district":"Feni","2018":121917.101025,"2013":120227.331772,"2017":121577.257827,"2016":121238.361939,"2015":120900.410722,"2025":123630.619622,"2019":122257.894183,"2012":119892.198796,"division":"Chittagong","upazila":"Fulgazi","UpazilaID":237},"geometry":{"type":"Polygon","coordinates":[[[91.4908866,23.1577622],[91.3851584,23.175176],[91.4165724,23.0640933],[91.4358521,23.0440005],[91.5116867,23.1085333],[91.4908866,23.1577622]]]}},{"type":"Feature","properties":{"2024":339202.536742,"2023":339202.536742,"DistrictID":156,"2020":334188.833653,"2014":324382.652548,"2021":335851.779362,"2022":337523,"district":"Bogra","2018":330887.603328,"2013":322776.495387,"2017":329249.237375,"2016":327618.983673,"2015":325996.802053,"2025":339202.536742,"2019":332534.121898,"2012":321178.290997,"division":"Rajshahi","upazila":"Gabtali","UpazilaID":624},"geometry":{"type":"Polygon","coordinates":[[[89.5254222,24.9202157],[89.4632312,24.9481995],[89.4408614,25.0248297],[89.3753242,24.9846046],[89.4031782,24.9483086],[89.4301738,24.8383946],[89.4604699,24.7590437],[89.5359574,24.787097],[89.5157182,24.8628608],[89.5254222,24.9202157]]]}},{"type":"Feature","properties":{"2024":331912.802318,"2023":331912.802318,"DistrictID":146,"2020":323053.410208,"2014":306037.736763,"2021":325979.949353,"2022":328933,"district":"Rangpur","2018":317278.916518,"2013":303290.232144,"2017":314430.492341,"2016":311607.640365,"2015":308810.131011,"2025":331912.802318,"2019":320153.144554,"2012":300567.393705,"division":"Rangpur","upazila":"Gangachara","UpazilaID":535},"geometry":{"type":"Polygon","coordinates":[[[89.141843,25.9641742],[89.1076068,25.9647274],[89.0912714,25.8290529],[89.1060656,25.8081381],[89.1896073,25.8286713],[89.3124677,25.8124488],[89.3486394,25.8238603],[89.3350495,25.8495516],[89.2913634,25.8899796],[89.2351721,25.9045462],[89.2015114,25.9444709],[89.141843,25.9641742]]]}},{"type":"Feature","properties":{"2024":322251.712861,"2023":322251.712861,"DistrictID":127,"2020":316434.92803,"2014":305114.44971,"2021":318362.09555,"2022":320301,"district":"Meherpur","2018":312615.520019,"2013":303267.475257,"2017":310723.138719,"2016":308842.212726,"2015":306972.672698,"2025":322251.712861,"2019":314519.426393,"2012":301431.681247,"division":"Khulna","upazila":"Gangni","UpazilaID":378},"geometry":{"type":"Polygon","coordinates":[[[88.881413,23.8781129],[88.8731821,23.9092611],[88.7907688,23.9754543],[88.7344778,23.9629853],[88.7076103,23.9163713],[88.6421511,23.8688044],[88.6944763,23.8538857],[88.7051524,23.7627901],[88.7799221,23.7363727],[88.8589647,23.8326561],[88.881413,23.8781129]]]}},{"type":"Feature","properties":{"2024":188103.869587,"2023":188103.869587,"DistrictID":135,"2020":188224.286512,"2014":188465.351669,"2021":188184.138974,"2022":188144,"district":"Barisal","2018":188304.607284,"2013":188505.559201,"2017":188344.780522,"2016":188384.962331,"2015":188425.152713,"2025":188103.869587,"2019":188264.442614,"2012":188545.77531,"division":"Barisal","upazila":"Gournadi","UpazilaID":458},"geometry":{"type":"Polygon","coordinates":[[[90.2908669,22.9725214],[90.2302171,22.9786893],[90.2383649,23.0367161],[90.2077515,23.0658508],[90.1353231,23.049785],[90.143094,23.0453145],[90.1845597,23.0448284],[90.1929423,22.9582725],[90.2220411,22.9184321],[90.2453429,22.8922998],[90.2992221,22.8853177],[90.3231698,22.9304069],[90.3610223,22.9198199],[90.2908669,22.9725214]]]}},{"type":"Feature","properties":{"2024":454545.278798,"2023":454545.278798,"DistrictID":155,"2020":445103.580921,"2014":426804.472978,"2021":448228.818732,"2022":451376,"district":"Tangail","2018":438918.324743,"2013":423828.614619,"2017":435858.00357,"2016":432819.020229,"2015":429801.225945,"2025":454545.278798,"2019":442000.133569,"2012":420873.505183,"division":"Dhaka","upazila":"Ghatail","UpazilaID":611},"geometry":{"type":"Polygon","coordinates":[[[90.1524109,24.5499855],[90.0998255,24.5576917],[90.0193062,24.5422748],[89.9864451,24.5714794],[89.9419865,24.4971908],[89.8797392,24.485629],[89.8856905,24.429401],[89.9806342,24.3889384],[90.105574,24.4233442],[90.2054088,24.4311919],[90.2292512,24.4199333],[90.2190666,24.4485064],[90.2266297,24.4836695],[90.1524109,24.5499855]]]}},{"type":"Feature","properties":{"2024":147617.953669,"2023":147617.953669,"DistrictID":154,"2020":147285.342787,"2014":146622.36764,"2021":147396.129727,"2022":147507,"district":"Manikganj","2018":147064.018657,"2013":146512.162281,"2017":146953.481341,"2016":146843.027107,"2015":146732.655894,"2025":147617.953669,"2019":147174.639118,"2012":146402.039755,"division":"Dhaka","upazila":"Ghior","UpazilaID":601},"geometry":{"type":"Polygon","coordinates":[[[89.9409752,23.9286583],[89.8504877,23.9359651],[89.8189985,23.8958052],[89.8204066,23.8489328],[89.887965,23.8515874],[89.9253926,23.7995605],[89.9808289,23.7854955],[89.9484463,23.9148227],[89.9409752,23.9286583]]]}},{"type":"Feature","properties":{"2024":130572.834272,"2023":130572.834272,"DistrictID":130,"2020":127239.112516,"2014":120824.840752,"2021":128340.786944,"2022":129452,"district":"Dinajpur","2018":125064.052729,"2013":119787.683037,"2017":123990.505714,"2016":122926.174002,"2015":121870.97849,"2025":130572.834272,"2019":126146.894837,"2012":118759.428261,"division":"Rangpur","upazila":"Ghorahat","UpazilaID":409},"geometry":{"type":"Polygon","coordinates":[[[89.2806563,25.3013452],[89.2378189,25.3191375],[89.2096975,25.3645355],[89.1409934,25.3000933],[89.1388261,25.2549783],[89.2046099,25.2284573],[89.3036513,25.2297343],[89.2732484,25.264583],[89.2806563,25.3013452]]]}},{"type":"Feature","properties":{"2024":199242.399145,"2023":199242.399145,"DistrictID":148,"2020":187918.763321,"2014":167165.60021,"2021":191619.933306,"2022":195394,"district":"Shariatpur","2018":180729.508624,"2013":163936.769621,"2017":177238.688951,"2016":173815.295025,"2015":170458.024506,"2025":199242.399145,"2019":184289.082032,"2012":160770.304417,"division":"Dhaka","upazila":"Gosairhat","UpazilaID":555},"geometry":{"type":"Polygon","coordinates":[[[90.5562759,23.1351692],[90.5640524,23.1465142],[90.4863083,23.1568395],[90.4320014,23.107204],[90.352369,23.1040934],[90.3487856,23.056747],[90.4227084,23.0389038],[90.4078938,23.0070838],[90.4173438,23.0071879],[90.4978158,23.0487556],[90.4985104,23.0690448],[90.5562759,23.1351692]]]}},{"type":"Feature","properties":{"2024":404134.612305,"2023":404134.612305,"DistrictID":104,"2020":371157.746719,"2014":313057.053719,"2021":381839.660703,"2022":392829,"district":"Sylhet","2018":350682.034549,"2013":304299.324064,"2017":340871.751034,"2016":331335.908902,"2015":322066.830693,"2025":404134.612305,"2019":360774.657866,"2012":295786.590738,"division":"Sylhet","upazila":"Goainghat","UpazilaID":131},"geometry":{"type":"Polygon","coordinates":[[[92.0582576,25.1859113],[91.9805071,25.1717884],[91.8488038,25.1736245],[91.8441914,25.0955631],[91.8549501,25.0266149],[91.8090227,25.0113547],[91.8359872,24.9849649],[91.9266713,24.9987531],[91.9536297,24.9565694],[92.1096453,25.079747],[92.051595,25.1443977],[92.0582576,25.1859113]]]}},{"type":"Feature","properties":{"2024":229109.041634,"2023":229109.041634,"DistrictID":132,"2020":225441.660723,"2014":218282.072074,"2021":226657.551486,"2022":227880,"district":"Natore","2018":223029.411926,"2013":217111.111065,"2017":221832.984099,"2016":220642.974437,"2015":219459.348511,"2025":229109.041634,"2019":224232.292533,"2012":215946.431606,"division":"Rajshahi","upazila":"Gurudaspur","UpazilaID":426},"geometry":{"type":"Polygon","coordinates":[[[89.2484157,24.4330569],[89.165934,24.4034352],[89.1070992,24.4084692],[89.0789247,24.3514506],[89.0932305,24.333843],[89.1953055,24.3504566],[89.2447179,24.304858],[89.2864459,24.3236901],[89.3186407,24.3530658],[89.2852891,24.4202874],[89.2484157,24.4330569]]]}},{"type":"Feature","properties":{"2024":0,"2023":0,"DistrictID":105,"2020":0,"2014":0,"2021":0,"2022":0,"district":"Hobigonj","2018":0,"2013":0,"2017":0,"2016":0,"2015":0,"2025":0,"2019":0,"2012":0,"division":"Sylhet","upazila":"Shayestaganj","UpazilaID":0},"geometry":{"type":"Polygon","coordinates":[[[91.475236,24.2734845],[91.3890248,24.3061881],[91.3390065,24.3006435],[91.3381913,24.2690494],[91.3818185,24.2559118],[91.412713,24.248651],[91.475236,24.2734845]]]}},{"type":"Feature","properties":{"2024":394598.359381,"2023":394598.359381,"DistrictID":105,"2020":355593.074021,"2014":288768.176248,"2021":368146.453211,"2022":381143,"district":"Hobigonj","2018":331755.887664,"2013":278921.506852,"2017":320443.385751,"2016":309516.627405,"2015":298962.459206,"2025":394598.359381,"2019":343467.750916,"2012":269410.597785,"division":"Sylhet","upazila":"Habigang Sadar","UpazilaID":303},"geometry":{"type":"Polygon","coordinates":[[[91.4932852,24.4468961],[91.4621316,24.4540667],[91.4610988,24.4120679],[91.4120497,24.3903877],[91.3557745,24.3921492],[91.3113907,24.3660495],[91.3390065,24.3006435],[91.3890248,24.3061881],[91.475236,24.2734845],[91.4867467,24.2764719],[91.4704356,24.3285108],[91.4880657,24.3546861],[91.4730703,24.4083817],[91.4932852,24.4468961]]]}},{"type":"Feature","properties":{"2024":88031.300764,"2023":88031.300764,"DistrictID":119,"2020":92983.461395,"2014":103739.19874,"2021":91302.5371,"2022":89652,"district":"Chandpur","2018":96438.719638,"2013":105649.088049,"2017":98214.203561,"2016":100022.375011,"2015":101863.835779,"2025":88031.300764,"2019":94695.332327,"2012":107594.139352,"division":"Chittagong","upazila":"Haimchar","UpazilaID":275},"geometry":{"type":"MultiPolygon","coordinates":[[[[90.683483,23.1349892],[90.6468022,23.1239227],[90.6465493,22.9843681],[90.6624043,23.0504936],[90.6903761,23.0630733],[90.683483,23.1349892]]],[[[90.5562759,23.1351692],[90.5676546,23.1468434],[90.5669094,23.1490676],[90.5640524,23.1465142],[90.5562759,23.1351692]]]]}},{"type":"Feature","properties":{"2024":362851.972559,"2023":362851.972559,"DistrictID":119,"2020":354472.400365,"2014":338289.331445,"2021":357243.865742,"2022":360037,"district":"Chandpur","2018":348993.805139,"2013":335664.913619,"2017":346286.342981,"2016":343599.885068,"2015":340934.268451,"2025":362851.972559,"2019":351722.435765,"2012":333060.855788,"division":"Chittagong","upazila":"Hajiganj","UpazilaID":276},"geometry":{"type":"Polygon","coordinates":[[[90.9145077,23.2922076],[90.809703,23.333731],[90.7724594,23.3335329],[90.7383453,23.2947385],[90.7607786,23.2603671],[90.7877602,23.223632],[90.8216933,23.2245835],[90.8740133,23.1734254],[90.9019685,23.162305],[90.8943619,23.2377158],[90.9145077,23.2922076]]]}},{"type":"Feature","properties":{"2024":299515.012017,"2023":299515.012017,"DistrictID":101,"2020":297118.396828,"2014":292382.543652,"2021":297915.13018,"2022":298714,"district":"Mymensingh","2018":295531.31669,"2013":291600.606448,"2017":294740.958522,"2016":293952.714059,"2015":293166.577649,"2025":299515.012017,"2019":296323.794231,"2012":290820.760428,"division":"Mymensingh","upazila":"Haluaghat","UpazilaID":124},"geometry":{"type":"Polygon","coordinates":[[[90.4630536,25.1542436],[90.3705363,25.1629335],[90.3301765,25.19389],[90.2642153,25.1963925],[90.2626267,25.0978083],[90.2780507,25.0558199],[90.2333191,25.0272588],[90.2408862,25.0126988],[90.3882304,25.0090298],[90.4158007,24.9872877],[90.4922723,25.0216225],[90.4573837,25.0397535],[90.4463075,25.1000244],[90.4630536,25.1542436]]]}},{"type":"Feature","properties":{"2024":220314.360732,"2023":220314.360732,"DistrictID":123,"2020":214435.360748,"2014":203143.810774,"2021":216377.386433,"2022":218337,"district":"Jhenaidah","2018":210603.443023,"2013":201320.558794,"2017":208713.239511,"2016":206840.000913,"2015":204983.574966,"2025":220314.360732,"2019":212510.765091,"2012":199513.670826,"division":"Khulna","upazila":"Harinakunda","UpazilaID":362},"geometry":{"type":"Polygon","coordinates":[[[89.1184632,23.6938284],[89.0836928,23.7437474],[89.0172606,23.7087447],[89.0068659,23.6215297],[88.9876407,23.5705854],[89.0728819,23.5896724],[89.1231508,23.5508862],[89.1787086,23.5877181],[89.1184632,23.6938284]]]}},{"type":"Feature","properties":{"2024":442071.652318,"2023":442071.652318,"DistrictID":108,"2020":439467.824391,"2014":434306.0883,"2021":440334.058479,"2022":441202,"district":"Chittagong","2018":437740.465082,"2013":433451.712557,"2017":436879.333163,"2016":436019.89528,"2015":435162.148101,"2025":442071.652318,"2019":438603.294376,"2012":432599.017559,"division":"Chittagong","upazila":"Hathazari","UpazilaID":152},"geometry":{"type":"Polygon","coordinates":[[[91.8443618,22.5620225],[91.7896099,22.6368889],[91.7559287,22.6046204],[91.6847981,22.6339321],[91.7685619,22.4951405],[91.771878,22.4592619],[91.8171418,22.4669181],[91.8189675,22.4159022],[91.8801764,22.4291733],[91.8624292,22.4453234],[91.8545211,22.4643503],[91.8809086,22.4777724],[91.8443618,22.5620225]]]}},{"type":"Feature","properties":{"2024":257280.082141,"2023":257280.082141,"DistrictID":131,"2020":251231.859095,"2014":239558.621234,"2021":253231.967908,"2022":255248,"district":"Lalmonirhat","2018":247278.909236,"2013":237666.508981,"2017":245325.819626,"2016":243388.156155,"2015":241465.796984,"2025":257280.082141,"2019":249247.547796,"2012":235789.341248,"division":"Rangpur","upazila":"Hatibandha","UpazilaID":419},"geometry":{"type":"Polygon","coordinates":[[[89.2787711,26.0486387],[89.2267974,26.1231888],[89.1605018,26.1352449],[89.1269271,26.2489294],[89.0629007,26.2301562],[89.0365616,26.2424975],[89.0189164,26.2422296],[89.0229344,26.1925071],[89.0982033,26.1451899],[89.0890998,26.0890682],[89.1196434,25.9899584],[89.1781993,26.0587475],[89.2787711,26.0486387]]]}},{"type":"Feature","properties":{"2024":601838.086765,"2023":601838.086765,"DistrictID":116,"2020":560409.538762,"2014":485911.547569,"2021":573892.085257,"2022":587699,"district":"Noakhali","2018":534387.247784,"2013":474495.943135,"2017":521832.795301,"2016":509573.286753,"2015":497601.792969,"2025":601838.086765,"2019":547243.740075,"2012":463348.527481,"division":"Chittagong","upazila":"Hatiya","UpazilaID":250},"geometry":{"type":"MultiPolygon","coordinates":[[[[91.1409409,22.3732145],[91.0698848,22.4064214],[91.0601517,22.3469446],[91.0691757,22.2459597],[91.0539246,22.1909445],[91.0059064,22.1079047],[91.0577612,22.0792306],[91.1660379,22.1706992],[91.1882435,22.2328221],[91.1898754,22.3266125],[91.1749925,22.3837539],[91.1409409,22.3732145]]],[[[91.1635619,22.5205442],[91.159952,22.5857878],[91.0165243,22.5792531],[91.0174059,22.5681756],[91.0576902,22.5340212],[91.092817,22.4664373],[91.1339518,22.4429694],[91.1653597,22.4794697],[91.163704,22.5172761],[91.1635619,22.5205442]]],[[[91.0129451,22.3604902],[91.0450747,22.4375314],[90.9870824,22.4532883],[91.0129451,22.3604902]]],[[[91.0309512,22.0838231],[90.9730896,22.0717249],[90.9792773,22.0302041],[91.0353925,22.042521],[91.0309512,22.0838231]]],[[[91.0153264,22.2426323],[91.0345324,22.3240634],[91.0190128,22.3323074],[91.0193972,22.292816],[91.013658,22.2698469],[91.0153264,22.2426323]]],[[[90.9339274,22.4937305],[90.976452,22.5219836],[90.9321133,22.4970166],[90.9339274,22.4937305]]],[[[90.9897802,22.3909604],[90.9901751,22.391004],[90.9722779,22.4205983],[90.9897802,22.3909604]]]]}},{"type":"Feature","properties":{"2024":322325.989904,"2023":322325.989904,"DistrictID":143,"2020":320206.682082,"2014":316009.778449,"2021":320911.565198,"2022":321618,"district":"Pabna","2018":318801.557282,"2013":315315.66212,"2017":318101.308803,"2016":317402.598423,"2015":316705.422762,"2025":322325.989904,"2019":319503.347243,"2012":314623.07042,"division":"Rajshahi","upazila":"Iswardi","UpazilaID":516},"geometry":{"type":"Polygon","coordinates":[[[89.1570525,24.1708632],[89.1062036,24.1604252],[89.0121325,24.1439737],[89.0066777,24.1181167],[89.0592988,23.9987167],[89.098615,23.959864],[89.1519049,23.9501322],[89.1378896,24.0732895],[89.190372,24.0897745],[89.1570525,24.1708632]]]}},{"type":"Feature","properties":{"2024":404685.852326,"2023":404685.852326,"DistrictID":101,"2020":397407.372368,"2014":383240.779464,"2021":399818.869613,"2022":402245,"district":"Mymensingh","2018":392627.924803,"2013":380929.272544,"2017":390259.799558,"2016":387905.957599,"2015":385566.312778,"2025":404685.852326,"2019":395010.420007,"2012":378631.70742,"division":"Mymensingh","upazila":"Iswarganj","UpazilaID":330},"geometry":{"type":"Polygon","coordinates":[[[90.6958503,24.7000992],[90.6669516,24.7149416],[90.5766814,24.7044721],[90.5732431,24.6774931],[90.4935681,24.7033754],[90.4625373,24.6368171],[90.4625431,24.6365348],[90.4995685,24.6225842],[90.5131432,24.5689653],[90.6098025,24.5769467],[90.683226,24.6367417],[90.7609374,24.6271828],[90.722022,24.6491859],[90.6958503,24.7000992]]]}},{"type":"Feature","properties":{"2024":216236.356649,"2023":216236.356649,"DistrictID":104,"2020":201096.069078,"2014":173921.516368,"2021":206021.222237,"2022":211067,"district":"Sylhet","2018":191596.170879,"2013":169763.740308,"2017":187015.863685,"2016":182545.053534,"2015":178181.122783,"2025":216236.356649,"2019":196288.656866,"2012":165705.36024,"division":"Sylhet","upazila":"Jaintapur","UpazilaID":129},"geometry":{"type":"Polygon","coordinates":[[[92.2271309,25.0940331],[92.1360758,25.1398363],[92.1328341,25.1602711],[92.0582576,25.1859113],[92.051595,25.1443977],[92.1096453,25.079747],[91.9536297,24.9565694],[92.0093091,24.9199583],[92.0197643,24.9276693],[92.0903801,24.9883527],[92.1543062,25.0060295],[92.17356,25.0547593],[92.2271309,25.0940331]]]}},{"type":"Feature","properties":{"2024":417637.331962,"2023":417637.331962,"DistrictID":128,"2020":396902.280743,"2014":358469.457238,"2021":403696.980037,"2022":410608,"district":"Nilphamari","2018":383654.045851,"2013":352435.99083,"2017":377196.692926,"2016":370848.024915,"2015":364606.212521,"2025":417637.331962,"2019":390221.944301,"2012":346504.074821,"division":"Rangpur","upazila":"Jaldhaka","UpazilaID":393},"geometry":{"type":"Polygon","coordinates":[[[88.8919078,26.1192141],[88.8651421,26.055544],[88.8791809,26.0253914],[88.9678698,25.9594302],[89.0320913,25.9713448],[89.1076068,25.9647274],[89.141843,25.9641742],[89.1196434,25.9899584],[89.0890998,26.0890682],[89.0155248,26.0684429],[88.8919078,26.1192141]]]}},{"type":"Feature","properties":{"2024":197723.826325,"2023":197723.826325,"DistrictID":106,"2020":189623.55216,"2014":174404.955579,"2021":192286.083587,"2022":194986,"district":"Sunamganj","2018":184408.580789,"2013":171990.019112,"2017":181855.126931,"2016":179337.030032,"2015":176853.800515,"2025":197723.826325,"2019":186997.888057,"2012":169608.521592,"division":"Sylhet","upazila":"Jamalganj","UpazilaID":314},"geometry":{"type":"Polygon","coordinates":[[[91.2204847,25.0646887],[91.1282838,25.0302682],[91.0957635,25.0677695],[91.0824614,25.0254049],[91.1617244,24.9597326],[91.1612912,24.8727099],[91.1156112,24.8129953],[91.1162204,24.806525],[91.1715879,24.8203484],[91.2498871,24.882643],[91.2823235,24.8847281],[91.2813131,24.9560462],[91.3125826,24.9858212],[91.2664826,25.0316408],[91.2204847,25.0646887]]]}},{"type":"Feature","properties":{"2024":513682.979551,"2023":513682.979551,"DistrictID":123,"2020":498593.256836,"2014":469730.597079,"2021":503573.258033,"2022":508603,"district":"Jhenaidah","2018":488780.514,"2013":465085.277061,"2017":483946.803102,"2016":479160.894358,"2015":474422.315035,"2025":513682.979551,"2019":493662.504504,"2012":460485.896137,"division":"Khulna","upazila":"Jhenaidah Sadar","UpazilaID":361},"geometry":{"type":"Polygon","coordinates":[[[89.3231197,23.5651502],[89.3026152,23.5870163],[89.2395444,23.5707794],[89.1787086,23.5877181],[89.1231508,23.5508862],[89.0728819,23.5896724],[88.9876407,23.5705854],[88.940302,23.5428171],[89.0886623,23.4447017],[89.2560498,23.4337133],[89.2876351,23.4434136],[89.3231197,23.5651502]]]}},{"type":"Feature","properties":{"2024":157866.110283,"2023":157866.110283,"DistrictID":100,"2020":158508.649211,"2014":159801.583404,"2021":158294.179512,"2022":158080,"district":"Sherpur","2018":158938.460746,"2013":160018.095455,"2017":159153.80337,"2016":159369.437757,"2015":159585.364303,"2025":157866.110283,"2019":158723.409492,"2012":160234.900855,"division":"Mymensingh","upazila":"Jhenaigati","UpazilaID":121},"geometry":{"type":"Polygon","coordinates":[[[90.1242261,25.2255176],[90.0114508,25.275498],[89.9698026,25.231539],[90.0457507,25.085695],[90.0741885,25.0785682],[90.0890206,25.1353878],[90.1334321,25.1875742],[90.1242261,25.2255176]]]}},{"type":"Feature","properties":{"2024":317818.564883,"2023":317818.564883,"DistrictID":125,"2020":312981.618002,"2014":303527.44739,"2021":314585.698418,"2022":316198,"district":"Jessore","2018":309797.953205,"2013":301979.753275,"2017":308218.285623,"2016":306646.672806,"2015":305083.073682,"2025":317818.564883,"2019":311385.716833,"2012":300439.950892,"division":"Khulna","upazila":"Jhikargacha","UpazilaID":372},"geometry":{"type":"Polygon","coordinates":[[[89.1010951,23.1802437],[88.9874844,23.203044],[88.9872576,23.202771],[89.0084566,23.022867],[88.9896298,22.9454473],[89.0788909,22.9384742],[89.0703258,22.9995617],[89.1274901,23.0891896],[89.1521492,23.0846275],[89.1094597,23.1375575],[89.1010951,23.1802437]]]}},{"type":"Feature","properties":{"2024":315207.673626,"2023":315207.673626,"DistrictID":138,"2020":308456.434815,"2014":295384.661946,"2021":310690.626134,"2022":312941,"district":"Joypurhat","2018":304036.135178,"2013":293260.536556,"2017":301849.796626,"2016":299679.180139,"2015":297524.172661,"2025":315207.673626,"2019":306238.309674,"2012":291151.685854,"division":"Rajshahi","upazila":"Joypurhat Sadar","UpazilaID":477},"geometry":{"type":"Polygon","coordinates":[[[88.9416138,25.2089863],[88.9230215,25.1650072],[88.9408412,25.0414816],[89.016529,25.0472908],[89.0383203,25.0218512],[89.0689919,25.0361976],[89.1333998,25.1147634],[89.1578014,25.1224901],[89.1610017,25.1341772],[89.0941524,25.1296009],[89.0226541,25.1533344],[89.0026364,25.1273252],[88.9416138,25.2089863]]]}},{"type":"Feature","properties":{"2024":34308.60455,"2023":34308.60455,"DistrictID":110,"2020":32546.837716,"2014":29290.061736,"2021":33123.804827,"2022":33711,"district":"Rangamati","2018":31422.878149,"2013":28779.872692,"2017":30875.538635,"2016":30337.732956,"2015":29809.295048,"2025":34308.60455,"2019":31979.920508,"2012":28278.570378,"division":"Chittagong","upazila":"Juraichari","UpazilaID":174},"geometry":{"type":"Polygon","coordinates":[[[92.5373762,22.5827996],[92.5174017,22.7158747],[92.49034,22.7447505],[92.3758461,22.7211333],[92.3189557,22.721109],[92.3014964,22.6628462],[92.3758144,22.5216649],[92.4183165,22.5251152],[92.5373762,22.5827996]]]}},{"type":"Feature","properties":{"2024":190901.234212,"2023":190901.234212,"DistrictID":107,"2020":179420.684951,"2014":158489.340588,"2021":183168.695422,"2022":186995,"district":"Moulvibazar","2018":172153.170878,"2013":155246.320777,"2017":168630.56083,"2016":165180.030671,"2015":161800.105499,"2025":190901.234212,"2019":175749.366529,"2012":152069.659861,"division":"Sylhet","upazila":"Juri","UpazilaID":230},"geometry":{"type":"Polygon","coordinates":[[[92.2421185,24.6151424],[92.1981119,24.6035073],[92.0612669,24.6551372],[92.0411651,24.6284489],[92.0544776,24.5743709],[92.1160849,24.5348332],[92.1053193,24.4664307],[92.1214018,24.4374191],[92.1057091,24.3822259],[92.1672422,24.4349071],[92.1525769,24.4816346],[92.165609,24.5315381],[92.2308336,24.5302283],[92.2421185,24.6151424]]]}},{"type":"Feature","properties":{"2024":260588.499077,"2023":260588.499077,"DistrictID":116,"2020":242969.702506,"2014":211225.271434,"2021":248706.133669,"2022":254578,"district":"Noakhali","2018":231890.722435,"2013":206353.340004,"2017":226542.140367,"2016":221316.923866,"2015":216212.227491,"2025":260588.499077,"2019":237365.582686,"2012":201593.780147,"division":"Chittagong","upazila":"Kabirhat","UpazilaID":251},"geometry":{"type":"Polygon","coordinates":[[[91.2357679,22.8796402],[91.1771977,22.8840954],[91.1629651,22.8810677],[91.1352657,22.7923475],[91.1941246,22.748718],[91.2591826,22.7372758],[91.2371383,22.7985066],[91.2357679,22.8796402]]]}},{"type":"Feature","properties":{"2024":485894.053245,"2023":485894.053245,"DistrictID":119,"2020":324796.569243,"2014":145127.973824,"2021":371468.064922,"2022":424846,"district":"Chandpur","2018":248308.355009,"2013":126893.998302,"2017":217110.727509,"2016":189832.790756,"2015":165982.072188,"2025":485894.053245,"2019":283988.911441,"2012":110950.951637,"division":"Chittagong","upazila":"Kachua","UpazilaID":277},"geometry":{"type":"Polygon","coordinates":[[[90.8483862,23.4707061],[90.7944116,23.4336657],[90.809703,23.333731],[90.9145077,23.2922076],[91.014074,23.2484796],[90.9558952,23.3481886],[90.8904277,23.4081733],[90.8483862,23.4707061]]]}},{"type":"Feature","properties":{"2024":245375.23455,"2023":245375.23455,"DistrictID":156,"2020":239411.509182,"2014":227915.371925,"2021":241383.136116,"2022":243371,"district":"Bogra","2018":235516.436753,"2013":226053.750218,"2017":233592.72925,"2016":231684.734665,"2015":229792.324655,"2025":245375.23455,"2019":237455.986575,"2012":224207.33431,"division":"Rajshahi","upazila":"Kahaloo","UpazilaID":625},"geometry":{"type":"Polygon","coordinates":[[[89.3068983,24.8212231],[89.3188448,24.8676202],[89.2668765,24.9422316],[89.209066,24.9170185],[89.1904691,24.896721],[89.1879954,24.8278533],[89.1550937,24.7985434],[89.1581662,24.7933099],[89.201288,24.7756764],[89.2752791,24.718474],[89.3156072,24.7751103],[89.3068983,24.8212231]]]}},{"type":"Feature","properties":{"2024":245005.248242,"2023":245005.248242,"DistrictID":124,"2020":243232.79496,"2014":239726.263266,"2021":243822.183393,"2022":244413,"district":"Satkhira","2018":242058.288814,"2013":239146.775852,"2017":241473.164222,"2016":240889.454045,"2015":240307.154863,"2025":245005.248242,"2019":242644.831248,"2012":238568.689225,"division":"Khulna","upazila":"Kolaroa","UpazilaID":357},"geometry":{"type":"Polygon","coordinates":[[[89.0788909,22.9384742],[88.9896298,22.9454473],[88.9879804,22.9177637],[88.9085851,22.9191597],[88.9685326,22.843476],[88.9590443,22.8080782],[88.9960829,22.8284422],[89.0973314,22.8227572],[89.1367553,22.8277299],[89.1111579,22.8885704],[89.1300715,22.920381],[89.0788909,22.9384742]]]}},{"type":"Feature","properties":{"2024":222729.749498,"2023":222729.749498,"DistrictID":144,"2020":222095.104744,"2014":220831.23514,"2021":222306.451812,"2022":222518,"district":"Narail","2018":221673.013199,"2013":220621.290562,"2017":221462.268342,"2016":221251.72384,"2015":221041.379502,"2025":222729.749498,"2019":221883.958603,"2012":220411.545578,"division":"Khulna","upazila":"Kalia","UpazilaID":521},"geometry":{"type":"Polygon","coordinates":[[[89.5820396,23.0916713],[89.5010744,23.0331969],[89.5605454,22.983848],[89.6124221,22.9559674],[89.6703381,22.9764586],[89.7491627,22.9639069],[89.8010467,22.94126],[89.7968225,22.9963072],[89.7577383,23.0136128],[89.7244831,23.0809532],[89.6577299,23.0828631],[89.637331,23.1049875],[89.5820396,23.0916713]]]}},{"type":"Feature","properties":{"2024":305394.771839,"2023":305394.771839,"DistrictID":123,"2020":299467.225433,"2014":287955.050909,"2021":301430.179311,"2022":303406,"district":"Jhenaidah","2018":295579.58349,"2013":286079.848879,"2017":293654.729478,"2016":291742.410375,"2015":289842.544551,"2025":305394.771839,"2019":297517.054574,"2012":284216.858417,"division":"Khulna","upazila":"Kaliganj","UpazilaID":363},"geometry":{"type":"Polygon","coordinates":[[[89.2560498,23.4337133],[89.0886623,23.4447017],[89.0413459,23.371883],[89.0648609,23.312695],[89.1305315,23.2740736],[89.1940479,23.2898505],[89.2134037,23.3178199],[89.2580757,23.3705014],[89.2560498,23.4337133]]]}},{"type":"Feature","properties":{"2024":281720.243403,"2023":281720.243403,"DistrictID":124,"2020":281881.543969,"2014":282204.422215,"2021":281827.766855,"2022":281774,"district":"Satkhira","2018":281989.128984,"2013":282258.271201,"2017":282042.936889,"2016":282096.755061,"2015":282150.583502,"2025":281720.243403,"2019":281935.331345,"2012":282312.130462,"division":"Khulna","upazila":"Kaliganj","UpazilaID":356},"geometry":{"type":"Polygon","coordinates":[[[89.0733454,22.5602112],[89.0173436,22.5244534],[88.972623,22.5180388],[88.9972331,22.4676352],[88.9875391,22.3229098],[89.0050087,22.319856],[89.0832755,22.3925981],[89.1353641,22.3653342],[89.1635044,22.4003275],[89.1389033,22.4474345],[89.1485004,22.517885],[89.0883905,22.5288627],[89.0733454,22.5602112]]]}},{"type":"Feature","properties":{"2024":430054.53095,"2023":430054.53095,"DistrictID":155,"2020":425026.660379,"2014":415146.578122,"2021":426696.051728,"2022":428372,"district":"Tangail","2018":421707.445942,"2013":413522.372547,"2017":420057.571848,"2016":418414.152666,"2015":416777.163143,"2025":430054.53095,"2019":423363.800302,"2012":411904.521461,"division":"Dhaka","upazila":"Kalihati","UpazilaID":613},"geometry":{"type":"Polygon","coordinates":[[[90.105574,24.4233442],[89.9806342,24.3889384],[89.8856905,24.429401],[89.8776226,24.4022557],[89.7613137,24.3948763],[89.7615602,24.3702547],[89.762892,24.341129],[89.8175788,24.357667],[89.896987,24.3377083],[89.9687004,24.2930661],[90.0562031,24.3027768],[90.0553914,24.3334486],[90.105574,24.4233442]]]}},{"type":"Feature","properties":{"2024":307414.79449,"2023":307414.79449,"DistrictID":102,"2020":298126.558545,"2014":280383.512315,"2021":301191.029282,"2022":304287,"district":"Netrokona","2018":292090.838288,"2013":277530.74784,"2017":289118.957523,"2016":286177.314185,"2015":283265.600623,"2025":307414.79449,"2019":295093.267293,"2012":274707.008841,"division":"Mymensingh","upazila":"Kalmakanda","UpazilaID":126},"geometry":{"type":"Polygon","coordinates":[[[90.9648484,25.1718786],[90.8551609,25.1579606],[90.7591555,25.1679643],[90.7860242,25.0797661],[90.7540498,25.0269336],[90.7677389,24.9962571],[90.8343602,24.9990071],[90.8571118,24.9631237],[90.9412342,24.9846539],[90.9470709,24.994469],[90.9342133,25.0809261],[90.9648484,25.1718786]]]}},{"type":"Feature","properties":{"2024":169692.883906,"2023":169692.883906,"DistrictID":151,"2020":165905.759848,"2014":158583.183106,"2021":167158.649131,"2022":168421,"district":"Rajbari","2018":163428.082905,"2013":157394.568747,"2017":162203.155001,"2016":160987.408191,"2015":159780.773658,"2025":169692.883906,"2019":164662.261235,"2012":156214.863303,"division":"Dhaka","upazila":"Kalukhale","UpazilaID":576},"geometry":{"type":"Polygon","coordinates":[[[89.5298957,23.8162819],[89.490088,23.8307749],[89.4452906,23.8071543],[89.4454736,23.7293864],[89.3808712,23.6727224],[89.4394833,23.6554988],[89.5322988,23.7358533],[89.5876801,23.732552],[89.5270732,23.7693686],[89.5298957,23.8162819]]]}},{"type":"Feature","properties":{"2024":283271.981208,"2023":283271.981208,"DistrictID":107,"2020":277033.404259,"2014":264965.406199,"2021":279097.512546,"2022":281177,"district":"Moulvibazar","2018":272950.871072,"2013":263005.814064,"2017":270932.221211,"2016":268928.500583,"2015":266939.598778,"2025":283271.981208,"2019":274984.5614,"2012":261060.714391,"division":"Sylhet","upazila":"Kamalgonj","UpazilaID":142},"geometry":{"type":"Polygon","coordinates":[[[91.783291,24.2250624],[91.8754161,24.1714138],[91.9057015,24.1388157],[91.9407425,24.2682386],[91.9214543,24.3359692],[91.9318222,24.3961487],[91.9022768,24.4453092],[91.830511,24.4608579],[91.7975823,24.4643687],[91.7873834,24.4027831],[91.7977814,24.3772999],[91.7684593,24.3071125],[91.7935841,24.2948351],[91.783291,24.2250624]]]}},{"type":"Feature","properties":{"2024":270664.553918,"2023":270664.553918,"DistrictID":115,"2020":257844.790716,"2014":233998.09191,"2021":262049.118207,"2022":266322,"district":"Laksmipur","2018":249637.416734,"2013":230243.816309,"2017":245632.223123,"2016":241691.289014,"2015":237813.583423,"2025":270664.553918,"2019":253707.917639,"2012":226549.77447,"division":"Chittagong","upazila":"Kamalnagar","UpazilaID":242},"geometry":{"type":"Polygon","coordinates":[[[90.8899537,22.8110193],[90.8083175,22.8610079],[90.7832973,22.8131319],[90.7797618,22.7807476],[90.8366053,22.6868131],[90.9280097,22.7263668],[90.9809465,22.7153205],[90.9814602,22.7485942],[90.8899537,22.8110193]]]}},{"type":"Feature","properties":{"2024":144435.655713,"2023":144435.655713,"DistrictID":145,"2020":142965.703631,"2014":140070.527251,"2021":143454.017871,"2022":143944,"district":"Serajganj","2018":141994.056124,"2013":139593.730336,"2017":141510.711561,"2016":141029.012291,"2015":140548.952715,"2025":144435.655713,"2019":142479.051601,"2012":139118.556427,"division":"Rajshahi","upazila":"Kamarkhanda","UpazilaID":527},"geometry":{"type":"Polygon","coordinates":[[[89.6202435,24.4455318],[89.587192,24.4171026],[89.6324661,24.30197],[89.6963385,24.3441586],[89.69525,24.3678644],[89.6833739,24.4103274],[89.6202435,24.4455318]]]}},{"type":"Feature","properties":{"2024":317049.180548,"2023":317049.180548,"DistrictID":104,"2020":302853.926088,"2014":276341.654939,"2021":307513.616205,"2022":312245,"district":"Sylhet","2018":293745.297914,"2013":272154.307093,"2017":289294.236272,"2016":284910.620644,"2015":280593.429037,"2025":317049.180548,"2019":298264.843291,"2012":268030.409262,"division":"Sylhet","upazila":"Kanaighat","UpazilaID":132},"geometry":{"type":"Polygon","coordinates":[[[92.4143361,24.9903151],[92.425766,25.0287944],[92.3418408,25.0489222],[92.2271309,25.0940331],[92.17356,25.0547593],[92.1543062,25.0060295],[92.0903801,24.9883527],[92.0197643,24.9276693],[92.065228,24.9001579],[92.1052245,24.8945061],[92.2075581,24.9435532],[92.265081,24.9877363],[92.3310186,24.9793414],[92.4143361,24.9903151]]]}},{"type":"Feature","properties":{"2024":110693.606356,"2023":110693.606356,"DistrictID":136,"2020":113945.11425,"2014":120737.464374,"2021":112850.80232,"2022":111767,"district":"Jhalokathi","2018":116165.67557,"2013":121908.253104,"2017":117292.131758,"2016":118429.511168,"2015":119577.919724,"2025":110693.606356,"2019":115050.0377,"2012":123090.39495,"division":"Barisal","upazila":"Kathalia","UpazilaID":465},"geometry":{"type":"Polygon","coordinates":[[[90.1880916,22.4801739],[90.1317938,22.4911833],[90.1007076,22.4446634],[90.0272827,22.4428326],[90.0228389,22.3944739],[90.0508571,22.3369121],[90.0942972,22.3454972],[90.176962,22.4383753],[90.1880916,22.4801739]]]}},{"type":"Feature","properties":{"2024":49743.389275,"2023":49743.389275,"DistrictID":110,"2020":52063.382578,"2014":57033.023768,"2021":51278.271589,"2022":50505,"district":"Rangamati","2018":53669.850618,"2013":57906.244576,"2017":54491.578579,"2016":55325.887846,"2015":56172.971049,"2025":49743.389275,"2019":52860.514239,"2012":58792.835086,"division":"Chittagong","upazila":"Kaptai","UpazilaID":173},"geometry":{"type":"Polygon","coordinates":[[[92.2844442,22.5149017],[92.2796441,22.4924562],[92.1535744,22.5140345],[92.1230036,22.581007],[92.1013183,22.5759136],[92.1404368,22.448458],[92.1154164,22.413705],[92.2126348,22.3859898],[92.2841645,22.4512524],[92.2844442,22.5149017]]]}},{"type":"Feature","properties":{"2024":231585.416647,"2023":231585.416647,"DistrictID":146,"2020":230634.471287,"2014":228744.278965,"2021":230951.018412,"2022":231268,"district":"Rangpur","2018":230002.678045,"2013":228430.756452,"2017":229687.430738,"2016":229372.615518,"2015":229058.23179,"2025":231585.416647,"2019":230318.35803,"2012":228117.663659,"division":"Rangpur","upazila":"Kaunia","UpazilaID":536},"geometry":{"type":"Polygon","coordinates":[[[89.3486394,25.8238603],[89.3124677,25.8124488],[89.3015814,25.7401304],[89.3453333,25.7260009],[89.3994054,25.740741],[89.4566488,25.7088702],[89.4921519,25.7133394],[89.4991012,25.7482009],[89.4591874,25.7863751],[89.3921168,25.7961239],[89.3486394,25.8238603]]]}},{"type":"Feature","properties":{"2024":61873.789378,"2023":61873.789378,"DistrictID":139,"2020":63841.928241,"2014":67968.010501,"2021":63179.022463,"2022":62523,"district":"Perojpur","2018":65188.67939,"2013":68681.164727,"2017":65872.671489,"2016":66563.840374,"2015":67262.261347,"2025":61873.789378,"2019":64511.789556,"2012":69401.801722,"division":"Barisal","upazila":"Kaukhali","UpazilaID":485},"geometry":{"type":"Polygon","coordinates":[[[90.0972032,22.6555716],[90.0317207,22.6646431],[90.021246,22.5161747],[90.0648763,22.5282607],[90.055942,22.5794958],[90.1100841,22.6097308],[90.0972032,22.6555716]]]}},{"type":"Feature","properties":{"2024":72684.465994,"2023":72684.465994,"DistrictID":110,"2020":69159.63349,"2014":62614.489066,"2021":70315.163359,"2022":71490,"district":"Rangamati","2018":66905.230164,"2013":61585.508845,"2017":65805.737706,"2016":64724.313844,"2015":63660.661648,"2025":72684.465994,"2019":68023.093113,"2012":60573.438453,"division":"Chittagong","upazila":"Kawkhali","UpazilaID":171},"geometry":{"type":"Polygon","coordinates":[[[92.0048508,22.7044962],[91.9985986,22.723832],[91.9275514,22.6887098],[91.9347214,22.6571111],[91.9808712,22.4832388],[92.027385,22.5286815],[92.0064067,22.581626],[92.0328565,22.6130419],[92.080266,22.6096617],[92.1013183,22.5759136],[92.1230036,22.581007],[92.0986103,22.6434469],[92.0460028,22.6905904],[92.0048508,22.7044962]]]}},{"type":"Feature","properties":{"2024":309902.455566,"2023":309902.455566,"DistrictID":102,"2020":308600.915218,"2014":306014.210345,"2021":309034.153502,"2022":309468,"district":"Netrokona","2018":307736.259883,"2013":305585.205751,"2017":307304.84113,"2016":306874.027188,"2015":306443.817208,"2025":309902.455566,"2019":308168.284296,"2012":305156.802584,"division":"Mymensingh","upazila":"Kendua","UpazilaID":287},"geometry":{"type":"Polygon","coordinates":[[[90.8497649,24.7303463],[90.7792942,24.7725203],[90.7173974,24.7690863],[90.6958503,24.7000992],[90.722022,24.6491859],[90.7609374,24.6271828],[90.8199658,24.5880182],[90.9063152,24.5949202],[90.9163242,24.6137279],[90.8911892,24.6805702],[90.8497649,24.7303463]]]}},{"type":"Feature","properties":{"2024":274072.020892,"2023":274072.020892,"DistrictID":125,"2020":268722.150415,"2014":258333.658526,"2021":270493.735507,"2022":272277,"district":"Jessore","2018":265213.712961,"2013":256641.715245,"2017":263476.70911,"2016":261751.081679,"2015":260036.756158,"2025":274072.020892,"2019":266962.168231,"2012":254960.853262,"division":"Khulna","upazila":"Keshabpur","UpazilaID":373},"geometry":{"type":"Polygon","coordinates":[[[89.3412135,22.9205758],[89.2776147,22.9443047],[89.1586451,22.9357419],[89.1300715,22.920381],[89.1111579,22.8885704],[89.1367553,22.8277299],[89.1957937,22.8109959],[89.2467436,22.8356448],[89.3527311,22.8346203],[89.3412135,22.9205758]]]}},{"type":"Feature","properties":{"2024":133160.936938,"2023":133160.936938,"DistrictID":109,"2020":127475.030784,"2014":116821.207801,"2021":129342.831614,"2022":131238,"district":"Khagrachari","2018":123819.956669,"2013":115134.227964,"2017":122031.91001,"2016":120269.683994,"2015":118532.905752,"2025":133160.936938,"2019":125634.202302,"2012":113471.609295,"division":"Chittagong","upazila":"Khagrachari - Sadar","UpazilaID":160},"geometry":{"type":"Polygon","coordinates":[[[92.0733546,23.0732865],[92.0133276,23.205275],[91.9992798,23.2676902],[91.9258819,23.2230764],[91.8929309,23.1715747],[91.952689,23.0961877],[91.9596066,23.0226719],[91.9665791,23.0056709],[92.0801418,23.0548835],[92.0733546,23.0732865]]]}},{"type":"Feature","properties":{"2024":94171.693423,"2023":94171.693423,"DistrictID":138,"2020":97526.684843,"2014":104599.504005,"2021":96395.279717,"2022":95277,"district":"Joypurhat","2018":99829.489346,"2013":105827.203279,"2017":101001.202279,"2016":102186.667773,"2015":103386.047245,"2025":94171.693423,"2019":98671.369431,"2012":107069.312235,"division":"Rajshahi","upazila":"Khetlal","UpazilaID":480},"geometry":{"type":"Polygon","coordinates":[[[89.1578014,25.1224901],[89.1333998,25.1147634],[89.0689919,25.0361976],[89.0383203,25.0218512],[89.0640459,24.9808526],[89.1033055,24.9708831],[89.1853939,24.9433047],[89.186346,24.9826738],[89.1280731,25.0444932],[89.1788441,25.1004181],[89.1578014,25.1224901]]]}},{"type":"Feature","properties":{"2024":142574.177981,"2023":142574.177981,"DistrictID":120,"2020":139201.591912,"2014":132693.867755,"2021":140316.828505,"2022":141441,"district":"Kushtia","2018":136997.63994,"2013":131639.218369,"2017":135908.784221,"2016":134828.582715,"2015":133756.966639,"2025":142574.177981,"2019":138095.219207,"2012":130592.951325,"division":"Khulna","upazila":"Khoksha","UpazilaID":307},"geometry":{"type":"Polygon","coordinates":[[[89.3553514,23.8859439],[89.3173427,23.875493],[89.2611725,23.8318658],[89.2471535,23.7637645],[89.2981584,23.7360223],[89.3301964,23.7785425],[89.3553514,23.8859439]]]}},{"type":"Feature","properties":{"2024":255776.049791,"2023":255776.049791,"DistrictID":128,"2020":257089.141061,"2014":259735.581469,"2021":256650.696665,"2022":256213,"district":"Nilphamari","2018":257968.278156,"2013":260179.29587,"2017":258408.973418,"2016":258850.421533,"2015":259292.623787,"2025":255776.049791,"2019":257528.334465,"2012":260623.768282,"division":"Rangpur","upazila":"Kishoreganj","UpazilaID":394},"geometry":{"type":"Polygon","coordinates":[[[89.1076068,25.9647274],[89.0320913,25.9713448],[88.9678698,25.9594302],[88.957091,25.8639875],[89.0084949,25.8159885],[89.0912714,25.8290529],[89.1076068,25.9647274]]]}},{"type":"Feature","properties":{"2024":221606.750283,"2023":221606.750283,"DistrictID":153,"2020":223795.667141,"2014":228238.577384,"2021":223063.636342,"2022":222334,"district":"Gopalganj","2018":225266.943567,"2013":228987.590853,"2017":226006.204988,"2016":226747.892452,"2015":227492.013921,"2025":221606.750283,"2019":224530.100255,"2012":229739.06237,"division":"Dhaka","upazila":"Kotalipara","UpazilaID":591},"geometry":{"type":"Polygon","coordinates":[[[90.0820487,23.1256577],[89.9928308,23.1319373],[89.9684372,23.1097879],[89.9609833,23.0245263],[89.9207731,22.995219],[89.9253937,22.9438847],[89.9698797,22.8586303],[90.0183725,22.8710433],[90.0570126,22.9322008],[90.0567813,22.9613359],[90.143094,23.0453145],[90.1353231,23.049785],[90.1186966,23.1114757],[90.0820487,23.1256577]]]}},{"type":"Feature","properties":{"2024":144019.826511,"2023":144019.826511,"DistrictID":123,"2020":143289.584678,"2014":141840.190149,"2021":143532.586289,"2022":143776,"district":"Jhenaidah","2018":142804.814971,"2013":141600.053776,"2017":142563.045482,"2016":142321.685311,"2015":142080.733763,"2025":144019.826511,"2019":143046.994471,"2012":141360.323956,"division":"Khulna","upazila":"Kotchandpur","UpazilaID":364},"geometry":{"type":"Polygon","coordinates":[[[89.0886623,23.4447017],[88.940302,23.5428171],[88.9435667,23.4998927],[88.9348691,23.4130463],[89.0059867,23.3976461],[89.0202797,23.3692664],[89.0413459,23.371883],[89.0886623,23.4447017]]]}},{"type":"Feature","properties":{"2024":461596.475025,"2023":461596.475025,"DistrictID":107,"2020":433841.689544,"2014":383238.278682,"2021":442902.722336,"2022":452153,"district":"Moulvibazar","2018":416271.951278,"2013":375397.878443,"2017":407755.738551,"2016":399413.752983,"2015":391242.430183,"2025":461596.475025,"2019":424966.029998,"2012":367717.879394,"division":"Sylhet","upazila":"Kulaura","UpazilaID":143},"geometry":{"type":"Polygon","coordinates":[[[92.0411651,24.6284489],[92.0312362,24.6561043],[91.9668567,24.6389409],[91.9485345,24.6259239],[91.9215091,24.5392663],[91.9360508,24.4935582],[91.9022768,24.4453092],[91.9318222,24.3961487],[91.9214543,24.3359692],[91.9882153,24.3791058],[92.1057091,24.3822259],[92.1214018,24.4374191],[92.1053193,24.4664307],[92.1160849,24.5348332],[92.0544776,24.5743709],[92.0411651,24.6284489]]]}},{"type":"Feature","properties":{"2024":349344.204556,"2023":349344.204556,"DistrictID":120,"2020":344001.065435,"2014":333558.703519,"2021":345772.969297,"2022":347554,"district":"Kushtia","2018":340484.451397,"2013":331849.391319,"2017":338739.648397,"2016":337003.78659,"2015":335276.820159,"2025":349344.204556,"2019":342238.241646,"2012":330148.838442,"division":"Khulna","upazila":"Kumarkhali","UpazilaID":309},"geometry":{"type":"Polygon","coordinates":[[[89.3173427,23.875493],[89.2623604,23.9097906],[89.2162764,23.9884914],[89.1791877,23.9668741],[89.1559425,23.9039614],[89.1595251,23.8469731],[89.1328068,23.7594516],[89.1678976,23.741037],[89.2471535,23.7637645],[89.2611725,23.8318658],[89.3173427,23.875493]]]}},{"type":"Feature","properties":{"2024":370074.327395,"2023":370074.327395,"DistrictID":103,"2020":354729.458141,"2014":325922.129723,"2021":359772.38331,"2022":364887,"district":"Kurigram","2018":344854.676854,"2013":321353.683151,"2017":340020.852997,"2016":335254.784791,"2015":330555.522505,"2025":370074.327395,"2019":349757.219594,"2012":316849.27244,"division":"Rangpur","upazila":"Kurigram Sadar","UpazilaID":294},"geometry":{"type":"Polygon","coordinates":[[[89.8341027,25.8541237],[89.7566716,25.8457822],[89.6768309,25.9078776],[89.6464928,25.9007787],[89.5944331,25.8802659],[89.5748372,25.8265899],[89.6204512,25.7622822],[89.6696632,25.7478394],[89.7171648,25.7842818],[89.7922008,25.7732916],[89.8172197,25.8168893],[89.8341027,25.8541237]]]}},{"type":"Feature","properties":{"2024":582743.708114,"2023":582743.708114,"DistrictID":120,"2020":561486.42661,"2014":521269.842418,"2021":568484.601871,"2022":575570,"district":"Kushtia","2018":547747.46298,"2013":514852.891628,"2017":541004.566634,"2016":534344.676882,"2015":527766.771894,"2025":582743.708114,"2019":554574.400485,"2012":508514.934967,"division":"Khulna","upazila":"Kushtia Sadar","UpazilaID":308},"geometry":{"type":"Polygon","coordinates":[[[89.1678976,23.741037],[89.1328068,23.7594516],[89.1595251,23.8469731],[89.1559425,23.9039614],[89.1791877,23.9668741],[89.1519049,23.9501322],[89.098615,23.959864],[89.0905068,23.8875514],[89.0253745,23.8517548],[88.9882646,23.786257],[89.0172606,23.7087447],[89.0836928,23.7437474],[89.1184632,23.6938284],[89.1678976,23.741037]]]}},{"type":"Feature","properties":{"2024":142880.805083,"2023":142880.805083,"DistrictID":112,"2020":138261.093067,"2014":129464.941893,"2021":139784.157602,"2022":141324,"district":"Coxs Bazar","2018":135264.56834,"2013":128054.313786,"2017":133790.748484,"2016":132332.987121,"2015":130891.109278,"2025":142880.805083,"2019":136754.623585,"2012":126659.055645,"division":"Chittagong","upazila":"Kutubdia","UpazilaID":265},"geometry":{"type":"Polygon","coordinates":[[[91.8701746,21.9230869],[91.8463344,21.8993502],[91.8505518,21.8213077],[91.8946282,21.8608082],[91.8701746,21.9230869]]]}},{"type":"Feature","properties":{"2024":181205.868631,"2023":181205.868631,"DistrictID":105,"2020":172499.544624,"2014":156321.725809,"2021":175354.152578,"2022":178256,"district":"Hobigonj","2018":166928.98357,"2013":153776.948652,"2017":164211.529793,"2016":161538.313719,"2015":158908.6152,"2025":181205.868631,"2019":169691.40712,"2012":151273.598178,"division":"Sylhet","upazila":"Lakhai","UpazilaID":301},"geometry":{"type":"Polygon","coordinates":[[[91.2406941,24.3766453],[91.2337694,24.3154436],[91.1701763,24.3151433],[91.1735579,24.2651986],[91.2068033,24.2368071],[91.2816405,24.2268853],[91.3209865,24.2644047],[91.3381913,24.2690494],[91.3390065,24.3006435],[91.3113907,24.3660495],[91.2406941,24.3766453]]]}},{"type":"Feature","properties":{"2024":0,"2023":0,"DistrictID":133,"2020":0,"2014":0,"2021":0,"2022":0,"district":"Cumilla","2018":0,"2013":0,"2017":0,"2016":0,"2015":0,"2025":0,"2019":0,"2012":0,"division":"Chittagong","upazila":"Lalmai","UpazilaID":0},"geometry":{"type":"Polygon","coordinates":[[[91.1908857,23.3532655],[91.1322484,23.3528601],[91.0606738,23.2781512],[91.1742346,23.2507069],[91.1833505,23.226586],[91.208241,23.2401843],[91.1908857,23.3532655]]]}},{"type":"Feature","properties":{"2024":248606.572308,"2023":248606.572308,"DistrictID":133,"2020":249857.949159,"2014":252379.631219,"2021":249440.125227,"2022":249023,"district":"Cumilla","2018":250695.697819,"2013":252802.378962,"2017":251115.624894,"2016":251536.255367,"2015":251957.590415,"2025":248606.572308,"2019":250276.472966,"2012":253225.834827,"division":"Chittagong","upazila":"Laksam","UpazilaID":440},"geometry":{"type":"Polygon","coordinates":[[[91.0606738,23.2781512],[91.0300163,23.2294076],[91.0265055,23.2190627],[91.0773617,23.2186061],[91.091465,23.16913],[91.1347162,23.1665477],[91.1833505,23.226586],[91.1742346,23.2507069],[91.0606738,23.2781512]]]}},{"type":"Feature","properties":{"2024":30477.468484,"2023":30477.468484,"DistrictID":109,"2020":29288.858561,"2014":27048.896908,"2021":29679.819913,"2022":30076,"district":"Khagrachari","2018":28522.317988,"2013":26692.591737,"2017":28146.603983,"2016":27775.83912,"2015":27409.958207,"2025":30477.468484,"2019":28903.047199,"2012":26340.980043,"division":"Chittagong","upazila":"Laksmichari","UpazilaID":167},"geometry":{"type":"Polygon","coordinates":[[[91.9798521,22.8330593],[91.9754327,22.8806917],[91.88896,22.8683396],[91.8539669,22.7758283],[91.8869548,22.765833],[91.8833049,22.6972373],[91.9275514,22.6887098],[91.9985986,22.723832],[91.9745996,22.7964308],[91.9798521,22.8330593]]]}},{"type":"Feature","properties":{"2024":797899.094908,"2023":797899.094908,"DistrictID":115,"2020":767878.389729,"2014":711183.040618,"2021":777757.643361,"2022":787764,"district":"Laksmipur","2018":748494.754029,"2013":702149.43266,"2017":738987.204242,"2016":729600.421503,"2015":720332.871804,"2025":797899.094908,"2019":758124.624613,"2012":693230.571634,"division":"Chittagong","upazila":"Laksmipur Sadar","UpazilaID":241},"geometry":{"type":"MultiPolygon","coordinates":[[[[90.8871552,23.0248228],[90.8316547,23.0460725],[90.7921195,22.9901924],[90.7551261,22.9696773],[90.7323256,22.9067492],[90.7832973,22.8131319],[90.8083175,22.8610079],[90.8899537,22.8110193],[90.9266811,22.8139348],[90.9853823,22.8819545],[90.9988301,22.9774269],[90.9371506,22.9899678],[90.8871552,23.0248228]]],[[[90.6563353,22.8448117],[90.6514162,22.8480958],[90.6438614,22.8367118],[90.6563353,22.8448117]]]]}},{"type":"Feature","properties":{"2024":373389.859321,"2023":373389.859321,"DistrictID":131,"2020":362900.07499,"2014":342796.307976,"2021":366363.510377,"2022":369860,"district":"Lalmonirhat","2018":356071.119958,"2013":339555.666291,"2017":352704.984187,"2016":349370.670346,"2015":346067.877605,"2025":373389.859321,"2019":359469.381359,"2012":336345.66017,"division":"Rangpur","upazila":"Lalmonirhat Sadar","UpazilaID":417},"geometry":{"type":"Polygon","coordinates":[[[89.4598523,25.9998439],[89.4388368,25.9292082],[89.3350495,25.8495516],[89.3486394,25.8238603],[89.3921168,25.7961239],[89.4591874,25.7863751],[89.5357482,25.8239154],[89.5326984,25.8684852],[89.5710658,25.8854214],[89.5190923,25.9157895],[89.4729825,25.974865],[89.4812441,25.9975446],[89.4598523,25.9998439]]]}},{"type":"Feature","properties":{"2024":300781.694064,"2023":300781.694064,"DistrictID":132,"2020":293958.860965,"2014":280773.984797,"2021":296215.766646,"2022":298490,"district":"Natore","2018":289496.505544,"2013":278634.73202,"2017":287290.79477,"2016":285101.889588,"2015":282929.661953,"2025":300781.694064,"2019":291719.150936,"2012":276511.778483,"division":"Rajshahi","upazila":"Lalpur","UpazilaID":428},"geometry":{"type":"Polygon","coordinates":[[[89.0282115,24.2836197],[88.9687691,24.2920909],[88.9176296,24.2509649],[88.8719033,24.2267702],[88.8607085,24.1118253],[88.9198451,24.1207611],[89.0066777,24.1181167],[89.0121325,24.1439737],[89.1062036,24.1604252],[89.1099657,24.1991293],[89.0853762,24.2574254],[89.0282115,24.2836197]]]}},{"type":"Feature","properties":{"2024":153327.092438,"2023":153327.092438,"DistrictID":111,"2020":140788.05821,"2014":118702.442897,"2021":144849.448528,"2022":149028,"district":"Bandarban","2018":133003.712956,"2013":115374.180641,"2017":129274.461671,"2016":125649.773746,"2015":122126.71736,"2025":153327.092438,"2019":136840.543998,"2012":112139.238534,"division":"Chittagong","upazila":"Lama","UpazilaID":183},"geometry":{"type":"Polygon","coordinates":[[[92.3047716,21.9670714],[92.2704659,21.9448953],[92.2410856,21.9882634],[92.2034665,21.9970129],[92.1750425,21.9101753],[92.0600491,21.9077995],[92.0808788,21.88848],[92.0765584,21.8173337],[92.1433055,21.7791343],[92.0928188,21.6892508],[92.113148,21.6501163],[92.1792108,21.6670659],[92.2407089,21.6242499],[92.2228602,21.6790711],[92.2746894,21.7568084],[92.3623066,21.8354511],[92.3224719,21.8897678],[92.3047716,21.9670714]]]}},{"type":"Feature","properties":{"2024":95970.604689,"2023":95970.604689,"DistrictID":110,"2020":92141.865766,"2014":84936.535701,"2021":93400.832036,"2022":94677,"district":"Rangamati","2018":89674.61397,"2013":83791.661172,"2017":88465.874049,"2016":87273.426946,"2015":86097.053048,"2025":95970.604689,"2019":90899.869323,"2012":82662.218608,"division":"Chittagong","upazila":"Langadu","UpazilaID":175},"geometry":{"type":"Polygon","coordinates":[[[92.2910939,23.0668749],[92.2697188,23.0288106],[92.1994941,22.9851449],[92.2061306,23.047922],[92.1810799,23.1019502],[92.0733546,23.0732865],[92.0801418,23.0548835],[92.1175864,22.9581739],[92.1286726,22.9117828],[92.1762588,22.825419],[92.1878796,22.7965213],[92.3187478,22.8348625],[92.3019759,22.8690313],[92.3204512,22.9674903],[92.2910939,23.0668749]]]}},{"type":"Feature","properties":{"2024":285355.613734,"2023":285355.613734,"DistrictID":108,"2020":269964.10441,"2014":241626.868537,"2021":275000.081033,"2022":280130,"district":"Chittagong","2018":260167.128368,"2013":237202.043435,"2017":255402.78222,"2016":250725.683813,"2015":246134.235411,"2025":285355.613734,"2019":265020.349797,"2012":232858.248548,"division":"Chittagong","upazila":"Lohgara","UpazilaID":159},"geometry":{"type":"Polygon","coordinates":[[[92.1644455,22.0671459],[92.1089467,22.073987],[92.0738933,22.0291063],[91.9962791,22.014262],[92.0392922,21.9236652],[92.0600491,21.9077995],[92.1750425,21.9101753],[92.2034665,21.9970129],[92.1644455,22.0671459]]]}},{"type":"Feature","properties":{"2024":224815.527054,"2023":224815.527054,"DistrictID":144,"2020":225754.249422,"2014":227643.469494,"2021":225440.907255,"2022":225128,"district":"Narail","2018":226382.240912,"2013":227959.87302,"2017":226696.891446,"2016":227011.979316,"2015":227327.505129,"2025":224815.527054,"2019":226068.027106,"2012":228276.716319,"division":"Khulna","upazila":"Lohagara","UpazilaID":522},"geometry":{"type":"Polygon","coordinates":[[[89.6176524,23.3044387],[89.5600488,23.3203557],[89.524478,23.2781779],[89.4804278,23.2995649],[89.4802933,23.2849159],[89.5551681,23.2212389],[89.5806896,23.2159948],[89.6125734,23.1445378],[89.5820396,23.0916713],[89.637331,23.1049875],[89.6577299,23.0828631],[89.7244831,23.0809532],[89.7395005,23.1305525],[89.6797654,23.1798928],[89.6880129,23.2103914],[89.6418339,23.2324564],[89.6176524,23.3044387]]]}},{"type":"Feature","properties":{"2024":161433.291759,"2023":161433.291759,"DistrictID":102,"2020":159665.905833,"2014":156188.970635,"2021":160252.874003,"2022":160842,"district":"Netrokona","2018":158498.411395,"2013":155616.887577,"2017":157917.869405,"2016":157339.453803,"2015":156763.156799,"2025":161433.291759,"2019":159081.087589,"2012":155046.899924,"division":"Mymensingh","upazila":"Madan","UpazilaID":289},"geometry":{"type":"Polygon","coordinates":[[[90.9895918,24.7419639],[90.9559269,24.7240573],[90.9151582,24.7486427],[90.8497649,24.7303463],[90.8911892,24.6805702],[90.9163242,24.6137279],[90.9442498,24.6050019],[91.0178026,24.6031267],[91.0413347,24.6243593],[91.0722537,24.6962967],[91.0026869,24.7380914],[90.9895918,24.7419639]]]}},{"type":"Feature","properties":{"2024":364569.649881,"2023":364569.649881,"DistrictID":105,"2020":352605.027058,"2014":329840.87719,"2021":356548.956863,"2022":360537,"district":"Hobigonj","2018":344847.561017,"2013":326192.376075,"2017":341033.065004,"2016":337260.762649,"2015":333530.18723,"2025":364569.649881,"2019":348704.722628,"2012":322584.232482,"division":"Sylhet","upazila":"Madhabpur","UpazilaID":133},"geometry":{"type":"Polygon","coordinates":[[[91.3818185,24.2559118],[91.3381913,24.2690494],[91.3209865,24.2644047],[91.2847325,24.210243],[91.2676464,24.0936925],[91.3116098,24.0392684],[91.3031427,23.9970769],[91.3627012,23.9832995],[91.3965345,24.0497536],[91.374323,24.1061355],[91.4281749,24.1075043],[91.3618103,24.2009397],[91.3818185,24.2559118]]]}},{"type":"Feature","properties":{"2024":320755.421497,"2023":320755.421497,"DistrictID":155,"2020":314572.317959,"2014":302561.382651,"2021":316619.994409,"2022":318681,"district":"Tangail","2018":310516.608226,"2013":300604.627459,"2017":308508.404205,"2016":306513.187842,"2015":304530.875141,"2025":320755.421497,"2019":312537.884447,"2012":298660.52719,"division":"Dhaka","upazila":"Modhupur","UpazilaID":615},"geometry":{"type":"Polygon","coordinates":[[[90.1357326,24.6166826],[90.148084,24.6349018],[90.1276725,24.7383259],[90.0904733,24.7371196],[90.075779,24.7878738],[90.0222773,24.7701022],[89.9896203,24.7275483],[90.0018315,24.6782868],[89.9469574,24.6247173],[89.9864451,24.5714794],[90.0193062,24.5422748],[90.0998255,24.5576917],[90.1524109,24.5499855],[90.1357326,24.6166826]]]}},{"type":"Feature","properties":{"2024":423707.966384,"2023":423707.966384,"DistrictID":149,"2020":412359.912716,"2014":390567.460638,"2021":416108.418696,"2022":419891,"district":"Magura","2018":404963.901619,"2013":387049.039966,"2017":401315.790841,"2016":397700.54401,"2015":394117.865071,"2025":423707.966384,"2019":408645.17509,"2012":383562.31493,"division":"Khulna","upazila":"Magura Sadar","UpazilaID":560},"geometry":{"type":"Polygon","coordinates":[[[89.5097984,23.5257363],[89.3379261,23.5680355],[89.3231197,23.5651502],[89.2876351,23.4434136],[89.3254621,23.4323384],[89.4524395,23.3269737],[89.4901986,23.3171265],[89.5267221,23.3779077],[89.486884,23.4424209],[89.5072838,23.4777573],[89.5097984,23.5257363]]]}},{"type":"Feature","properties":{"2024":311055.631278,"2023":311055.631278,"DistrictID":121,"2020":306403.128185,"2014":297305.845602,"2021":307946.178681,"2022":309497,"district":"Naogaon","2018":303340.184111,"2013":295816.111473,"2017":301820.21324,"2016":300307.858609,"2015":298803.082054,"2025":311055.631278,"2019":304867.809576,"2012":294333.842074,"division":"Rajshahi","upazila":"Mahadebpur","UpazilaID":340},"geometry":{"type":"Polygon","coordinates":[[[88.8746568,24.9963501],[88.7783728,25.0127405],[88.6414108,24.995229],[88.6383675,24.9500546],[88.6630322,24.9186539],[88.6518612,24.8706064],[88.7207912,24.8652125],[88.7062895,24.8216393],[88.7881059,24.8381421],[88.8558387,24.8125036],[88.8806536,24.8486193],[88.8681947,24.9114014],[88.8746568,24.9963501]]]}},{"type":"Feature","properties":{"2024":57792.508792,"2023":57792.508792,"DistrictID":109,"2020":53495.129331,"2014":45835.252689,"2021":54890.856883,"2022":56323,"district":"Khagrachari","2018":50809.240668,"2013":44669.784911,"2017":49517.29769,"2016":48258.205364,"2015":47031.128385,"2025":57792.508792,"2019":52134.891395,"2012":43533.951859,"division":"Chittagong","upazila":"Mahalchari","UpazilaID":162},"geometry":{"type":"Polygon","coordinates":[[[92.1175864,22.9581739],[92.0801418,23.0548835],[91.9665791,23.0056709],[91.9931479,22.9120868],[91.9754327,22.8806917],[91.9798521,22.8330593],[92.0691113,22.9325788],[92.1175864,22.9581739]]]}},{"type":"Feature","properties":{"2024":398453.766382,"2023":398453.766382,"DistrictID":112,"2020":377557.77728,"2014":338995.856082,"2021":384398.418818,"2022":391363,"district":"Coxs Bazar","2018":364239.530013,"2013":332963.185237,"2017":357757.630149,"2016":351391.080274,"2015":345137.827653,"2025":398453.766382,"2019":370838.869793,"2012":327037.870033,"division":"Chittagong","upazila":"Moheskhali","UpazilaID":231},"geometry":{"type":"Polygon","coordinates":[[[91.9486941,21.7226905],[91.8850208,21.765239],[91.8560121,21.6719083],[91.8848342,21.6280482],[91.8509563,21.5323658],[91.8926819,21.4799689],[91.9775649,21.5118391],[92.0005568,21.6258683],[91.9486941,21.7226905]]]}},{"type":"Feature","properties":{"2024":361155.185844,"2023":361155.185844,"DistrictID":123,"2020":353771.526305,"2014":339453.988058,"2021":356215.819049,"2022":358677,"district":"Jhenaidah","2018":348933.1427,"2013":337124.712166,"2017":346538.822451,"2016":344160.931622,"2015":341799.357479,"2025":361155.185844,"2019":351344.005885,"2012":334811.419371,"division":"Khulna","upazila":"Moheshpur","UpazilaID":365},"geometry":{"type":"Polygon","coordinates":[[[88.9348691,23.4130463],[88.8775658,23.4067168],[88.8522854,23.3752989],[88.8082952,23.3870397],[88.7648145,23.3704274],[88.7349235,23.3371269],[88.7188131,23.2548653],[88.7787261,23.2224397],[88.8100212,23.2549986],[88.8903696,23.2311032],[88.9211759,23.276951],[88.9651499,23.2892142],[88.9605447,23.3292216],[89.0202797,23.3692664],[89.0059867,23.3976461],[88.9348691,23.4130463]]]}},{"type":"Feature","properties":{"2024":356862.18921,"2023":356862.18921,"DistrictID":121,"2020":358598.429769,"2014":362096.293966,"2021":358018.746348,"2022":357440,"district":"Naogaon","2018":359760.613902,"2013":362682.579518,"2017":360343.117655,"2016":360926.564565,"2015":361510.956159,"2025":356862.18921,"2019":359179.051781,"2012":363269.814351,"division":"Rajshahi","upazila":"Manda","UpazilaID":341},"geometry":{"type":"Polygon","coordinates":[[[88.7881059,24.8381421],[88.7062895,24.8216393],[88.7207912,24.8652125],[88.6518612,24.8706064],[88.6189043,24.7905428],[88.6219043,24.738865],[88.5935224,24.6984349],[88.6245294,24.6954693],[88.6313463,24.6259293],[88.6804851,24.6333075],[88.7028224,24.6632452],[88.8140763,24.6745856],[88.8465768,24.6994554],[88.8505694,24.725985],[88.8140858,24.7418147],[88.7881059,24.8381421]]]}},{"type":"Feature","properties":{"2024":74782.921925,"2023":74782.921925,"DistrictID":109,"2020":71240.606908,"2014":64651.405684,"2021":72402.331303,"2022":73583,"district":"Khagrachari","2018":68972.780026,"2013":63614.047994,"2017":67866.084154,"2016":66777.145661,"2015":65705.679622,"2025":74782.921925,"2019":70097.522846,"2012":62593.335124,"division":"Chittagong","upazila":"Manikchari","UpazilaID":166},"geometry":{"type":"Polygon","coordinates":[[[91.88896,22.8683396],[91.8375602,22.9072097],[91.7471567,22.8702077],[91.7752178,22.7947698],[91.8539669,22.7758283],[91.88896,22.8683396]]]}},{"type":"Feature","properties":{"2024":358049.728743,"2023":358049.728743,"DistrictID":154,"2020":345216.981565,"2014":320914.806153,"2021":349442.628652,"2022":353720,"district":"Manikganj","2018":336918.365828,"2013":317034.132747,"2017":332844.168823,"2016":328819.239186,"2015":324842.981151,"2025":358049.728743,"2019":341042.433262,"2012":313200.386519,"division":"Dhaka","upazila":"Manikganj Sadar","UpazilaID":597},"geometry":{"type":"Polygon","coordinates":[[[90.082853,23.9108997],[90.0676312,23.8873256],[89.9945265,23.9210422],[89.9484463,23.9148227],[89.9808289,23.7854955],[90.0171327,23.7666068],[90.0422926,23.7129959],[90.083669,23.7283363],[90.0513341,23.7712697],[90.069833,23.8285347],[90.1267497,23.8665039],[90.082853,23.9108997]]]}},{"type":"Feature","properties":{"2024":438198.245413,"2023":438198.245413,"DistrictID":125,"2020":432908.934743,"2014":422521.078034,"2021":434664.906074,"2022":436428,"district":"Jessore","2018":429418.24489,"2013":420814.165677,"2017":427683.469167,"2016":425955.701638,"2015":424234.913993,"2025":438198.245413,"2019":431160.057235,"2012":419114.148951,"division":"Khulna","upazila":"Manirampur","UpazilaID":374},"geometry":{"type":"Polygon","coordinates":[[[89.3059379,23.09218],[89.1972187,23.0954472],[89.1521492,23.0846275],[89.1274901,23.0891896],[89.0703258,22.9995617],[89.0788909,22.9384742],[89.1300715,22.920381],[89.1586451,22.9357419],[89.2776147,22.9443047],[89.3412135,22.9205758],[89.3585211,22.9229732],[89.3668974,22.9674733],[89.3059379,23.09218]]]}},{"type":"Feature","properties":{"2024":203824.650241,"2023":203824.650241,"DistrictID":133,"2020":213407.062305,"2014":233944.560057,"2021":210163.887681,"2022":206970,"district":"Cumilla","2018":220044.326432,"2013":237554.709588,"2017":223439.972485,"2016":226888.018944,"2015":230389.274434,"2025":203824.650241,"2019":216700.28445,"2012":241220.569667,"division":"Chittagong","upazila":"Monoharganj","UpazilaID":442},"geometry":{"type":"Polygon","coordinates":[[[91.1347162,23.1665477],[91.091465,23.16913],[91.0773617,23.2186061],[91.0265055,23.2190627],[91.0084276,23.141786],[90.980754,23.1331992],[91.0393819,23.1005725],[91.0794356,23.0716018],[91.1400224,23.074285],[91.1459214,23.0811666],[91.1202714,23.140332],[91.1347162,23.1665477]]]}},{"type":"Feature","properties":{"2024":84570.38809,"2023":84570.38809,"DistrictID":137,"2020":82498.379657,"2014":78505.414139,"2021":83183.346262,"2022":83874,"district":"Bhola","2018":81145.320909,"2013":77858.967591,"2017":80477.136261,"2016":79814.453725,"2015":79157.227996,"2025":84570.38809,"2019":81819.053354,"2012":77217.844156,"division":"Barisal","upazila":"Manpura","UpazilaID":475},"geometry":{"type":"MultiPolygon","coordinates":[[[[90.9914141,22.3291456],[90.900066,22.1209472],[90.9333854,22.1087855],[90.9890662,22.1997606],[91.0009144,22.2779874],[90.9914141,22.3291456]]],[[[90.9901751,22.391004],[90.9897802,22.3909604],[90.9495573,22.3880066],[90.9629458,22.3661176],[90.9901751,22.391004]]]]}},{"type":"Feature","properties":{"2024":247311.707587,"2023":247311.707587,"DistrictID":139,"2020":251105.823522,"2014":258869.569897,"2021":249834.694454,"2022":248570,"district":"Perojpur","2018":253667.516622,"2013":260186.667332,"2017":254958.146632,"2016":256255.343213,"2015":257559.139774,"2025":247311.707587,"2019":252383.419943,"2012":261510.466001,"division":"Barisal","upazila":"Mothbaria","UpazilaID":486},"geometry":{"type":"MultiPolygon","coordinates":[[[[90.0228389,22.3944739],[89.9634025,22.3980215],[89.9036168,22.3817537],[89.900534,22.3774222],[89.8900241,22.3391963],[89.8578212,22.2561213],[89.8858729,22.1772728],[89.9071931,22.1587604],[89.9919486,22.2047609],[90.0188795,22.2308689],[90.0239862,22.2931064],[90.0508571,22.3369121],[90.0228389,22.3944739]]],[[[89.8892894,22.1581899],[89.8909284,22.1582678],[89.8877428,22.1652391],[89.8892894,22.1581899]]]]}},{"type":"Feature","properties":{"2024":149116.892001,"2023":149116.892001,"DistrictID":109,"2020":138675.852909,"2014":119935.803898,"2021":142072.332784,"2022":145552,"district":"Khagrachari","2018":132124.547791,"2013":117068.53526,"2017":128965.886575,"2016":125882.738507,"2015":122873.298319,"2025":149116.892001,"2019":135360.571642,"2012":114269.813537,"division":"Chittagong","upazila":"Matiranga","UpazilaID":163},"geometry":{"type":"Polygon","coordinates":[[[91.8220822,23.3515164],[91.7624871,23.3025179],[91.8140631,23.1455969],[91.8181106,23.0738128],[91.7744587,23.0697166],[91.7574853,23.0245417],[91.8042688,22.9647203],[91.8248551,22.9745631],[91.8528959,23.0164303],[91.9596066,23.0226719],[91.952689,23.0961877],[91.8929309,23.1715747],[91.8366712,23.2398514],[91.8220822,23.3515164]]]}},{"type":"Feature","properties":{"2024":201101.044921,"2023":201101.044921,"DistrictID":119,"2020":203301.890366,"2014":207776.102866,"2021":202565.611929,"2022":201832,"district":"Chandpur","2018":204782.485564,"2013":208531.320214,"2017":205526.821816,"2016":206273.863555,"2015":207023.620615,"2025":201101.044921,"2019":204040.845002,"2012":209289.282599,"division":"Chittagong","upazila":"Matlab South","UpazilaID":278},"geometry":{"type":"MultiPolygon","coordinates":[[[[90.7944116,23.4336657],[90.7518779,23.4158474],[90.7503383,23.3799426],[90.6671638,23.3422761],[90.6830966,23.3258797],[90.692624,23.2949601],[90.7607786,23.2603671],[90.7383453,23.2947385],[90.7724594,23.3335329],[90.809703,23.333731],[90.7944116,23.4336657]]],[[[90.6685165,23.3359898],[90.6646487,23.3303941],[90.6814134,23.3255985],[90.6685165,23.3359898]]]]}},{"type":"Feature","properties":{"2024":410065.775027,"2023":410065.775027,"DistrictID":107,"2020":392008.191386,"2014":358243.549313,"2021":397937.257566,"2022":403956,"district":"Moulvibazar","2018":380413.763166,"2013":352905.89954,"2017":374745.788291,"2016":369162.263408,"2015":363661.930253,"2025":410065.775027,"2019":386167.465327,"2012":347647.778079,"division":"Sylhet","upazila":"Moulvibazar - Sadar","UpazilaID":144},"geometry":{"type":"Polygon","coordinates":[[[91.6928696,24.6042174],[91.6609217,24.6259059],[91.6312444,24.5945263],[91.6354899,24.5200835],[91.6118482,24.4717383],[91.6564106,24.4179189],[91.7873834,24.4027831],[91.7975823,24.4643687],[91.830511,24.4608579],[91.7979233,24.53798],[91.7365506,24.5978198],[91.6928696,24.6042174]]]}},{"type":"Feature","properties":{"2024":127082.62851,"2023":127082.62851,"DistrictID":133,"2020":123255.810886,"2014":115944.414475,"2021":124518.438291,"2022":125794,"district":"Cumilla","2018":120768.835692,"2013":114768.72839,"2017":119544.229571,"2016":118332.041059,"2015":117132.14424,"2025":127082.62851,"2019":122005.986628,"2012":113604.96386,"division":"Chittagong","upazila":"Meghna","UpazilaID":441},"geometry":{"type":"Polygon","coordinates":[[[90.7332305,23.6679431],[90.6644823,23.6732667],[90.6299502,23.6208192],[90.6530537,23.6204042],[90.6876238,23.5566493],[90.7135021,23.5736175],[90.7583024,23.631737],[90.7332305,23.6679431]]]}},{"type":"Feature","properties":{"2024":273202.978466,"2023":273202.978466,"DistrictID":127,"2020":268965.145817,"2014":260685.668347,"2021":270370.401904,"2022":271783,"district":"Meherpur","2018":266176.507229,"2013":259330.748875,"2017":264793.049001,"2016":263416.781328,"2015":262047.666837,"2025":273202.978466,"2019":267567.193579,"2012":257982.871627,"division":"Khulna","upazila":"Meherpur Sadar","UpazilaID":377},"geometry":{"type":"Polygon","coordinates":[[[88.6421511,23.8688044],[88.5902121,23.853947],[88.6010167,23.8144496],[88.5727609,23.7835113],[88.5687375,23.7241041],[88.6002367,23.7372186],[88.7031115,23.6677498],[88.7737788,23.6997666],[88.7799221,23.7363727],[88.7051524,23.7627901],[88.6944763,23.8538857],[88.6421511,23.8688044]]]}},{"type":"Feature","properties":{"2024":372391.898388,"2023":372391.898388,"DistrictID":120,"2020":361340.368144,"2014":340211.507969,"2021":364987.280414,"2022":368671,"district":"Kushtia","2018":354155.498128,"2013":336812.152459,"2017":350616.815821,"2016":347113.491633,"2015":343645.172271,"2025":372391.898388,"2019":357729.895415,"2012":333446.762931,"division":"Khulna","upazila":"Mirpur","UpazilaID":310},"geometry":{"type":"Polygon","coordinates":[[[89.0592988,23.9987167],[88.9952626,23.9873858],[88.9641698,24.0071214],[88.9457136,23.912686],[88.881413,23.8781129],[88.8589647,23.8326561],[88.9032204,23.8397492],[88.93818,23.8041085],[88.9882646,23.786257],[89.0253745,23.8517548],[89.0905068,23.8875514],[89.098615,23.959864],[89.0592988,23.9987167]]]}},{"type":"Feature","properties":{"2024":413569.661235,"2023":413569.661235,"DistrictID":108,"2020":409805.15773,"2014":402378.6376,"2021":411056.169384,"2022":412311,"district":"Chittagong","2018":407314.544852,"2013":401154.035216,"2017":406074.920488,"2016":404839.068807,"2015":403606.978327,"2025":413569.661235,"2019":408557.953415,"2012":399933.159797,"division":"Chittagong","upazila":"Mirsarai","UpazilaID":157},"geometry":{"type":"Polygon","coordinates":[[[91.6190587,22.9384921],[91.5767651,22.9654349],[91.5307375,22.9132563],[91.4978738,22.9033325],[91.4735826,22.9017703],[91.4653328,22.8548801],[91.4655444,22.8483172],[91.4473329,22.7845202],[91.4802348,22.714842],[91.5444555,22.6730598],[91.6528701,22.699571],[91.6148444,22.7795207],[91.6290299,22.8834125],[91.6190587,22.9384921]]]}},{"type":"Feature","properties":{"2024":438065.383527,"2023":438065.383527,"DistrictID":155,"2020":430289.698343,"2014":415149.934679,"2021":432866.135729,"2022":435458,"district":"Tangail","2018":425182.737485,"2013":412678.944864,"2017":422652.032007,"2016":420136.389395,"2015":417635.719992,"2025":438065.383527,"2019":427728.59602,"2012":410222.662484,"division":"Dhaka","upazila":"Mirzapur","UpazilaID":614},"geometry":{"type":"Polygon","coordinates":[[[90.2483936,24.1916727],[90.2022502,24.2125943],[90.1156719,24.1826862],[90.023602,24.1671703],[89.9743354,24.1169894],[89.9766044,24.0708897],[90.0120174,24.0425245],[90.1021502,24.019038],[90.1475526,24.033543],[90.1840198,24.0997579],[90.2075472,24.0948668],[90.2483936,24.1916727]]]}},{"type":"Feature","properties":{"2024":556534.805042,"2023":556534.805042,"DistrictID":146,"2020":544018.410828,"2014":519823.767838,"2021":548158.948546,"2022":552331,"district":"Rangpur","2018":535830.926239,"2013":515897.260895,"2017":531783.508667,"2016":527766.663405,"2015":523780.159524,"2025":556534.805042,"2019":539909.148807,"2012":512000.412959,"division":"Rangpur","upazila":"Mithapukur","UpazilaID":537},"geometry":{"type":"Polygon","coordinates":[[[89.3183105,25.6652756],[89.282668,25.6822633],[89.2172717,25.6570178],[89.1565089,25.6663733],[89.1301972,25.6305894],[89.1392178,25.57065],[89.1049235,25.5339024],[89.1063306,25.4717518],[89.1485062,25.4339463],[89.1427814,25.485395],[89.1955971,25.5095062],[89.3066464,25.5146331],[89.3834809,25.497775],[89.4083495,25.4669522],[89.4413351,25.4936824],[89.408252,25.5596211],[89.3922779,25.6148263],[89.3505047,25.6617935],[89.3183105,25.6652756]]]}},{"type":"Feature","properties":{"2024":182582.31109,"2023":182582.31109,"DistrictID":126,"2020":179357.55151,"2014":173077.893027,"2021":180426.092782,"2022":181501,"district":"Rajshahi","2018":177239.416221,"2013":172052.870154,"2017":176189.747471,"2016":175146.295196,"2015":174109.022581,"2025":182582.31109,"2019":178295.338482,"2012":171033.917795,"division":"Rajshahi","upazila":"Mohanpur","UpazilaID":386},"geometry":{"type":"Polygon","coordinates":[[[88.7157105,24.5221326],[88.6804851,24.6333075],[88.6313463,24.6259293],[88.5931108,24.6092358],[88.577504,24.4978033],[88.6136355,24.4821139],[88.6786607,24.5111633],[88.7157105,24.5221326]]]}},{"type":"Feature","properties":{"2024":456901.7783,"2023":456901.7783,"DistrictID":101,"2020":446172.539937,"2014":425463.997767,"2021":449720.662007,"2022":453297,"district":"Mymensingh","2018":439160.054873,"2013":422107.251396,"2017":435695.251908,"2016":432257.784899,"2015":428847.438175,"2025":456901.7783,"2019":442652.411178,"2012":418776.988455,"division":"Mymensingh","upazila":"Muktagacha","UpazilaID":331},"geometry":{"type":"Polygon","coordinates":[[[90.300127,24.7186883],[90.3139083,24.7610608],[90.2888647,24.8042799],[90.252176,24.8026382],[90.2001641,24.8591999],[90.1413529,24.7876032],[90.075779,24.7878738],[90.0904733,24.7371196],[90.1276725,24.7383259],[90.148084,24.6349018],[90.1357326,24.6166826],[90.1621169,24.600346],[90.1983907,24.6833545],[90.284849,24.6988545],[90.300127,24.7186883]]]}},{"type":"Feature","properties":{"2024":155702.438331,"2023":155702.438331,"DistrictID":135,"2020":160265.99642,"2014":169798.299497,"2021":158730.139013,"2022":157209,"district":"Barisal","2018":163382.437446,"2013":171441.25135,"2017":164963.31004,"2016":166559.479004,"2015":168171.092344,"2025":155702.438331,"2019":161816.714633,"2012":173100.100244,"division":"Barisal","upazila":"Muladi","UpazilaID":461},"geometry":{"type":"Polygon","coordinates":[[[90.4078938,23.0070838],[90.4227084,23.0389038],[90.3487856,23.056747],[90.3157509,23.0528791],[90.31988,22.9814611],[90.2908669,22.9725214],[90.3610223,22.9198199],[90.3472719,22.8827053],[90.3622011,22.8088051],[90.4070976,22.7905299],[90.3938814,22.8675356],[90.4223231,22.9054992],[90.4548337,22.9827556],[90.4090242,23.0047497],[90.4078938,23.0070838]]]}},{"type":"Feature","properties":{"2024":566254.448452,"2023":566254.448452,"DistrictID":133,"2020":555263.984709,"2014":533918.860538,"2021":558903.564209,"2022":562567,"district":"Cumilla","2018":548055.774184,"2013":530441.981405,"2017":544486.835482,"2016":540941.137706,"2015":537418.529511,"2025":566254.448452,"2019":551648.106148,"2012":526987.743706,"division":"Chittagong","upazila":"Muradnagar","UpazilaID":443},"geometry":{"type":"Polygon","coordinates":[[[91.0353683,23.7952985],[90.8848009,23.7529284],[90.8833653,23.7266548],[90.8494683,23.6273921],[90.8649567,23.5506953],[90.8817631,23.506638],[90.8918096,23.5054963],[90.9486058,23.6145884],[90.9863969,23.6668093],[91.0468936,23.7036134],[91.0650114,23.737714],[91.0353683,23.7952985]]]}},{"type":"Feature","properties":{"2024":407703.006684,"2023":407703.006684,"DistrictID":105,"2020":391083.080368,"2014":359848.132555,"2021":396546.379952,"2022":402086,"district":"Hobigonj","2018":380381.25115,"2013":354890.432139,"2017":375140.661811,"2016":369972.27313,"2015":364875.090385,"2025":407703.006684,"2019":385695.049766,"2012":350001.034963,"division":"Sylhet","upazila":"Nabiganj","UpazilaID":302},"geometry":{"type":"Polygon","coordinates":[[[91.4545567,24.6668819],[91.407262,24.6731307],[91.4314697,24.6408593],[91.4651995,24.5074169],[91.4621316,24.4540667],[91.4932852,24.4468961],[91.6103826,24.4378438],[91.6118482,24.4717383],[91.6354899,24.5200835],[91.6312444,24.5945263],[91.6609217,24.6259059],[91.649134,24.6750057],[91.5800475,24.6750104],[91.5451439,24.6554344],[91.4545567,24.6668819]]]}},{"type":"Feature","properties":{"2024":265386.817968,"2023":265386.817968,"DistrictID":152,"2020":246615.211983,"2014":212961.398772,"2021":252720.044987,"2022":258976,"district":"Faridpur","2018":234844.397864,"2013":207816.995699,"2017":229171.378017,"2016":223635.398502,"2015":218233.148902,"2025":265386.817968,"2019":240657.850407,"2012":202796.863425,"division":"Dhaka","upazila":"Nagarkanda","UpazilaID":585},"geometry":{"type":"Polygon","coordinates":[[[89.9163591,23.5582814],[89.8382143,23.5024236],[89.8481592,23.4205136],[89.8378405,23.3672997],[89.8836939,23.335636],[89.9252834,23.3097125],[89.9477949,23.3517698],[89.9157363,23.3861628],[89.93423,23.4598186],[89.9307588,23.5361935],[89.9163591,23.5582814]]]}},{"type":"Feature","properties":{"2024":310322.286023,"2023":310322.286023,"DistrictID":155,"2020":304608.854929,"2014":293495.630801,"2021":306501.547326,"2022":308406,"district":"Tangail","2018":300858.460929,"2013":291683.251863,"2017":299000.615426,"2016":297154.242393,"2015":295319.270987,"2025":310322.286023,"2019":302727.850188,"2012":289882.064633,"division":"Dhaka","upazila":"Nagarpur","UpazilaID":616},"geometry":{"type":"Polygon","coordinates":[[[89.7981412,24.1721271],[89.8249384,24.0879464],[89.7852048,24.0352473],[89.7646522,23.9798926],[89.8626084,23.965842],[89.9152413,23.9957846],[89.947219,24.0256763],[90.0075938,24.0113622],[90.0120174,24.0425245],[89.9766044,24.0708897],[89.9347312,24.0557214],[89.9126577,24.0980757],[89.8519174,24.1502672],[89.7981412,24.1721271]]]}},{"type":"Feature","properties":{"2024":76429.527125,"2023":76429.527125,"DistrictID":111,"2020":72472.27822,"2014":65161.848613,"2021":73768.05511,"2022":75087,"district":"Bandarban","2018":69948.607754,"2013":64017.244523,"2017":68719.92158,"2016":67512.817962,"2015":66326.917789,"2025":76429.527125,"2019":71199.262372,"2012":62892.746041,"division":"Chittagong","upazila":"Naikhongchari","UpazilaID":180},"geometry":{"type":"Polygon","coordinates":[[[92.2407089,21.6242499],[92.1792108,21.6670659],[92.113148,21.6501163],[92.1418908,21.6008091],[92.1846822,21.5685123],[92.1592555,21.5415091],[92.2389797,21.4749506],[92.2377381,21.4139834],[92.1893389,21.4245087],[92.1271394,21.4014536],[92.143118,21.3487652],[92.1927396,21.2657044],[92.1763995,21.184348],[92.2180563,21.2318964],[92.1977602,21.3196334],[92.2588062,21.3621783],[92.2690711,21.4282016],[92.3300392,21.4202147],[92.3580257,21.4719211],[92.3201673,21.5524139],[92.2407089,21.6242499]]]}},{"type":"Feature","properties":{"2024":191568.685732,"2023":191568.685732,"DistrictID":100,"2020":191096.017816,"2014":190154.177824,"2021":191253.444063,"2022":191411,"district":"Sherpur","2018":190781.55396,"2013":189997.656414,"2017":190624.516139,"2016":190467.60758,"2015":190310.828177,"2025":191568.685732,"2019":190938.72115,"2012":189841.263841,"division":"Mymensingh","upazila":"Nakla","UpazilaID":282},"geometry":{"type":"Polygon","coordinates":[[[90.2333191,25.0272588],[90.1317379,25.0329777],[90.1374466,24.9690061],[90.1163683,24.9057349],[90.1949259,24.8852587],[90.2388754,24.8948611],[90.2288687,24.966624],[90.2408862,25.0126988],[90.2333191,25.0272588]]]}},{"type":"Feature","properties":{"2024":161259.224477,"2023":161259.224477,"DistrictID":136,"2020":168782.608366,"2014":184898.738792,"2021":166236.601521,"2022":163729,"district":"Jhalokathi","2018":173992.199836,"2013":187730.566743,"2017":176656.988022,"2016":179362.588935,"2015":182109.627644,"2025":161259.224477,"2019":171367.608735,"2012":190605.765729,"division":"Barisal","upazila":"Nalchiti","UpazilaID":466},"geometry":{"type":"Polygon","coordinates":[[[90.3690691,22.6314147],[90.2752536,22.6888997],[90.2266272,22.6591377],[90.2024408,22.5769078],[90.1854609,22.5244266],[90.1990823,22.4923607],[90.3305262,22.5831619],[90.3783112,22.5916534],[90.3690691,22.6314147]]]}},{"type":"Feature","properties":{"2024":235464.604525,"2023":235464.604525,"DistrictID":100,"2020":239341.880082,"2014":247289.017859,"2021":238042.412417,"2022":236750,"district":"Sherpur","2018":241962.135422,"2013":248638.962515,"2017":243283.000758,"2016":244611.076666,"2015":245946.402507,"2025":235464.604525,"2019":240648.441509,"2012":249996.276486,"division":"Mymensingh","upazila":"Nalitabari","UpazilaID":229},"geometry":{"type":"Polygon","coordinates":[[[90.2642153,25.1963925],[90.1242261,25.2255176],[90.1334321,25.1875742],[90.0890206,25.1353878],[90.0741885,25.0785682],[90.1317379,25.0329777],[90.2333191,25.0272588],[90.2780507,25.0558199],[90.2626267,25.0978083],[90.2642153,25.1963925]]]}},{"type":"Feature","properties":{"2024":420212.693652,"2023":420212.693652,"DistrictID":101,"2020":415771.35247,"2014":407028.999162,"2021":417246.55913,"2022":418727,"district":"Mymensingh","2018":412836.567823,"2013":405589.917456,"2017":411376.95302,"2016":409922.498796,"2015":408473.186903,"2025":420212.693652,"2019":414301.361515,"2012":404155.923732,"division":"Mymensingh","upazila":"Nandail","UpazilaID":333},"geometry":{"type":"Polygon","coordinates":[[[90.7609374,24.6271828],[90.683226,24.6367417],[90.6098025,24.5769467],[90.5131432,24.5689653],[90.5448939,24.5154712],[90.5737733,24.4821295],[90.7219699,24.4711],[90.8040532,24.5307],[90.8199658,24.5880182],[90.7609374,24.6271828]]]}},{"type":"Feature","properties":{"2024":186388.021152,"2023":186388.021152,"DistrictID":156,"2020":184975.5408,"2014":182182.611034,"2021":185445.174225,"2022":185916,"district":"Bogra","2018":184039.838929,"2013":181721.239936,"2017":183573.764466,"2016":183108.870321,"2015":182645.153504,"2025":186388.021152,"2019":184507.096705,"2012":181261.037244,"division":"Rajshahi","upazila":"Nandigram","UpazilaID":626},"geometry":{"type":"Polygon","coordinates":[[[89.2752791,24.718474],[89.201288,24.7756764],[89.1581662,24.7933099],[89.1423672,24.7377373],[89.1379556,24.6840129],[89.188592,24.6515764],[89.2313556,24.5832451],[89.2581606,24.6257028],[89.3292811,24.5973581],[89.3357907,24.6909981],[89.2752791,24.718474]]]}},{"type":"Feature","properties":{"2024":46889.972646,"2023":46889.972646,"DistrictID":110,"2020":46049.131435,"2014":44412.413072,"2021":46327.722995,"2022":46608,"district":"Rangamati","2018":45496.964168,"2013":44145.33922,"2017":45223.368372,"2016":44951.417844,"2015":44681.102689,"2025":46889.972646,"2019":45772.215184,"2012":43879.871415,"division":"Chittagong","upazila":"Naniarchar","UpazilaID":177},"geometry":{"type":"Polygon","coordinates":[[[92.1762588,22.825419],[92.1286726,22.9117828],[92.1175864,22.9581739],[92.0691113,22.9325788],[91.9798521,22.8330593],[91.9745996,22.7964308],[91.9985986,22.723832],[92.0048508,22.7044962],[92.0619738,22.7152346],[92.1762588,22.825419]]]}},{"type":"Feature","properties":{"2024":449708.534125,"2023":449708.534125,"DistrictID":121,"2020":438128.769448,"2014":415856.081338,"2021":441955.175726,"2022":445815,"district":"Naogaon","2018":430575.056061,"2013":412255.63856,"2017":426847.177786,"2016":423151.57513,"2015":419487.968654,"2025":449708.534125,"2019":434335.491834,"2012":408686.368076,"division":"Rajshahi","upazila":"Naogaon Sadar","UpazilaID":336},"geometry":{"type":"Polygon","coordinates":[[[88.9999248,24.9095937],[88.8681947,24.9114014],[88.8806536,24.8486193],[88.8558387,24.8125036],[88.7881059,24.8381421],[88.8140858,24.7418147],[88.8505694,24.725985],[88.9623885,24.7467217],[88.9900275,24.8594428],[88.9999248,24.9095937]]]}},{"type":"Feature","properties":{"2024":261575.782522,"2023":261575.782522,"DistrictID":144,"2020":264355.221794,"2014":270003.015049,"2021":263425.475924,"2022":262499,"district":"Narail","2018":266224.569579,"2013":270955.975985,"2017":267164.194697,"2016":268107.136172,"2015":269053.405707,"2025":261575.782522,"2019":265288.249152,"2012":271912.300345,"division":"Khulna","upazila":"Narail Sadar","UpazilaID":520},"geometry":{"type":"Polygon","coordinates":[[[89.4802933,23.2849159],[89.4255749,23.258716],[89.4222591,23.1811469],[89.3782231,23.1355709],[89.3853401,23.0850878],[89.4166341,23.0830679],[89.4684899,23.0323992],[89.5010744,23.0331969],[89.5820396,23.0916713],[89.6125734,23.1445378],[89.5806896,23.2159948],[89.5551681,23.2212389],[89.4802933,23.2849159]]]}},{"type":"Feature","properties":{"2024":225863.882584,"2023":225863.882584,"DistrictID":148,"2020":227295.247892,"2014":230185.248933,"2021":226817.121064,"2022":226340,"district":"Shariatpur","2018":228254.527323,"2013":230670.475719,"2017":228735.68418,"2016":229217.855308,"2015":229701.042844,"2025":225863.882584,"2019":227774.382603,"2012":231156.725357,"division":"Dhaka","upazila":"Naria","UpazilaID":557},"geometry":{"type":"Polygon","coordinates":[[[90.4996146,23.4039279],[90.4164683,23.4021415],[90.3925288,23.3296552],[90.3127581,23.2993053],[90.3937445,23.213942],[90.4239879,23.2079981],[90.4833691,23.2494194],[90.5021066,23.3018693],[90.5047928,23.3264387],[90.5058057,23.3327229],[90.5058376,23.3335561],[90.5092355,23.3967993],[90.4996146,23.4039279]]]}},{"type":"Feature","properties":{"2024":0,"2023":0,"DistrictID":132,"2020":0,"2014":0,"2021":0,"2022":0,"district":"Natore","2018":0,"2013":0,"2017":0,"2016":0,"2015":0,"2025":0,"2019":0,"2012":0,"division":"Rajshahi","upazila":"Naldanga","UpazilaID":0},"geometry":{"type":"Polygon","coordinates":[[[89.063471,24.5345144],[88.9632911,24.5836009],[88.9625055,24.5493646],[88.8841712,24.5158795],[88.9026716,24.4465195],[89.0399464,24.467646],[89.063471,24.5345144]]]}},{"type":"Feature","properties":{"2024":487061.272824,"2023":487061.272824,"DistrictID":132,"2020":436128.741362,"2014":349684.937406,"2021":452485.158073,"2022":469455,"district":"Natore","2018":405168.28885,"2013":337044.539259,"2017":390522.280573,"2016":376405.69566,"2015":362799.396535,"2025":487061.272824,"2019":420363.575796,"2012":324861.065755,"division":"Rajshahi","upazila":"Natore Sadar","UpazilaID":423},"geometry":{"type":"Polygon","coordinates":[[[89.1070992,24.4084692],[89.0399464,24.467646],[88.9026716,24.4465195],[88.8922377,24.3651587],[88.8508191,24.3437523],[88.8829234,24.3386888],[88.9631635,24.3629206],[89.0424508,24.3206611],[89.0789247,24.3514506],[89.1070992,24.4084692]]]}},{"type":"Feature","properties":{"2024":408475.411724,"2023":408475.411724,"DistrictID":102,"2020":399244.596206,"2014":381404.051067,"2021":402298.121033,"2022":405375,"district":"Netrokona","2018":393206.901264,"2013":378509.116494,"2017":390222.380649,"2016":387260.513155,"2015":384321.12684,"2025":408475.411724,"2019":396214.248255,"2012":375636.155065,"division":"Mymensingh","upazila":"Netrokona Sadar","UpazilaID":283},"geometry":{"type":"Polygon","coordinates":[[[90.7677389,24.9962571],[90.7540498,25.0269336],[90.7028383,24.9948868],[90.6855557,24.9427097],[90.6484982,24.9011394],[90.6698088,24.802674],[90.7173974,24.7690863],[90.7792942,24.7725203],[90.8087769,24.84497],[90.8377235,24.9253393],[90.7677389,24.9962571]]]}},{"type":"Feature","properties":{"2024":262022.479592,"2023":262022.479592,"DistrictID":121,"2020":258535.623268,"2014":251700.496847,"2021":259692.722285,"2022":260855,"district":"Naogaon","2018":256236.869137,"2013":250579.008363,"2017":255095.168181,"2016":253958.554241,"2015":252827.004651,"2025":262022.479592,"2019":257383.679876,"2012":249462.516836,"division":"Rajshahi","upazila":"Neyamatpur","UpazilaID":342},"geometry":{"type":"Polygon","coordinates":[[[88.6383675,24.9500546],[88.5918718,24.9669938],[88.4940797,24.9066748],[88.4756538,24.8621518],[88.3845395,24.8186227],[88.4262729,24.824957],[88.473649,24.7353959],[88.5055698,24.7186309],[88.5935224,24.6984349],[88.6219043,24.738865],[88.6189043,24.7905428],[88.6518612,24.8706064],[88.6630322,24.9186539],[88.6383675,24.9500546]]]}},{"type":"Feature","properties":{"2024":497194.963912,"2023":497194.963912,"DistrictID":128,"2020":480903.327176,"2014":449904.050688,"2021":486273.677661,"2022":491704,"district":"Nilphamari","2018":470339.899795,"2013":444935.362174,"2017":465145.520118,"2016":460008.506572,"2015":454928.225611,"2025":497194.963912,"2019":475592.286223,"2012":440021.547284,"division":"Rangpur","upazila":"Nilphamari Sadar","UpazilaID":390},"geometry":{"type":"Polygon","coordinates":[[[88.8651421,26.055544],[88.8125437,26.0321792],[88.7746048,26.0548131],[88.7349548,26.0146825],[88.7595495,25.93895],[88.801223,25.9224425],[88.8463023,25.8053631],[88.957091,25.8639875],[88.9678698,25.9594302],[88.8791809,26.0253914],[88.8651421,26.055544]]]}},{"type":"Feature","properties":{"2024":695871.419474,"2023":695871.419474,"DistrictID":116,"2020":648827.967414,"2014":564066.990805,"2021":664144.694544,"2022":679823,"district":"Noakhali","2018":619246.085083,"2013":551058.289159,"2017":604964.824705,"2016":591012.923531,"2015":577382.78577,"2025":695871.419474,"2019":633864.47977,"2012":538349.598542,"division":"Chittagong","upazila":"Noakhali Sadar","UpazilaID":252},"geometry":{"type":"Polygon","coordinates":[[[91.1629651,22.8810677],[91.0779216,22.8910381],[90.9853823,22.8819545],[90.9266811,22.8139348],[90.8899537,22.8110193],[90.9814602,22.7485942],[91.073121,22.721946],[91.1720743,22.7063822],[91.1941246,22.748718],[91.1352657,22.7923475],[91.1629651,22.8810677]]]}},{"type":"Feature","properties":{"2024":369421.264015,"2023":369421.264015,"DistrictID":126,"2020":354765.664344,"2014":327175.640526,"2021":359585.096581,"2022":364470,"district":"Rajshahi","2018":345319.715195,"2013":322790.584404,"2017":340691.478421,"2016":336125.272786,"2015":331620.266903,"2025":369421.264015,"2019":350010.825793,"2012":318464.30013,"division":"Rajshahi","upazila":"Paba","UpazilaID":387},"geometry":{"type":"Polygon","coordinates":[[[88.6786607,24.5111633],[88.6136355,24.4821139],[88.577504,24.4978033],[88.5400647,24.4933103],[88.5129653,24.3905014],[88.4700382,24.3640873],[88.5271099,24.3444666],[88.5550521,24.2934092],[88.5880444,24.3119775],[88.6754424,24.3151813],[88.7046245,24.3565506],[88.7089449,24.3971181],[88.6682662,24.4547287],[88.6786607,24.5111633]],[[88.5896472,24.4060366],[88.6561872,24.3884328],[88.6505713,24.3507143],[88.549211,24.3619112],[88.5896472,24.4060366]]]}},{"type":"Feature","properties":{"2024":723692.471547,"2023":723692.471547,"DistrictID":143,"2020":687933.741272,"2014":621629.653375,"2021":699652.556781,"2022":711571,"district":"Pabna","2018":665081.674745,"2013":611217.680814,"2017":653941.903483,"2016":642988.717582,"2015":632218.991833,"2025":723692.471547,"2019":676411.209811,"2012":600980.103365,"division":"Rajshahi","upazila":"Pabna Sadar","UpazilaID":510},"geometry":{"type":"Polygon","coordinates":[[[89.4030614,24.0409895],[89.3339334,24.0680135],[89.190372,24.0897745],[89.1378896,24.0732895],[89.1519049,23.9501322],[89.1791877,23.9668741],[89.2162764,23.9884914],[89.2623604,23.9097906],[89.3173427,23.875493],[89.3553514,23.8859439],[89.3796127,23.9088192],[89.4077992,23.9485232],[89.4088855,23.9945605],[89.4030614,24.0409895]]]}},{"type":"Feature","properties":{"2024":247340.08084,"2023":247340.08084,"DistrictID":138,"2020":244343.025722,"2014":238457.422679,"2021":245337.987127,"2022":246337,"district":"Joypurhat","2018":242365.191664,"2013":237490.365213,"2017":241382.28635,"2016":240403.36718,"2015":239428.41799,"2025":247340.08084,"2019":243352.099356,"2012":236527.229622,"division":"Rajshahi","upazila":"Panchbibi","UpazilaID":481},"geometry":{"type":"Polygon","coordinates":[[[89.1388261,25.2549783],[89.0959462,25.2411023],[89.0701025,25.2697823],[89.0078332,25.2676578],[88.9505919,25.2440689],[88.9416138,25.2089863],[89.0026364,25.1273252],[89.0226541,25.1533344],[89.0941524,25.1296009],[89.1610017,25.1341772],[89.1964804,25.1786414],[89.2046099,25.2284573],[89.1388261,25.2549783]]]}},{"type":"Feature","properties":{"2024":56165.460376,"2023":56165.460376,"DistrictID":109,"2020":57616.397105,"2014":60631.686117,"2021":57128.633924,"2022":56645,"district":"Khagrachari","2018":58604.452562,"2013":61149.358291,"2017":59104.816254,"2016":59609.452042,"2015":60118.396401,"2025":56165.460376,"2019":58108.324799,"2012":61671.450339,"division":"Chittagong","upazila":"Panchari","UpazilaID":164},"geometry":{"type":"Polygon","coordinates":[[[91.9992798,23.2676902],[91.9698266,23.4457279],[91.953423,23.4743325],[91.9431331,23.4371084],[91.8450407,23.4047695],[91.8220822,23.3515164],[91.8366712,23.2398514],[91.8929309,23.1715747],[91.9258819,23.2230764],[91.9992798,23.2676902]]]}},{"type":"Feature","properties":{"2024":266271.825072,"2023":266271.825072,"DistrictID":151,"2020":260329.116502,"2014":248838.631011,"2021":262295.13452,"2022":264276,"district":"Rajbari","2018":256441.178536,"2013":246973.475437,"2017":254519.038507,"2016":252611.305768,"2015":250717.872329,"2025":266271.825072,"2019":258377.834659,"2012":245122.300029,"division":"Dhaka","upazila":"Pangsha","UpazilaID":577},"geometry":{"type":"Polygon","coordinates":[[[89.490088,23.8307749],[89.3796127,23.9088192],[89.3553514,23.8859439],[89.3301964,23.7785425],[89.2981584,23.7360223],[89.3664945,23.6641185],[89.3808712,23.6727224],[89.4454736,23.7293864],[89.4452906,23.8071543],[89.490088,23.8307749]]]}},{"type":"Feature","properties":{"2024":104506.468744,"2023":104506.468744,"DistrictID":114,"2020":103634.498965,"2014":101912.325044,"2021":103924.344163,"2022":104215,"district":"Feni","2018":103057.231451,"2013":101628.091371,"2017":102769.804633,"2016":102483.179448,"2015":102197.353661,"2025":104506.468744,"2019":103345.462146,"2012":101344.650427,"division":"Chittagong","upazila":"Parshuram","UpazilaID":236},"geometry":{"type":"Polygon","coordinates":[[[91.4908866,23.1577622],[91.5031441,23.1922303],[91.454439,23.2575756],[91.4154396,23.2635743],[91.3851584,23.175176],[91.4908866,23.1577622]]]}},{"type":"Feature","properties":{"2024":156945.764718,"2023":156945.764718,"DistrictID":134,"2020":158662.693646,"2014":162153.104689,"2021":158088.307133,"2022":157516,"district":"Barguna","2018":159817.735055,"2013":162742.25994,"2017":160398.405145,"2016":160981.184998,"2015":161566.082282,"2025":156945.764718,"2019":159239.167092,"2012":163333.555784,"division":"Barisal","upazila":"Patharghata","UpazilaID":451},"geometry":{"type":"MultiPolygon","coordinates":[[[[90.0197683,22.1875468],[89.9919486,22.2047609],[89.9071931,22.1587604],[89.9010262,22.0731043],[89.9360425,21.9949554],[90.0226416,22.0810689],[90.0197683,22.1875468]]],[[[89.8909284,22.1582678],[89.8892894,22.1581899],[89.8912177,22.1500588],[89.8909284,22.1582678]]]]}},{"type":"Feature","properties":{"2024":542392.175106,"2023":542392.175106,"DistrictID":108,"2020":502748.734404,"2014":431942.688407,"2021":515630.338711,"2022":528842,"district":"Chittagong","2018":477942.920465,"2013":421151.789621,"2017":466002.832536,"2016":454361.034829,"2015":443010.075383,"2025":542392.175106,"2019":490188.941512,"2012":410630.471731,"division":"Chittagong","upazila":"Patiya","UpazilaID":150},"geometry":{"type":"Polygon","coordinates":[[[92.0795286,22.340489],[91.9604144,22.3513044],[91.8824308,22.3429671],[91.8695898,22.3288178],[91.8826433,22.2616238],[91.9602253,22.2467041],[91.9620809,22.2260892],[92.1116432,22.2551152],[92.0973539,22.3068593],[92.0795286,22.340489]]]}},{"type":"Feature","properties":{"2024":247745.857849,"2023":247745.857849,"DistrictID":121,"2020":243685.668651,"2014":235763.821292,"2021":245031.617288,"2022":246385,"district":"Naogaon","2018":241015.910489,"2013":234468.780279,"2017":239692.019966,"2016":238375.401518,"2015":237066.015202,"2025":247745.857849,"2019":242347.113255,"2012":233180.852873,"division":"Rajshahi","upazila":"Patnitala","UpazilaID":343},"geometry":{"type":"Polygon","coordinates":[[[88.669352,25.1983412],[88.618757,25.2050732],[88.5720827,25.1769332],[88.5933265,25.1529436],[88.6228764,25.0298322],[88.6414108,24.995229],[88.7783728,25.0127405],[88.8746568,24.9963501],[88.9014382,25.0310976],[88.8247658,25.1067987],[88.6842215,25.1187471],[88.669352,25.1983412]]]}},{"type":"Feature","properties":{"2024":219249.184807,"2023":219249.184807,"DistrictID":112,"2020":206202.333657,"2014":182391.566557,"2021":210462.655821,"2022":214811,"district":"Coxs Bazar","2018":197938.664247,"2013":178699.477666,"2017":193931.860877,"2016":190006.165832,"2015":186159.937263,"2025":219249.184807,"2019":202028.251709,"2012":175082.126443,"division":"Chittagong","upazila":"Pekua","UpazilaID":190},"geometry":{"type":"Polygon","coordinates":[[[91.9827686,21.9013129],[91.9165664,21.8584195],[91.8850208,21.765239],[91.9486941,21.7226905],[91.9475423,21.7831298],[92.0197066,21.8096087],[92.0270079,21.8387683],[91.9827686,21.9013129]]]}},{"type":"Feature","properties":{"2024":177648.328972,"2023":177648.328972,"DistrictID":103,"2020":173129.212894,"2014":164432.935621,"2021":174622.665017,"2022":176129,"district":"Kurigram","2018":170180.517445,"2013":163026.630678,"2017":168725.05658,"2016":167282.043475,"2015":165851.371671,"2025":177648.328972,"2019":171648.533449,"2012":161632.353092,"division":"Rangpur","upazila":"Fulbari","UpazilaID":293},"geometry":{"type":"Polygon","coordinates":[[[89.6464928,25.9007787],[89.6142503,26.0264942],[89.5876236,26.0387948],[89.5408307,26.0060092],[89.4812441,25.9975446],[89.4729825,25.974865],[89.5190923,25.9157895],[89.5710658,25.8854214],[89.5944331,25.8802659],[89.6464928,25.9007787]]]}},{"type":"Feature","properties":{"2024":0,"2023":0,"DistrictID":101,"2020":0,"2014":0,"2021":0,"2022":0,"district":"Mymensingh","2018":0,"2013":0,"2017":0,"2016":0,"2015":0,"2025":0,"2019":0,"2012":0,"division":"Mymensingh","upazila":"Tarakanda","UpazilaID":0},"geometry":{"type":"Polygon","coordinates":[[[90.5162366,24.9497763],[90.4585337,24.9650204],[90.4489516,24.9222418],[90.3949973,24.9236543],[90.3793854,24.8813438],[90.3426275,24.8600536],[90.3872423,24.8268158],[90.5018486,24.7693557],[90.499799,24.7433272],[90.5260781,24.7484127],[90.553963,24.8114942],[90.5190277,24.838661],[90.5350993,24.8909501],[90.5162366,24.9497763]]]}},{"type":"Feature","properties":{"2024":711532.14406,"2023":711532.14406,"DistrictID":101,"2020":580520.07649,"2014":386422.746097,"2021":621264.212888,"2022":664868,"district":"Mymensingh","2018":506872.881847,"2013":361080.128983,"2017":473630.82894,"2016":442568.877041,"2015":413544.049411,"2025":711532.14406,"2019":542448.047412,"2012":337399.547161,"division":"Mymensingh","upazila":"Phulpur","UpazilaID":327},"geometry":{"type":"Polygon","coordinates":[[[90.4922723,25.0216225],[90.4158007,24.9872877],[90.3882304,25.0090298],[90.2408862,25.0126988],[90.2288687,24.966624],[90.2388754,24.8948611],[90.294616,24.8898225],[90.3426275,24.8600536],[90.3793854,24.8813438],[90.3949973,24.9236543],[90.4489516,24.9222418],[90.4585337,24.9650204],[90.5162366,24.9497763],[90.494775,25.0196224],[90.4922723,25.0216225]]]}},{"type":"Feature","properties":{"2024":87938.493072,"2023":87938.493072,"DistrictID":147,"2020":86906.080647,"2014":84877.475574,"2021":87248.864303,"2022":87593,"district":"Khulna","2018":86224.548233,"2013":84544.008639,"2017":85885.788914,"2016":85548.360514,"2015":85212.257803,"2025":87938.493072,"2019":86564.643721,"2012":84211.85183,"division":"Khulna","upazila":"Phultala","UpazilaID":548},"geometry":{"type":"Polygon","coordinates":[[[89.4852926,22.9493762],[89.4269835,22.9619076],[89.384179,22.9319178],[89.4645461,22.9230161],[89.4852926,22.9493762]]]}},{"type":"Feature","properties":{"2024":318147.173839,"2023":318147.173839,"DistrictID":146,"2020":316933.199682,"2014":314519.130404,"2021":317337.342167,"2022":317742,"district":"Rangpur","2018":316126.458135,"2013":314118.577031,"2017":315723.857762,"2016":315321.770118,"2015":314920.194549,"2025":318147.173839,"2019":316529.57189,"2012":313718.53378,"division":"Rangpur","upazila":"Pirgacha","UpazilaID":538},"geometry":{"type":"Polygon","coordinates":[[[89.4921519,25.7133394],[89.4566488,25.7088702],[89.3994054,25.740741],[89.3453333,25.7260009],[89.3015814,25.7401304],[89.3183105,25.6652756],[89.3505047,25.6617935],[89.3922779,25.6148263],[89.408252,25.5596211],[89.5358905,25.6489942],[89.5082539,25.7172979],[89.4921519,25.7133394]]]}},{"type":"Feature","properties":{"2024":137599.325087,"2023":137599.325087,"DistrictID":121,"2020":136202.105928,"2014":133450.086719,"2021":136666.262077,"2022":137132,"district":"Naogaon","2018":135278.517481,"2013":132996.853584,"2017":134819.074494,"2016":134361.191901,"2015":133904.864403,"2025":137599.325087,"2019":135739.526181,"2012":132545.159754,"division":"Rajshahi","upazila":"Porsha","UpazilaID":344},"geometry":{"type":"Polygon","coordinates":[[[88.6228764,25.0298322],[88.5420196,25.018153],[88.5534463,25.0594962],[88.4797191,25.0628621],[88.4463294,25.0873107],[88.4526217,25.0370625],[88.3951119,24.9647076],[88.4341691,24.9608676],[88.4940797,24.9066748],[88.5918718,24.9669938],[88.6383675,24.9500546],[88.6414108,24.995229],[88.6228764,25.0298322]]]}},{"type":"Feature","properties":{"2024":332586.425823,"2023":332586.425823,"DistrictID":102,"2020":327009.612703,"2014":316134.954657,"2021":328858.081981,"2022":330717,"district":"Netrokona","2018":323343.785775,"2013":314358.000452,"2017":321526.311651,"2016":319719.053318,"2015":317921.953353,"2025":332586.425823,"2019":325171.533434,"2012":312591.034281,"division":"Mymensingh","upazila":"Purbadhala","UpazilaID":286},"geometry":{"type":"Polygon","coordinates":[[[90.6052173,25.0267974],[90.5501387,25.0417555],[90.494775,25.0196224],[90.5162366,24.9497763],[90.5350993,24.8909501],[90.5681469,24.8857237],[90.5663571,24.8107936],[90.6698088,24.802674],[90.6484982,24.9011394],[90.6855557,24.9427097],[90.7028383,24.9948868],[90.6052173,25.0267974]]]}},{"type":"Feature","properties":{"2024":139230.95649,"2023":139230.95649,"DistrictID":136,"2020":141493.230342,"2014":146128.649984,"2021":140735.084028,"2022":139981,"district":"Jhalokathi","2018":143021.797476,"2013":146915.851683,"2017":143792.262419,"2016":144566.877892,"2015":145345.666254,"2025":139230.95649,"2019":142255.460824,"2012":147707.294073,"division":"Barisal","upazila":"Rajapur","UpazilaID":467},"geometry":{"type":"Polygon","coordinates":[[[90.2024408,22.5769078],[90.1433371,22.6109791],[90.1100841,22.6097308],[90.055942,22.5794958],[90.0648763,22.5282607],[90.0850472,22.4878617],[90.1317938,22.4911833],[90.1880916,22.4801739],[90.1904879,22.4795271],[90.1990823,22.4923607],[90.1854609,22.5244266],[90.2024408,22.5769078]]]}},{"type":"Feature","properties":{"2024":189442.023067,"2023":189442.023067,"DistrictID":103,"2020":187805.687972,"2014":184575.297997,"2021":188349.556489,"2022":188895,"district":"Kurigram","2018":186722.657744,"2013":184042.327835,"2017":186183.486977,"2016":185645.873091,"2015":185109.811592,"2025":189442.023067,"2019":187263.389902,"2012":183510.896651,"division":"Rangpur","upazila":"Rajarhat","UpazilaID":296},"geometry":{"type":"Polygon","coordinates":[[[89.5944331,25.8802659],[89.5710658,25.8854214],[89.5326984,25.8684852],[89.5357482,25.8239154],[89.4591874,25.7863751],[89.4991012,25.7482009],[89.4921519,25.7133394],[89.5082539,25.7172979],[89.5724002,25.7175437],[89.6204512,25.7622822],[89.5748372,25.8265899],[89.5944331,25.8802659]]]}},{"type":"Feature","properties":{"2024":29285.243391,"2023":29285.243391,"DistrictID":110,"2020":28449.590115,"2014":26849.139137,"2021":28725.457554,"2022":29004,"district":"Rangamati","2018":27905.777744,"2013":26591.291085,"2017":27637.782172,"2016":27372.360318,"2015":27109.487466,"2025":29285.243391,"2019":28176.371993,"2012":26335.9193,"division":"Chittagong","upazila":"Rajasthali","UpazilaID":176},"geometry":{"type":"Polygon","coordinates":[[[92.3600023,22.3413434],[92.2841645,22.4512524],[92.2126348,22.3859898],[92.1154164,22.413705],[92.1459368,22.347741],[92.2212736,22.3305948],[92.2770254,22.3538573],[92.3600023,22.3413434]]]}},{"type":"Feature","properties":{"2024":360331.76291,"2023":360331.76291,"DistrictID":151,"2020":352931.717821,"2014":338584.425348,"2021":355381.357641,"2022":357848,"district":"Rajbari","2018":348082.977811,"2013":336250.566599,"2017":345683.645644,"2016":343300.852046,"2015":340934.483019,"2025":360331.76291,"2019":350498.963341,"2012":333932.795113,"division":"Dhaka","upazila":"Rajbari Sadar","UpazilaID":573},"geometry":{"type":"Polygon","coordinates":[[[89.6432855,23.8109259],[89.5298957,23.8162819],[89.5270732,23.7693686],[89.5876801,23.732552],[89.6107243,23.6578271],[89.666452,23.6087819],[89.7009833,23.5878122],[89.7547268,23.6765451],[89.7226179,23.7074521],[89.7256179,23.7708403],[89.6799074,23.8113997],[89.6432855,23.8109259]]]}},{"type":"Feature","properties":{"2024":275102.164558,"2023":275102.164558,"DistrictID":107,"2020":263817.582599,"2014":242618.098417,"2021":267526.717073,"2022":271288,"district":"Moulvibazar","2018":256552.876973,"2013":239254.310445,"2017":252995.889728,"2016":249488.218469,"2015":246029.179453,"2025":275102.164558,"2019":260159.873562,"2012":235937.159841,"division":"Sylhet","upazila":"Rajnagar","UpazilaID":145},"geometry":{"type":"Polygon","coordinates":[[[91.9668567,24.6389409],[91.9032285,24.663645],[91.8244087,24.652285],[91.7365506,24.5978198],[91.7979233,24.53798],[91.830511,24.4608579],[91.9022768,24.4453092],[91.9360508,24.4935582],[91.9215091,24.5392663],[91.9485345,24.6259239],[91.9668567,24.6389409]]]}},{"type":"Feature","properties":{"2024":149116.892001,"2023":149116.892001,"DistrictID":109,"2020":138675.852909,"2014":119935.803898,"2021":142072.332784,"2022":145552,"district":"Khagrachari","2018":132124.547791,"2013":117068.53526,"2017":128965.886575,"2016":125882.738507,"2015":122873.298319,"2025":149116.892001,"2019":135360.571642,"2012":114269.813537,"division":"Chittagong","upazila":"Guimara","UpazilaID":0},"geometry":{"type":"Polygon","coordinates":[[[91.9596066,23.0226719],[91.8528959,23.0164303],[91.8248551,22.9745631],[91.8744538,22.9233175],[91.8375602,22.9072097],[91.88896,22.8683396],[91.9754327,22.8806917],[91.9931479,22.9120868],[91.9665791,23.0056709],[91.9596066,23.0226719]]]}},{"type":"Feature","properties":{"2024":98903.078878,"2023":98903.078878,"DistrictID":109,"2020":83705.411013,"2014":59957.149411,"2021":88492.329139,"2022":93553,"district":"Khagrachari","2018":74894.400317,"2013":56713.817835,"2017":70843.050715,"2016":67010.855463,"2015":63385.95959,"2025":98903.078878,"2019":79177.437197,"2012":53645.931553,"division":"Chittagong","upazila":"Ramgar","UpazilaID":161},"geometry":{"type":"Polygon","coordinates":[[[91.8248551,22.9745631],[91.8042688,22.9647203],[91.7574853,23.0245417],[91.7131053,22.9886942],[91.7305358,22.9396118],[91.7164227,22.8869406],[91.7471567,22.8702077],[91.8375602,22.9072097],[91.8744538,22.9233175],[91.8248551,22.9745631]]]}},{"type":"Feature","properties":{"2024":316909.466588,"2023":316909.466588,"DistrictID":115,"2020":301899.482201,"2014":273978.623598,"2021":306822.10813,"2022":311825,"district":"Laksmipur","2018":292289.89771,"2013":269582.93554,"2017":287600.42524,"2016":282986.190239,"2015":278445.985604,"2025":316909.466588,"2019":297055.834434,"2012":265257.771501,"division":"Chittagong","upazila":"Ramgati","UpazilaID":245},"geometry":{"type":"MultiPolygon","coordinates":[[[[90.9809465,22.7153205],[90.9280097,22.7263668],[90.8366053,22.6868131],[90.8830901,22.6640548],[91.0174059,22.5681756],[91.0165243,22.5792531],[90.9884835,22.6399766],[91.0161251,22.677648],[90.9809465,22.7153205]]],[[[90.976452,22.5219836],[90.8937507,22.5602803],[90.9321133,22.4970166],[90.976452,22.5219836]]]]}},{"type":"Feature","properties":{"2024":351231.108077,"2023":351231.108077,"DistrictID":112,"2020":327850.654903,"2014":285655.2557,"2021":335465.885152,"2022":343258,"district":"Coxs Bazar","2018":313134.877906,"2013":279170.749703,"2017":306026.571816,"2016":299079.627552,"2015":292290.382126,"2025":351231.108077,"2019":320408.293891,"2012":272833.444982,"division":"Chittagong","upazila":"Ramu","UpazilaID":186},"geometry":{"type":"Polygon","coordinates":[[[92.143118,21.3487652],[92.1271394,21.4014536],[92.1893389,21.4245087],[92.2377381,21.4139834],[92.2389797,21.4749506],[92.1592555,21.5415091],[92.1846822,21.5685123],[92.1418908,21.6008091],[92.1064087,21.5819702],[92.1075098,21.5175305],[92.0503468,21.5210668],[92.0624076,21.4458378],[91.9995957,21.3941535],[92.0427578,21.3030263],[92.0741531,21.2935561],[92.143118,21.3487652]]]}},{"type":"Feature","properties":{"2024":0,"2023":0,"DistrictID":112,"2020":0,"2014":0,"2021":0,"2022":0,"district":"Coxs Bazar","2018":0,"2013":0,"2017":0,"2016":0,"2015":0,"2025":0,"2019":0,"2012":0,"division":"Chittagong","upazila":"Eidgaon","UpazilaID":0},"geometry":{"type":"Polygon","coordinates":[[[92.1064087,21.5819702],[92.0357129,21.6127855],[92.0078733,21.5975489],[91.9984667,21.5419477],[92.0503468,21.5210668],[92.1075098,21.5175305],[92.1064087,21.5819702]]]}},{"type":"Feature","properties":{"2024":155391.503441,"2023":155391.503441,"DistrictID":110,"2020":147082.648336,"2014":131774.017265,"2021":149801.691377,"2022":152571,"district":"Rangamati","2018":141791.726092,"2013":129382.193639,"2017":139218.071532,"2016":136691.131249,"2015":134210.057332,"2025":155391.503441,"2019":144412.95851,"2012":127033.783885,"division":"Chittagong","upazila":"Rangamati - Sadar","UpazilaID":168},"geometry":{"type":"Polygon","coordinates":[[[92.3014964,22.6628462],[92.2351525,22.6912613],[92.1878796,22.7965213],[92.1762588,22.825419],[92.0619738,22.7152346],[92.0048508,22.7044962],[92.0460028,22.6905904],[92.0986103,22.6434469],[92.1230036,22.581007],[92.1535744,22.5140345],[92.2796441,22.4924562],[92.2844442,22.5149017],[92.3255673,22.5427811],[92.3758144,22.5216649],[92.3014964,22.6628462]]]}},{"type":"Feature","properties":{"2024":843096.496208,"2023":843096.496208,"DistrictID":146,"2020":809971.554404,"2014":747574.935902,"2021":820866.009718,"2022":831907,"district":"Rangpur","2018":788614.495303,"2013":737653.192723,"2017":778148.079009,"2016":767820.571994,"2015":757630.130666,"2025":843096.496208,"2019":799221.689261,"2012":727863.129972,"division":"Rangpur","upazila":"Rangpur Sadar","UpazilaID":534},"geometry":{"type":"Polygon","coordinates":[[[89.3124677,25.8124488],[89.1896073,25.8286713],[89.1060656,25.8081381],[89.0909423,25.7313968],[89.1327665,25.7222158],[89.1565089,25.6663733],[89.2172717,25.6570178],[89.282668,25.6822633],[89.3183105,25.6652756],[89.3015814,25.7401304],[89.3124677,25.8124488]]]}},{"type":"Feature","properties":{"2024":373710.119964,"2023":373710.119964,"DistrictID":108,"2020":364713.928632,"2014":347366.019125,"2021":367688.3355,"2022":370687,"district":"Chittagong","2018":358837.104452,"2013":344556.009197,"2017":355934.299427,"2016":353054.97658,"2015":350198.945953,"2025":373710.119964,"2019":361763.583164,"2012":341768.730784,"division":"Chittagong","upazila":"Rangunia","UpazilaID":147},"geometry":{"type":"Polygon","coordinates":[[[92.1013183,22.5759136],[92.080266,22.6096617],[92.0328565,22.6130419],[92.0064067,22.581626],[92.027385,22.5286815],[91.9808712,22.4832388],[91.9654263,22.4214052],[91.9820527,22.4129119],[92.0331243,22.3995369],[92.0795286,22.340489],[92.0973539,22.3068593],[92.15088,22.3123339],[92.1459368,22.347741],[92.1154164,22.413705],[92.1404368,22.448458],[92.1013183,22.5759136]]]}},{"type":"Feature","properties":{"2024":178612.132564,"2023":178612.132564,"DistrictID":121,"2020":180134.037102,"2014":183216.859855,"2021":179625.30016,"2022":179118,"district":"Naogaon","2018":181155.837619,"2013":183735.768856,"2017":181668.909368,"2016":182183.434244,"2015":182699.416364,"2025":178612.132564,"2019":180644.214895,"2012":184256.147516,"division":"Rajshahi","upazila":"Raninagar","UpazilaID":345},"geometry":{"type":"Polygon","coordinates":[[[89.1423672,24.7377373],[89.1071331,24.7153108],[89.0818464,24.7644394],[89.0453582,24.7889089],[88.9623885,24.7467217],[88.8505694,24.725985],[88.8465768,24.6994554],[88.9764157,24.6973076],[88.9933,24.671111],[89.0665269,24.6367877],[89.103488,24.6376408],[89.1379556,24.6840129],[89.1423672,24.7377373]]]}},{"type":"Feature","properties":{"2024":244292.433203,"2023":244292.433203,"DistrictID":141,"2020":238594.024226,"2014":227592.872027,"2021":240478.569531,"2022":242378,"district":"Thakurgaon","2018":234869.12342,"2013":225809.307365,"2017":233028.537356,"2016":231202.375312,"2015":229390.524252,"2025":244292.433203,"2019":236724.247434,"2012":224039.719868,"division":"Rangpur","upazila":"Ranishankail","UpazilaID":501},"geometry":{"type":"Polygon","coordinates":[[[88.3036811,26.0010839],[88.2443348,26.0172802],[88.231632,26.0580034],[88.1791026,26.0300866],[88.13478,25.9982137],[88.2005139,25.9367563],[88.1934383,25.8591133],[88.2403634,25.8095161],[88.2599898,25.8136915],[88.3056204,25.8639503],[88.3463288,25.9732798],[88.3036811,26.0010839]]]}},{"type":"Feature","properties":{"2024":301814.444608,"2023":301814.444608,"DistrictID":108,"2020":306938.842041,"2014":317450.129965,"2021":305221.114545,"2022":303513,"district":"Chittagong","2018":310403.352585,"2013":319236.680078,"2017":312150.244749,"2016":313906.968097,"2015":315673.577956,"2025":301814.444608,"2019":308666.236586,"2012":321033.284562,"division":"Chittagong","upazila":"Rauzan","UpazilaID":154},"geometry":{"type":"Polygon","coordinates":[[[91.9347214,22.6571111],[91.8443618,22.5620225],[91.8809086,22.4777724],[91.8715728,22.4371721],[91.9144129,22.4217176],[91.9654263,22.4214052],[91.9808712,22.4832388],[91.9347214,22.6571111]]]}},{"type":"Feature","properties":{"2024":227775.211303,"2023":227775.211303,"DistrictID":103,"2020":219494.99008,"2014":203826.627944,"2021":222221.066425,"2022":224981,"district":"Kurigram","2018":214142.752811,"2013":201326.203668,"2017":211515.776429,"2016":208921.026237,"2015":206358.106903,"2025":227775.211303,"2019":216802.355623,"2012":198856.453116,"division":"Rangpur","upazila":"Rowmari","UpazilaID":128},"geometry":{"type":"Polygon","coordinates":[[[89.8345796,25.442364],[89.882416,25.6173083],[89.8337196,25.7172237],[89.7749414,25.643714],[89.7978609,25.605978],[89.786066,25.5143418],[89.795154,25.4718396],[89.8345796,25.442364]]]}},{"type":"Feature","properties":{"2024":32275.69327,"2023":32275.69327,"DistrictID":111,"2020":30942.405832,"2014":28438.787407,"2021":31380.600147,"2022":31825,"district":"Bandarban","2018":30084.288411,"2013":28041.672154,"2017":29664.195612,"2016":29249.96893,"2015":28841.526452,"2025":32275.69327,"2019":30510.330401,"2012":27650.102163,"division":"Chittagong","upazila":"Rowangchari","UpazilaID":184},"geometry":{"type":"Polygon","coordinates":[[[92.2843424,22.0197067],[92.3106591,22.0430785],[92.3174447,22.1170396],[92.4186581,22.1594178],[92.486729,22.1987751],[92.4658506,22.2515079],[92.3600023,22.3413434],[92.2770254,22.3538573],[92.272158,22.2369188],[92.204743,22.1644754],[92.2843424,22.0197067]]]}},{"type":"Feature","properties":{"2024":369469.043607,"2023":369469.043607,"DistrictID":145,"2020":355775.654207,"2014":329892.59332,"2021":360282.777982,"2022":364847,"district":"Serajganj","2018":346929.853133,"2013":325765.649593,"2017":342589.773937,"2016":338303.988966,"2015":334071.819001,"2025":369469.043607,"2019":351324.914377,"2012":321690.333774,"division":"Rajshahi","upazila":"Raiganj","UpazilaID":529},"geometry":{"type":"Polygon","coordinates":[[[89.601785,24.5624269],[89.5288739,24.5616408],[89.4639322,24.544189],[89.3936274,24.5518257],[89.4461282,24.4666622],[89.4336602,24.4247554],[89.587192,24.4171026],[89.6202435,24.4455318],[89.601785,24.5624269]]]}},{"type":"Feature","properties":{"2024":311457.516247,"2023":311457.516247,"DistrictID":115,"2020":301957.23308,"2014":283817.179328,"2021":305091.351491,"2022":308258,"district":"Laksmipur","2018":295785.253293,"2013":280901.604558,"2017":292746.733834,"2016":289739.428239,"2015":286763.015856,"2025":311457.516247,"2019":298855.310594,"2012":278015.980674,"division":"Chittagong","upazila":"Raipur","UpazilaID":243},"geometry":{"type":"Polygon","coordinates":[[[90.7868995,23.0770448],[90.7316042,23.0422487],[90.6903761,23.0630733],[90.6624043,23.0504936],[90.6465493,22.9843681],[90.713785,22.8955241],[90.7249159,22.9034551],[90.7323256,22.9067492],[90.7551261,22.9696773],[90.7921195,22.9901924],[90.8316547,23.0460725],[90.7868995,23.0770448]]]}},{"type":"Feature","properties":{"2024":30644.99927,"2023":30644.99927,"DistrictID":111,"2020":30250.704718,"2014":29477.269937,"2021":30381.569299,"2022":30513,"district":"Bandarban","2018":29990.664174,"2013":29350.300506,"2017":29861.483365,"2016":29732.858986,"2015":29604.788638,"2025":30644.99927,"2019":30120.403819,"2012":29223.877979,"division":"Chittagong","upazila":"Ruma","UpazilaID":181},"geometry":{"type":"Polygon","coordinates":[[[92.5804971,21.8943765],[92.538112,21.988534],[92.5013926,22.1019233],[92.486729,22.1987751],[92.4186581,22.1594178],[92.3174447,22.1170396],[92.3106591,22.0430785],[92.2843424,22.0197067],[92.3047716,21.9670714],[92.3224719,21.8897678],[92.4098884,21.9327038],[92.4453733,21.852931],[92.5804971,21.8943765]]]}},{"type":"Feature","properties":{"2024":710770.09818,"2023":710770.09818,"DistrictID":140,"2020":662000.80208,"2014":574271.480758,"2021":677873.609713,"2022":694127,"district":"Narayangnj","2018":631361.497182,"2013":560824.577658,"2017":616577.797908,"2016":602140.267612,"2015":588040.800545,"2025":710770.09818,"2019":646499.665535,"2012":547692.541672,"division":"Dhaka","upazila":"Rupganj","UpazilaID":494},"geometry":{"type":"Polygon","coordinates":[[[90.5706679,23.8949893],[90.4712694,23.8473083],[90.4899304,23.7359875],[90.5127945,23.709569],[90.580773,23.7628786],[90.6076522,23.8343174],[90.6107173,23.8852011],[90.5706679,23.8949893]]]}},{"type":"Feature","properties":{"2024":184199.674175,"2023":184199.674175,"DistrictID":147,"2020":183018.186776,"2014":180677.898141,"2021":183411.171471,"2022":183805,"district":"Khulna","2018":182234.74166,"2013":180290.769875,"2017":181844.277634,"2016":181454.650233,"2015":181065.857665,"2025":184199.674175,"2019":182626.044107,"2012":179904.471087,"division":"Khulna","upazila":"Rupsa","UpazilaID":549},"geometry":{"type":"Polygon","coordinates":[[[89.6989297,22.8776012],[89.6239793,22.8365107],[89.5644068,22.8543017],[89.5552219,22.8522386],[89.5754847,22.7691426],[89.6085101,22.7608125],[89.6572451,22.7583657],[89.6801244,22.8164943],[89.708491,22.823335],[89.6989297,22.8776012]]]}},{"type":"Feature","properties":{"2024":292374.595829,"2023":292374.595829,"DistrictID":128,"2020":285131.457983,"2014":271179.050304,"2021":287525.676988,"2022":289940,"district":"Nilphamari","2018":280402.663763,"2013":268920.949244,"2017":278067.757907,"2016":275752.294754,"2015":273456.112403,"2025":292374.595829,"2019":282757.175578,"2012":266681.651334,"division":"Rangpur","upazila":"Saidpur","UpazilaID":395},"geometry":{"type":"Polygon","coordinates":[[[89.0084949,25.8159885],[88.957091,25.8639875],[88.8463023,25.8053631],[88.845054,25.803101],[88.8587083,25.7763264],[88.898008,25.735103],[88.9410692,25.7343293],[88.9519521,25.742474],[88.9453829,25.774766],[89.0084949,25.8159885]]]}},{"type":"Feature","properties":{"2024":310325.740504,"2023":310325.740504,"DistrictID":155,"2020":301822.391166,"2014":285508.318051,"2021":304630.631257,"2022":307465,"district":"Tangail","2018":296283.335693,"2013":282876.357169,"2017":293552.045218,"2016":290845.933168,"2015":288164.767435,"2025":310325.740504,"2019":299040.03886,"2012":280268.659041,"division":"Dhaka","upazila":"Shakhipur","UpazilaID":617},"geometry":{"type":"Polygon","coordinates":[[[90.2292512,24.4199333],[90.2054088,24.4311919],[90.105574,24.4233442],[90.0553914,24.3334486],[90.0562031,24.3027768],[90.1050948,24.2382808],[90.1156719,24.1826862],[90.2022502,24.2125943],[90.2483936,24.1916727],[90.2979212,24.2523361],[90.2904978,24.2777749],[90.2295593,24.3493766],[90.2292512,24.4199333]]]}},{"type":"Feature","properties":{"2024":149600.476193,"2023":149600.476193,"DistrictID":152,"2020":153875.127683,"2014":162794.349638,"2021":152436.841943,"2022":151012,"district":"Faridpur","2018":156792.539132,"2013":164330.361461,"2017":158271.922136,"2016":159765.263546,"2015":161272.695066,"2025":149600.476193,"2019":155326.984065,"2012":165880.866001,"division":"Dhaka","upazila":"Saltha","UpazilaID":587},"geometry":{"type":"Polygon","coordinates":[[[89.8382143,23.5024236],[89.7857971,23.4872759],[89.7553559,23.5049774],[89.7304954,23.4815237],[89.7899937,23.3130228],[89.7931644,23.3115016],[89.8836939,23.335636],[89.8378405,23.3672997],[89.8481592,23.4205136],[89.8382143,23.5024236]]]}},{"type":"Feature","properties":{"2024":436254.71268,"2023":436254.71268,"DistrictID":143,"2020":421538.227901,"2014":393577.835901,"2021":426387.719014,"2022":431293,"district":"Pabna","2018":412004.084421,"2013":389101.505715,"2017":407318.184577,"2016":402685.57949,"2015":398105.663014,"2025":436254.71268,"2019":416743.892139,"2012":384676.08676,"division":"Rajshahi","upazila":"Santhia","UpazilaID":517},"geometry":{"type":"Polygon","coordinates":[[[89.6115649,24.0969184],[89.5280753,24.146048],[89.4532616,24.1319016],[89.4172597,24.0977605],[89.4030614,24.0409895],[89.4088855,23.9945605],[89.4537147,23.9616669],[89.606914,23.9567964],[89.6222594,23.9868588],[89.6115649,24.0969184]]]}},{"type":"Feature","properties":{"2024":176165.024734,"2023":176165.024734,"DistrictID":121,"2020":172456.285525,"2014":165271.399619,"2021":173683.774326,"2022":174920,"district":"Naogaon","2018":170027.271993,"2013":164103.364246,"2017":168825.625074,"2016":167632.470648,"2015":166447.748695,"2025":176165.024734,"2019":171237.471851,"2012":162943.58382,"division":"Rajshahi","upazila":"Shapahar","UpazilaID":346},"geometry":{"type":"Polygon","coordinates":[[[88.5720827,25.1769332],[88.479954,25.2115113],[88.4418464,25.1859023],[88.4463294,25.0873107],[88.4797191,25.0628621],[88.5534463,25.0594962],[88.5420196,25.018153],[88.6228764,25.0298322],[88.5933265,25.1529436],[88.5720827,25.1769332]]]}},{"type":"Feature","properties":{"2024":357353.646864,"2023":357353.646864,"DistrictID":117,"2020":346316.330982,"2014":325253.874113,"2021":349957.028824,"2022":353636,"district":"Brahmanbaria","2018":339148.166774,"2013":321870.169887,"2017":335619.916454,"2016":332128.371479,"2015":328673.149993,"2025":357353.646864,"2019":342713.508308,"2012":318521.667253,"division":"Chittagong","upazila":"Sarail","UpazilaID":264},"geometry":{"type":"Polygon","coordinates":[[[91.2482231,24.0827146],[91.2122921,24.1097401],[91.1672396,24.0926346],[91.1390734,24.1405021],[91.0219487,24.1868276],[90.9858759,24.1567449],[91.0442312,24.1099256],[91.0429015,24.0678124],[91.0676963,24.0448279],[91.1547299,24.0508809],[91.1730263,24.0021643],[91.1771224,24.0262317],[91.2482231,24.0827146]]]}},{"type":"Feature","properties":{"2024":295693.39953,"2023":295693.39953,"DistrictID":156,"2020":289241.701071,"2014":276757.539217,"2021":291376.47261,"2022":293527,"district":"Bogra","2018":285018.964656,"2013":274729.873385,"2017":282930.77144,"2016":280857.877384,"2015":278800.170399,"2025":295693.39953,"2019":287122.56995,"2012":272717.06326,"division":"Rajshahi","upazila":"Sariakandi","UpazilaID":627},"geometry":{"type":"Polygon","coordinates":[[[89.6478348,25.0467389],[89.5908043,25.0449728],[89.5706587,24.9557021],[89.5254222,24.9202157],[89.5157182,24.8628608],[89.5359574,24.787097],[89.570218,24.7931311],[89.5941182,24.7452467],[89.6570905,24.7399315],[89.6795259,24.7838634],[89.7153356,24.7773463],[89.7303162,24.7983838],[89.6868002,24.826396],[89.6607921,24.8880723],[89.6726017,24.9753266],[89.6478348,25.0467389]]]}},{"type":"Feature","properties":{"2024":424379.776666,"2023":424379.776666,"DistrictID":108,"2020":414120.251127,"2014":394339.286464,"2021":417512.234009,"2022":420932,"district":"Chittagong","2018":407418.733651,"2013":391135.566907,"2017":404108.753109,"2016":400825.663749,"2015":397569.2471,"2025":424379.776666,"2019":410755.825635,"2012":387957.875238,"division":"Chittagong","upazila":"Satkania","UpazilaID":149},"geometry":{"type":"Polygon","coordinates":[[[92.1536005,22.1945297],[92.0550466,22.142773],[91.9834475,22.1637104],[91.9417844,22.1791458],[91.9408728,22.17684],[91.9568506,22.0688278],[91.9962791,22.014262],[92.0738933,22.0291063],[92.1089467,22.073987],[92.1644455,22.0671459],[92.1698547,22.1380359],[92.1536005,22.1945297]]]}},{"type":"Feature","properties":{"2024":182844.944493,"2023":182844.944493,"DistrictID":154,"2020":179938.646861,"2014":174263.903046,"2021":180902.243334,"2022":181871,"district":"Manikganj","2018":178026.824695,"2013":173335.666452,"2017":177078.544468,"2016":176135.315364,"2015":175197.110477,"2025":182844.944493,"2019":178980.183094,"2012":172412.374215,"division":"Dhaka","upazila":"Saturia","UpazilaID":599},"geometry":{"type":"Polygon","coordinates":[[[90.0075938,24.0113622],[89.947219,24.0256763],[89.9152413,23.9957846],[89.9409752,23.9286583],[89.9484463,23.9148227],[89.9945265,23.9210422],[90.0676312,23.8873256],[90.082853,23.9108997],[90.0075938,24.0113622]]]}},{"type":"Feature","properties":{"2024":279916.038446,"2023":279916.038446,"DistrictID":116,"2020":280657.576961,"2014":282146.552527,"2021":280410.179441,"2022":280163,"district":"Noakhali","2018":281153.027008,"2013":282395.481997,"2017":281401.07992,"2016":281649.351682,"2015":281897.842486,"2025":279916.038446,"2019":280905.192752,"2012":282644.63109,"division":"Chittagong","upazila":"Senbag","UpazilaID":253},"geometry":{"type":"Polygon","coordinates":[[[91.2589521,23.0546115],[91.1830387,23.0613758],[91.1459214,23.0811666],[91.1400224,23.074285],[91.1228098,23.0512982],[91.1948968,22.9855132],[91.2145445,22.9374291],[91.1771977,22.8840954],[91.2357679,22.8796402],[91.2586677,22.8875008],[91.2589521,23.0546115]]]}},{"type":"Feature","properties":{"2024":652583.687189,"2023":652583.687189,"DistrictID":145,"2020":628394.800765,"2014":582673.574682,"2021":636356.463874,"2022":644419,"district":"Serajganj","2018":612769.061167,"2013":575383.555695,"2017":605102.50774,"2016":597531.873062,"2015":590055.957061,"2025":652583.687189,"2019":620532.748617,"2012":568184.744511,"division":"Rajshahi","upazila":"Shahajadpur","UpazilaID":530},"geometry":{"type":"Polygon","coordinates":[[[89.6196934,24.2366627],[89.5705042,24.2549925],[89.5230173,24.2342612],[89.5156329,24.1973279],[89.5280753,24.146048],[89.6115649,24.0969184],[89.6845884,24.0583887],[89.7487457,24.108122],[89.7122065,24.1403271],[89.7302125,24.175168],[89.6950971,24.2281651],[89.6196934,24.2366627]]]}},{"type":"Feature","properties":{"2024":249119.46798,"2023":249119.46798,"DistrictID":119,"2020":243961.083333,"2014":233962.538143,"2021":245668.566332,"2022":247388,"district":"Chandpur","2018":240581.637674,"2013":232336.41616,"2017":238909.51062,"2016":237249.005437,"2015":235600.041349,"2025":249119.46798,"2019":242265.467942,"2012":230721.596297,"division":"Chittagong","upazila":"Shahrasti","UpazilaID":280},"geometry":{"type":"Polygon","coordinates":[[[91.014074,23.2484796],[90.9145077,23.2922076],[90.8943619,23.2377158],[90.9019685,23.162305],[90.9618452,23.131044],[90.980754,23.1331992],[91.0084276,23.141786],[91.0265055,23.2190627],[91.0300163,23.2294076],[91.014074,23.2484796]]]}},{"type":"Feature","properties":{"2024":379033.141734,"2023":379033.141734,"DistrictID":123,"2020":374610.034024,"2014":365918.061963,"2021":376078.638287,"2022":377553,"district":"Jhenaidah","2018":371690.008002,"2013":364489.135215,"2017":370238.54154,"2016":368792.743122,"2015":367352.590612,"2025":379033.141734,"2019":373147.164727,"2012":363065.78849,"division":"Khulna","upazila":"Shailkupa","UpazilaID":366},"geometry":{"type":"Polygon","coordinates":[[[89.2471535,23.7637645],[89.1678976,23.741037],[89.1184632,23.6938284],[89.1787086,23.5877181],[89.2395444,23.5707794],[89.3026152,23.5870163],[89.3231197,23.5651502],[89.3379261,23.5680355],[89.3664945,23.6641185],[89.2981584,23.7360223],[89.2471535,23.7637645]]]}},{"type":"Feature","properties":{"2024":347350.590823,"2023":347350.590823,"DistrictID":156,"2020":331972.51245,"2014":303228.691676,"2021":337021.363147,"2022":342147,"district":"Bogra","2018":322100.585487,"2013":298686.082339,"2017":317275.260023,"2016":312522.221811,"2015":307840.387928,"2025":347350.590823,"2019":326999.297592,"2012":294211.524938,"division":"Rajshahi","upazila":"Shajahanpur","UpazilaID":628},"geometry":{"type":"Polygon","coordinates":[[[89.4604699,24.7590437],[89.4301738,24.8383946],[89.3068983,24.8212231],[89.3156072,24.7751103],[89.2752791,24.718474],[89.3357907,24.6909981],[89.4230485,24.7252564],[89.4755948,24.7234128],[89.4604699,24.7590437]]]}},{"type":"Feature","properties":{"2024":175046.583752,"2023":175046.583752,"DistrictID":149,"2020":172127.213993,"2014":166433.727353,"2021":173094.886941,"2022":174068,"district":"Magura","2018":170208.066944,"2013":165503.293077,"2017":169256.532529,"2016":168310.317589,"2015":167369.392388,"2025":175046.583752,"2019":171164.950741,"2012":164578.060319,"division":"Khulna","upazila":"Shalikha","UpazilaID":562},"geometry":{"type":"Polygon","coordinates":[[[89.4901986,23.3171265],[89.4524395,23.3269737],[89.3254621,23.4323384],[89.2876351,23.4434136],[89.2560498,23.4337133],[89.2580757,23.3705014],[89.3367287,23.3035224],[89.4255749,23.258716],[89.4802933,23.2849159],[89.4804278,23.2995649],[89.4901986,23.3171265]]]}},{"type":"Feature","properties":{"2024":212175.361741,"2023":212175.361741,"DistrictID":148,"2020":211694.640029,"2014":210736.461623,"2021":211854.75946,"2022":212015,"district":"Shariatpur","2018":211374.76413,"2013":210577.1874,"2017":211215.007479,"2016":211055.371572,"2015":210895.856317,"2025":212175.361741,"2019":211534.641616,"2012":210418.033556,"division":"Dhaka","upazila":"Shariatpur Sadar","UpazilaID":552},"geometry":{"type":"Polygon","coordinates":[[[90.3937445,23.213942],[90.3127581,23.2993053],[90.2340604,23.2606293],[90.2885499,23.16708],[90.3537345,23.1342045],[90.3986088,23.1784142],[90.3937445,23.213942]]]}},{"type":"Feature","properties":{"2024":362695.605589,"2023":362695.605589,"DistrictID":125,"2020":357231.460611,"2014":346548.888647,"2021":359043.633885,"2022":360865,"district":"Jessore","2018":353634.507227,"2013":344799.779138,"2017":351849.635021,"2016":350073.771464,"2015":348306.871085,"2025":362695.605589,"2019":355428.43378,"2012":343059.497775,"division":"Khulna","upazila":"Sharsha","UpazilaID":375},"geometry":{"type":"Polygon","coordinates":[[[88.9896298,22.9454473],[89.0084566,23.022867],[88.9872576,23.202771],[88.9352823,23.1724965],[88.9308158,23.1433256],[88.8609891,23.0774463],[88.881646,23.0406097],[88.8549804,22.9591333],[88.9085851,22.9191597],[88.9879804,22.9177637],[88.9896298,22.9454473]]]}},{"type":"Feature","properties":{"2024":377232.751537,"2023":377232.751537,"DistrictID":156,"2020":365604.075831,"2014":343411.079991,"2021":369439.915511,"2022":373316,"district":"Bogra","2018":358051.463812,"2013":339845.493838,"2017":354333.868732,"2016":350654.872888,"2015":347014.075511,"2025":377232.751537,"2019":361808.063104,"2012":336316.928635,"division":"Rajshahi","upazila":"Sherpur","UpazilaID":629},"geometry":{"type":"Polygon","coordinates":[[[89.4755948,24.7234128],[89.4230485,24.7252564],[89.3357907,24.6909981],[89.3292811,24.5973581],[89.339034,24.5594648],[89.3936274,24.5518257],[89.4639322,24.544189],[89.5288739,24.5616408],[89.5001855,24.5991655],[89.4755948,24.7234128]]]}},{"type":"Feature","properties":{"2024":530037.212545,"2023":530037.212545,"DistrictID":100,"2020":521624.480444,"2014":505197.476682,"2021":524413.782552,"2022":527218,"district":"Sherpur","2018":516090.305336,"2013":502510.384096,"2017":513345.274933,"2016":510614.84506,"2015":507898.938058,"2025":530037.212545,"2019":518850.014342,"2012":499837.583876,"division":"Mymensingh","upazila":"Sherpur Sadar","UpazilaID":281},"geometry":{"type":"Polygon","coordinates":[[[90.0741885,25.0785682],[90.0457507,25.085695],[89.9852476,25.0551007],[89.9252202,25.0627686],[89.8825497,25.0357137],[89.8958593,24.9947138],[89.9034711,24.9637369],[89.9820966,24.9167669],[90.1163683,24.9057349],[90.1374466,24.9690061],[90.1317379,25.0329777],[90.0741885,25.0785682]]]}},{"type":"Feature","properties":{"2024":390119.648964,"2023":390119.648964,"DistrictID":156,"2020":387232.852038,"2014":381523.185042,"2021":388192.736324,"2022":389155,"district":"Bogra","2018":385320.198115,"2013":380579.792557,"2017":384367.416755,"2016":383416.991337,"2015":382468.916037,"2025":390119.648964,"2019":386275.341258,"2012":379638.732799,"division":"Rajshahi","upazila":"Shibganj","UpazilaID":630},"geometry":{"type":"Polygon","coordinates":[[[89.4525938,25.0555833],[89.4095896,25.0773651],[89.3602094,25.0663174],[89.3321066,25.1229208],[89.2800909,25.0876313],[89.2464386,25.0651491],[89.186346,24.9826738],[89.1853939,24.9433047],[89.209066,24.9170185],[89.2668765,24.9422316],[89.2715003,24.9609518],[89.3753242,24.9846046],[89.4408614,25.0248297],[89.4525938,25.0555833]]]}},{"type":"Feature","properties":{"2024":305604.347404,"2023":305604.347404,"DistrictID":124,"2020":308718.825797,"2014":315043.326974,"2021":307677.155511,"2022":306639,"district":"Satkhira","2018":310812.758329,"2013":316109.936134,"2017":311865.044496,"2016":312920.893278,"2015":313980.316737,"2025":305604.347404,"2019":309764.022756,"2012":317180.156401,"division":"Khulna","upazila":"Shyamnagar","UpazilaID":358},"geometry":{"type":"MultiPolygon","coordinates":[[[[89.1635044,22.4003275],[89.1353641,22.3653342],[89.0832755,22.3925981],[89.0050087,22.319856],[88.9974764,22.2831985],[89.0343238,22.2582002],[89.0765183,22.1905682],[89.0479021,22.0953692],[89.0938939,22.0503264],[89.1584365,22.079627],[89.2018745,22.002732],[89.2453826,22.0592127],[89.2639753,22.1365164],[89.3116469,22.1874847],[89.3056904,22.2144577],[89.2513215,22.3444132],[89.1635044,22.4003275]]],[[[89.1495549,22.0281135],[89.0820238,21.9218462],[89.1049138,21.8467172],[89.0990905,21.813724],[89.1675568,21.8030761],[89.2010887,21.9119641],[89.1540743,21.913689],[89.1312523,21.9491678],[89.162539,21.9932371],[89.1495549,22.0281135]]],[[[89.1853009,22.0219081],[89.1445626,21.9638953],[89.1494154,21.9284169],[89.2044387,21.9229238],[89.1938682,21.8300336],[89.2481283,21.8180034],[89.2737673,21.8556941],[89.2493029,21.9116136],[89.2130665,21.9331956],[89.1853009,22.0219081]]],[[[89.2613527,22.0807631],[89.221017,22.006312],[89.2174773,21.9594274],[89.2614532,21.9162901],[89.2887477,21.939501],[89.3056074,22.0006056],[89.2613527,22.0807631]]],[[[89.3009765,21.8380601],[89.359817,21.9000656],[89.3096514,21.9915882],[89.2903758,21.9389372],[89.3009765,21.8380601]]],[[[89.2120533,21.8217733],[89.1900701,21.7907482],[89.2186364,21.7522283],[89.284272,21.7668673],[89.2120533,21.8217733]]],[[[89.2757177,21.7555179],[89.2197432,21.7379932],[89.2365633,21.6959415],[89.2775149,21.7031171],[89.2757177,21.7555179]]]]}},{"type":"Feature","properties":{"2024":401508.286401,"2023":401508.286401,"DistrictID":132,"2020":391886.329044,"2014":373328.645509,"2021":395067.750772,"2022":398275,"district":"Natore","2018":385600.137824,"2013":370322.285556,"2017":382494.957373,"2016":379414.782477,"2015":376359.41177,"2025":401508.286401,"2019":388730.526832,"2012":367340.135373,"division":"Rajshahi","upazila":"Singra","UpazilaID":427},"geometry":{"type":"Polygon","coordinates":[[[89.3292811,24.5973581],[89.2581606,24.6257028],[89.2313556,24.5832451],[89.188592,24.6515764],[89.1379556,24.6840129],[89.103488,24.6376408],[89.1039155,24.5624627],[89.063471,24.5345144],[89.0399464,24.467646],[89.1070992,24.4084692],[89.165934,24.4034352],[89.2484157,24.4330569],[89.316421,24.5148565],[89.339034,24.5594648],[89.3292811,24.5973581]]]}},{"type":"Feature","properties":{"2024":437105.974807,"2023":437105.974807,"DistrictID":108,"2020":424229.599648,"2014":399603.621629,"2021":428479.01707,"2022":432771,"district":"Chittagong","2018":415856.776951,"2013":395640.574376,"2017":411732.539911,"2016":407649.204768,"2015":403606.365881,"2025":437105.974807,"2019":420022.325593,"2012":391716.830429,"division":"Chittagong","upazila":"Sitakunda","UpazilaID":155},"geometry":{"type":"Polygon","coordinates":[[[91.6847981,22.6339321],[91.6528701,22.699571],[91.5444555,22.6730598],[91.5848011,22.6157732],[91.7086956,22.4882291],[91.7481637,22.366739],[91.7951844,22.3920972],[91.771878,22.4592619],[91.7685619,22.4951405],[91.6847981,22.6339321]]]}},{"type":"Feature","properties":{"2024":283225.735132,"2023":283225.735132,"DistrictID":114,"2020":277908.160489,"2014":267570.649782,"2021":279669.498702,"2022":281442,"district":"Feni","2018":274418.692541,"2013":265885.509242,"2017":272690.423524,"2016":270973.03902,"2015":269266.470479,"2025":283225.735132,"2019":276157.915056,"2012":264210.981594,"division":"Chittagong","upazila":"Sonagazi","UpazilaID":235},"geometry":{"type":"MultiPolygon","coordinates":[[[[91.4735826,22.9017703],[91.3549846,22.9488183],[91.3301319,22.9087514],[91.3367726,22.8448489],[91.344531,22.789052],[91.3768165,22.7853324],[91.4071853,22.7654011],[91.424125,22.7573895],[91.405324,22.8084249],[91.4653328,22.8548801],[91.4735826,22.9017703]]],[[[91.4473329,22.7845202],[91.4655444,22.8483172],[91.4199535,22.8075823],[91.4473329,22.7845202]]]]}},{"type":"Feature","properties":{"2024":363127.531978,"2023":363127.531978,"DistrictID":116,"2020":353790.132764,"2014":335829.461296,"2021":356875.611822,"2022":359988,"district":"Noakhali","2018":347698.973414,"2013":332925.943275,"2017":344692.833836,"2016":341712.684773,"2015":338758.301515,"2025":363127.531978,"2019":350731.330174,"2012":330047.528523,"division":"Chittagong","upazila":"Sonaimuri","UpazilaID":254},"geometry":{"type":"Polygon","coordinates":[[[91.1400224,23.074285],[91.0794356,23.0716018],[91.0393819,23.1005725],[90.9972174,23.0664934],[90.9990966,22.9778458],[91.0466701,22.9911688],[91.1948968,22.9855132],[91.1228098,23.0512982],[91.1400224,23.074285]]]}},{"type":"Feature","properties":{"2024":524765.734198,"2023":524765.734198,"DistrictID":140,"2020":490440.390472,"2014":428378.583603,"2021":501625.1578,"2022":513065,"district":"Narayangnj","2018":468813.457567,"2013":418826.999693,"2017":458360.29476,"2016":448140.206773,"2015":438147.996723,"2025":524765.734198,"2019":479505.010597,"2012":409488.388044,"division":"Dhaka","upazila":"Sonargaon","UpazilaID":495},"geometry":{"type":"Polygon","coordinates":[[[90.580773,23.7628786],[90.5127945,23.709569],[90.5125249,23.7091683],[90.5248988,23.6863915],[90.57408,23.6883458],[90.5416869,23.5628529],[90.5649229,23.5343926],[90.5579202,23.5803774],[90.6299502,23.6208192],[90.6644823,23.6732667],[90.6606481,23.7179038],[90.580773,23.7628786]]]}},{"type":"Feature","properties":{"2024":201191.466412,"2023":201191.466412,"DistrictID":156,"2020":197487.038504,"2014":190281.549605,"2021":198714.206492,"2022":199949,"district":"Bogra","2018":195055.39101,"2013":189106.457846,"2017":193850.818191,"2016":192653.684263,"2015":191463.943286,"2025":201191.466412,"2019":196267.448943,"2012":187938.622916,"division":"Rajshahi","upazila":"Sonatola","UpazilaID":631},"geometry":{"type":"Polygon","coordinates":[[[89.5302532,25.0462844],[89.4525938,25.0555833],[89.4408614,25.0248297],[89.4632312,24.9481995],[89.5254222,24.9202157],[89.5706587,24.9557021],[89.5908043,25.0449728],[89.5302532,25.0462844]]]}},{"type":"Feature","properties":{"2024":266549.024615,"2023":266549.024615,"DistrictID":100,"2020":264806.760644,"2014":261356.32253,"2021":265386.246268,"2022":265967,"district":"Sherpur","2018":263651.582651,"2013":260785.636469,"2017":263075.884762,"2016":262501.443941,"2015":261928.257443,"2025":266549.024615,"2019":264228.54036,"2012":260216.196533,"division":"Mymensingh","upazila":"Sreebardi","UpazilaID":122},"geometry":{"type":"Polygon","coordinates":[[[90.0114508,25.275498],[89.9482017,25.2936637],[89.9060099,25.2659881],[89.8862665,25.182662],[89.8964756,25.1105538],[89.9252202,25.0627686],[89.9852476,25.0551007],[90.0457507,25.085695],[89.9698026,25.231539],[90.0114508,25.275498]]]}},{"type":"Feature","properties":{"2024":353144.12994,"2023":353144.12994,"DistrictID":107,"2020":344016.528539,"2014":326462.982465,"2021":347032.543471,"2022":350075,"district":"Moulvibazar","2018":338062.906257,"2013":323625.734926,"2017":335124.84528,"2016":332212.318612,"2015":329325.104336,"2025":353144.12994,"2019":341026.725401,"2012":320813.145538,"division":"Sylhet","upazila":"Sreemongal","UpazilaID":146},"geometry":{"type":"Polygon","coordinates":[[[91.6451871,24.1739966],[91.7597381,24.142321],[91.7449745,24.2470862],[91.783291,24.2250624],[91.7935841,24.2948351],[91.7684593,24.3071125],[91.7977814,24.3772999],[91.7873834,24.4027831],[91.6564106,24.4179189],[91.6118482,24.4717383],[91.6103826,24.4378438],[91.6027031,24.3651518],[91.6296153,24.3442764],[91.6144316,24.2827598],[91.6451871,24.1739966]]]}},{"type":"Feature","properties":{"2024":170146.772877,"2023":170146.772877,"DistrictID":149,"2020":169290.893365,"2014":167592.028529,"2021":169575.707098,"2022":169861,"district":"Magura","2018":168722.700185,"2013":167310.546516,"2017":168439.319134,"2016":168156.41404,"2015":167873.984104,"2025":170146.772877,"2019":169006.557995,"2012":167029.537271,"division":"Khulna","upazila":"Sreepur","UpazilaID":563},"geometry":{"type":"Polygon","coordinates":[[[89.4394833,23.6554988],[89.3808712,23.6727224],[89.3664945,23.6641185],[89.3379261,23.5680355],[89.5097984,23.5257363],[89.49732,23.5790614],[89.4821249,23.6199059],[89.4394833,23.6554988]]]}},{"type":"Feature","properties":{"2024":383072.529749,"2023":383072.529749,"DistrictID":116,"2020":357172.611933,"2014":310507.739598,"2021":365605.260865,"2022":374237,"district":"Noakhali","2018":340886.322612,"2013":303345.909507,"2017":333023.813529,"2016":325342.652436,"2015":317838.656558,"2025":383072.529749,"2019":348934.46121,"2012":296349.266314,"division":"Chittagong","upazila":"Subarnachar","UpazilaID":255},"geometry":{"type":"MultiPolygon","coordinates":[[[[91.1720743,22.7063822],[91.073121,22.721946],[90.9814602,22.7485942],[90.9809465,22.7153205],[91.0161251,22.677648],[90.9884835,22.6399766],[91.0165243,22.5792531],[91.159952,22.5857878],[91.1635619,22.5205442],[91.2271206,22.5259373],[91.2880226,22.6186167],[91.2821397,22.6429523],[91.2037295,22.6724166],[91.1720743,22.7063822]]],[[[91.339191,22.5300966],[91.332589,22.5648834],[91.3322081,22.5656611],[91.3111155,22.6028103],[91.2655046,22.5220073],[91.289592,22.4856818],[91.339191,22.5300966]]]]}},{"type":"Feature","properties":{"2024":297050.732648,"2023":297050.732648,"DistrictID":143,"2020":292194.244022,"2014":282718.165181,"2021":293804.18675,"2022":295423,"district":"Pabna","2018":289000.775972,"2013":281168.969919,"2017":287417.154231,"2016":285842.210176,"2015":284275.896256,"2025":297050.732648,"2019":290593.12321,"2012":279628.263698,"division":"Rajshahi","upazila":"Sujanagar","UpazilaID":518},"geometry":{"type":"Polygon","coordinates":[[[89.606914,23.9567964],[89.4537147,23.9616669],[89.4088855,23.9945605],[89.4077992,23.9485232],[89.3796127,23.9088192],[89.490088,23.8307749],[89.5298957,23.8162819],[89.6432855,23.8109259],[89.6175193,23.8382658],[89.606914,23.9567964]]]}},{"type":"Feature","properties":{"2024":348944.765322,"2023":348944.765322,"DistrictID":106,"2020":329971.142299,"2014":295062.831243,"2021":336178.191112,"2022":342502,"district":"Sunamganj","2018":317898.741467,"2013":289614.918663,"2017":312029.196511,"2016":306268.024296,"2015":300613.223874,"2025":348944.765322,"2019":323878.697752,"2012":284267.593986,"division":"Sylhet","upazila":"Sunamgonj-Sadar","UpazilaID":139},"geometry":{"type":"Polygon","coordinates":[[[91.5179278,25.1474748],[91.4664294,25.1344054],[91.3884776,25.1678271],[91.389175,25.1128522],[91.3637191,25.0566175],[91.3049137,25.0595512],[91.2664826,25.0316408],[91.3125826,24.9858212],[91.3532262,24.9610807],[91.4668768,25.0150576],[91.4709697,25.0709558],[91.5179278,25.1474748]]]}},{"type":"Feature","properties":{"2024":1369899.562604,"2023":1369899.562604,"DistrictID":104,"2020":1208283.004735,"2014":940001.500148,"2021":1259917.244796,"2022":1313758,"district":"Sylhet","2018":1111276.064185,"2013":901478.126238,"2017":1065733.473742,"2016":1022057.321001,"2015":980171.115152,"2025":1369899.562604,"2019":1158764.851868,"2012":864533.526764,"division":"Sylhet","upazila":"Sylhet sadar","UpazilaID":323},"geometry":{"type":"Polygon","coordinates":[[[91.8090227,25.0113547],[91.7396871,25.0044166],[91.7038395,24.9763825],[91.690654,24.936936],[91.7328304,24.9048452],[91.8029684,24.8894245],[91.9270834,24.8667825],[92.0093091,24.9199583],[91.9536297,24.9565694],[91.9266713,24.9987531],[91.8359872,24.9849649],[91.8090227,25.0113547]]]}},{"type":"Feature","properties":{"2024":302203.872214,"2023":302203.872214,"DistrictID":106,"2020":277610.306319,"2014":234264.621379,"2021":285577.33194,"2022":293773,"district":"Sunamganj","2018":262336.845708,"2013":227729.115818,"2017":255018.182294,"2016":247903.694675,"2015":240987.686763,"2025":302203.872214,"2019":269865.544477,"2012":221375.937545,"division":"Sylhet","upazila":"Tahirpur","UpazilaID":140},"geometry":{"type":"Polygon","coordinates":[[[91.2866461,25.1855786],[91.2597269,25.2011361],[91.0711467,25.1983568],[91.0846292,25.1437179],[91.0260202,25.1168065],[91.0957635,25.0677695],[91.1282838,25.0302682],[91.2204847,25.0646887],[91.2591699,25.0798092],[91.2866461,25.1855786]]]}},{"type":"Feature","properties":{"2024":606222.327691,"2023":606222.327691,"DistrictID":155,"2020":583720.636729,"2014":541191.898952,"2021":591126.83377,"2022":598627,"district":"Tangail","2018":569185.455624,"2013":534411.334086,"2017":562054.160957,"2016":555012.213906,"2015":548058.49504,"2025":606222.327691,"2019":576407.231542,"2012":527715.72256,"division":"Dhaka","upazila":"Tangail Sadar","UpazilaID":606},"geometry":{"type":"Polygon","coordinates":[[[89.9687004,24.2930661],[89.896987,24.3377083],[89.8175788,24.357667],[89.762892,24.341129],[89.7902887,24.2689125],[89.7981412,24.1721271],[89.8519174,24.1502672],[89.8974285,24.2091789],[89.9487396,24.2262743],[89.9737421,24.197169],[89.985965,24.2443414],[89.9687004,24.2930661]]]}},{"type":"Feature","properties":{"2024":203409.072625,"2023":203409.072625,"DistrictID":126,"2020":200319.62924,"2014":194280.800204,"2021":201344.194472,"2022":202374,"district":"Rajshahi","2018":198286.113131,"2013":193292.177941,"2017":197277.109329,"2016":196273.23997,"2015":195274.478927,"2025":203409.072625,"2019":199300.277636,"2012":192308.586406,"division":"Rajshahi","upazila":"Tanore","UpazilaID":389},"geometry":{"type":"Polygon","coordinates":[[[88.5055698,24.7186309],[88.4347482,24.66632],[88.4194869,24.6331072],[88.3968991,24.6039754],[88.5504445,24.5312182],[88.5400647,24.4933103],[88.577504,24.4978033],[88.5931108,24.6092358],[88.6313463,24.6259293],[88.6245294,24.6954693],[88.5935224,24.6984349],[88.5055698,24.7186309]]]}},{"type":"Feature","properties":{"2024":226778.476952,"2023":226778.476952,"DistrictID":145,"2020":218995.812757,"2014":204222.583028,"2021":221559.895768,"2022":224154,"district":"Serajganj","2018":213956.324693,"2013":201859.142417,"2017":211480.236792,"2016":209032.804325,"2015":206613.695666,"2025":226778.476952,"2019":216461.403536,"2012":199523.053587,"division":"Rajshahi","upazila":"Tarash","UpazilaID":531},"geometry":{"type":"Polygon","coordinates":[[[89.3936274,24.5518257],[89.339034,24.5594648],[89.316421,24.5148565],[89.2484157,24.4330569],[89.2852891,24.4202874],[89.3186407,24.3530658],[89.3750268,24.338306],[89.3962038,24.3378126],[89.4313182,24.3679881],[89.4336602,24.4247554],[89.4461282,24.4666622],[89.3936274,24.5518257]]]}},{"type":"Feature","properties":{"2024":128047.674194,"2023":128047.674194,"DistrictID":137,"2020":127769.852781,"2014":127216.01699,"2021":127862.392878,"2022":127955,"district":"Bhola","2018":127584.973465,"2013":127123.944706,"2017":127492.634149,"2016":127400.361663,"2015":127308.15596,"2025":128047.674194,"2019":127677.379659,"2012":127031.939058,"division":"Barisal","upazila":"Tajumuddin","UpazilaID":473},"geometry":{"type":"MultiPolygon","coordinates":[[[[90.8257999,22.4663846],[90.7647093,22.4042027],[90.7687607,22.3740781],[90.8363703,22.3438928],[90.8644663,22.4109404],[90.8257999,22.4663846]]],[[[90.8744244,22.5700663],[90.8409085,22.5699973],[90.9339274,22.4937305],[90.9321133,22.4970166],[90.8937507,22.5602803],[90.8744244,22.5700663]]],[[[90.9897802,22.3909604],[90.9722779,22.4205983],[90.9495573,22.3880066],[90.9897802,22.3909604]]]]}},{"type":"Feature","properties":{"2024":349037.175775,"2023":349037.175775,"DistrictID":112,"2020":325622.652706,"2014":283400.399509,"2021":333247.552621,"2022":341051,"district":"Coxs Bazar","2018":310892.247656,"2013":276916.031761,"2017":303778.850261,"2016":296828.21158,"2015":290036.607599,"2025":349037.175775,"2019":318172.214984,"2012":270580.03016,"division":"Chittagong","upazila":"Teknaf","UpazilaID":188},"geometry":{"type":"Polygon","coordinates":[[[92.2025642,21.1488685],[92.1214598,21.1582018],[92.0863397,21.136351],[92.1282424,21.0792157],[92.1882021,21.0048632],[92.2247819,20.9124741],[92.3023059,20.7822569],[92.335065,20.7916037],[92.2992731,20.8893858],[92.2701351,20.9194868],[92.2512334,21.025599],[92.2650194,21.0622389],[92.2069978,21.1188999],[92.2025642,21.1488685]]]}},{"type":"Feature","properties":{"2024":146388.568375,"2023":146388.568375,"DistrictID":129,"2020":140848.264776,"2014":130388.766139,"2021":142671.333942,"2022":144518,"district":"Panchagarh","2018":137271.714876,"2013":128722.644903,"2017":135517.642604,"2016":133785.984051,"2015":132076.452811,"2025":146388.568375,"2019":139048.490977,"2012":127077.813538,"division":"Rangpur","upazila":"Tetulia","UpazilaID":401},"geometry":{"type":"Polygon","coordinates":[[[88.5229386,26.4869686],[88.4843135,26.5398926],[88.4312388,26.550157],[88.41513,26.6332612],[88.3796341,26.5982519],[88.3459291,26.5053434],[88.3606673,26.4848506],[88.4809164,26.460865],[88.5071159,26.4069632],[88.5229386,26.4869686]]]}},{"type":"Feature","properties":{"2024":117565.624923,"2023":117565.624923,"DistrictID":147,"2020":117350.881036,"2014":116922.56929,"2021":117422.418713,"2022":117494,"district":"Khulna","2018":117207.936404,"2013":116851.336138,"2017":117136.529397,"2016":117065.165893,"2015":116993.845866,"2025":117565.624923,"2019":117279.386942,"2012":116780.146383,"division":"Khulna","upazila":"Terokhada","UpazilaID":550},"geometry":{"type":"Polygon","coordinates":[[[89.7491627,22.9639069],[89.6703381,22.9764586],[89.6124221,22.9559674],[89.5721756,22.9189754],[89.5644068,22.8543017],[89.6239793,22.8365107],[89.6989297,22.8776012],[89.7193404,22.884385],[89.7491627,22.9639069]]]}},{"type":"Feature","properties":{"2024":651743.683225,"2023":651743.683225,"DistrictID":141,"2020":633350.427629,"2014":598106.528779,"2021":639423.100895,"2022":645554,"district":"Thakurgaon","2018":621377.55196,"2013":592426.243656,"2017":615476.259306,"2016":609631.011895,"2015":603841.277456,"2025":651743.683225,"2019":627335.427226,"2012":586799.904841,"division":"Rangpur","upazila":"Thakurgaon Sadar","UpazilaID":497},"geometry":{"type":"Polygon","coordinates":[[[88.5563472,26.1797355],[88.4987315,26.2034821],[88.3689235,26.180108],[88.3357715,26.1365521],[88.3036811,26.0010839],[88.3463288,25.9732798],[88.4168651,25.962543],[88.4562636,25.9138282],[88.5016814,25.918697],[88.5381542,25.9624397],[88.5462239,26.0193813],[88.5875699,26.019806],[88.6267572,26.0559311],[88.646531,26.082674],[88.6225989,26.1291074],[88.5563472,26.1797355]]]}},{"type":"Feature","properties":{"2024":33178.669823,"2023":33178.669823,"DistrictID":111,"2020":30467.078784,"2014":25690.615282,"2021":31345.379623,"2022":32249,"district":"Bandarban","2018":28783.617775,"2013":24970.761536,"2017":27977.097773,"2016":27193.176546,"2015":26431.220875,"2025":33178.669823,"2019":29613.388027,"2012":24271.078167,"division":"Chittagong","upazila":"Thanchi","UpazilaID":182},"geometry":{"type":"Polygon","coordinates":[[[92.5804971,21.8943765],[92.4453733,21.852931],[92.4098884,21.9327038],[92.3224719,21.8897678],[92.3623066,21.8354511],[92.4709664,21.6205574],[92.5025874,21.572665],[92.4891888,21.5328313],[92.5281901,21.3797444],[92.5550809,21.3843447],[92.5946062,21.2457998],[92.6802574,21.2856187],[92.651109,21.358568],[92.6243615,21.4749297],[92.6016156,21.7037996],[92.6139087,21.8519074],[92.5804971,21.8943765]]]}},{"type":"Feature","properties":{"2024":457032.29818,"2023":457032.29818,"DistrictID":101,"2020":447294.395356,"2014":428436.619986,"2021":450517.088155,"2022":453763,"district":"Mymensingh","2018":440918.003709,"2013":425371.875837,"2017":437763.976231,"2016":434632.510519,"2015":431523.445183,"2025":457032.29818,"2019":444094.755509,"2012":422329.054782,"division":"Mymensingh","upazila":"Trishal","UpazilaID":334},"geometry":{"type":"Polygon","coordinates":[[[90.4625431,24.6365348],[90.3448281,24.6749083],[90.3579432,24.6067605],[90.32261,24.5651382],[90.3335363,24.5186011],[90.2934714,24.4724048],[90.3646378,24.4553188],[90.4065013,24.4788055],[90.4558448,24.4602165],[90.4438648,24.5076241],[90.4695776,24.5449933],[90.5448939,24.5154712],[90.5131432,24.5689653],[90.4995685,24.6225842],[90.4625431,24.6365348]]]}},{"type":"Feature","properties":{"2024":96903.668286,"2023":96903.668286,"DistrictID":153,"2020":97885.963981,"2014":99880.52839,"2021":97557.430665,"2022":97230,"district":"Gopalganj","2018":98546.353435,"2013":100216.884945,"2017":98878.217037,"2016":99211.198219,"2015":99545.300745,"2025":96903.668286,"2019":98215.603663,"2012":100554.37421,"division":"Dhaka","upazila":"Tungipara","UpazilaID":592},"geometry":{"type":"Polygon","coordinates":[[[89.9207731,22.995219],[89.886411,22.9577693],[89.8336815,22.9613153],[89.8379941,22.9168221],[89.8486715,22.8908339],[89.9198826,22.8808104],[89.9437802,22.8564936],[89.9698797,22.8586303],[89.9253937,22.9438847],[89.9207731,22.995219]]]}},{"type":"Feature","properties":{"2024":278415.0809,"2023":278415.0809,"DistrictID":112,"2020":258648.97458,"2014":223227.024796,"2021":265076.621056,"2022":271664,"district":"Coxs Bazar","2018":246257.480017,"2013":217814.158156,"2017":240286.164941,"2016":234459.643858,"2015":228774.405765,"2025":278415.0809,"2019":252377.187339,"2012":212532.544106,"division":"Chittagong","upazila":"Ukhiya","UpazilaID":187},"geometry":{"type":"Polygon","coordinates":[[[92.1763995,21.184348],[92.1927396,21.2657044],[92.143118,21.3487652],[92.0741531,21.2935561],[92.0427578,21.3030263],[92.0461774,21.1845728],[92.1282424,21.0792157],[92.0863397,21.136351],[92.1214598,21.1582018],[92.2025642,21.1488685],[92.1763995,21.184348]]]}},{"type":"Feature","properties":{"2024":418360.175527,"2023":418360.175527,"DistrictID":103,"2020":412447.722187,"2014":400872.30695,"2021":414409.197007,"2022":416380,"district":"Kurigram","2018":408552.580665,"2013":398974.904716,"2017":406618.826285,"2016":404694.22472,"2015":402778.732647,"2025":418360.175527,"2019":410495.531387,"2012":397086.483235,"division":"Rangpur","upazila":"Ulipur","UpazilaID":297},"geometry":{"type":"Polygon","coordinates":[[[89.8337196,25.7172237],[89.8412721,25.759094],[89.8172197,25.8168893],[89.7922008,25.7732916],[89.7171648,25.7842818],[89.6696632,25.7478394],[89.6204512,25.7622822],[89.5724002,25.7175437],[89.5082539,25.7172979],[89.5358905,25.6489942],[89.535995,25.590928],[89.5850746,25.5579935],[89.6281227,25.5619375],[89.6522746,25.6249168],[89.6846099,25.6586669],[89.7413744,25.6251987],[89.7749414,25.643714],[89.8337196,25.7172237]]]}},{"type":"Feature","properties":{"2024":637856.298679,"2023":637856.298679,"DistrictID":145,"2020":611888.001866,"2014":563080.017615,"2021":620424.45488,"2022":629080,"district":"Serajganj","2018":595165.840318,"2013":555332.569758,"2017":586976.921922,"2016":578900.675289,"2015":570935.550163,"2025":637856.298679,"2019":603469.002361,"2012":547691.719446,"division":"Rajshahi","upazila":"Ullapara","UpazilaID":532},"geometry":{"type":"Polygon","coordinates":[[[89.587192,24.4171026],[89.4336602,24.4247554],[89.4313182,24.3679881],[89.3962038,24.3378126],[89.4254502,24.3070542],[89.4513543,24.2290715],[89.5156329,24.1973279],[89.5230173,24.2342612],[89.5705042,24.2549925],[89.6196934,24.2366627],[89.6324661,24.30197],[89.587192,24.4171026]]]}},{"type":"Feature","properties":{"2024":214632.48548,"2023":214632.48548,"DistrictID":135,"2020":219543.009074,"2014":229703.666579,"2021":217893.810177,"2022":216257,"district":"Barisal","2018":222878.948812,"2013":231442.252146,"2017":224565.879323,"2016":226265.577906,"2015":227978.141201,"2025":214632.48548,"2019":221204.69046,"2012":233193.996754,"division":"Barisal","upazila":"Wazirpur","UpazilaID":462},"geometry":{"type":"Polygon","coordinates":[[[90.0570126,22.9322008],[90.0183725,22.8710433],[90.0347498,22.8656802],[90.0837599,22.8304746],[90.1182961,22.8623365],[90.2193107,22.8232906],[90.1988488,22.7851633],[90.2446809,22.7545106],[90.2614053,22.8159988],[90.2992221,22.8853177],[90.2453429,22.8922998],[90.2220411,22.9184321],[90.1969749,22.9044461],[90.0570126,22.9322008]]]}},{"type":"Feature","properties":{"2024":278016.380088,"2023":278016.380088,"DistrictID":104,"2020":267179.183656,"2014":246755.639503,"2021":270743.812692,"2022":274356,"district":"Sylhet","2018":260190.104023,"2013":243506.840172,"2017":256764.425739,"2016":253383.850137,"2015":250047.783394,"2025":278016.380088,"2019":263661.486737,"2012":240300.814726,"division":"Sylhet","upazila":"Zakiganj","UpazilaID":324},"geometry":{"type":"Polygon","coordinates":[[[92.4143361,24.9903151],[92.3310186,24.9793414],[92.265081,24.9877363],[92.2075581,24.9435532],[92.232326,24.9003018],[92.306686,24.9105048],[92.385088,24.8541028],[92.4919088,24.8779632],[92.4879055,24.944798],[92.4194323,24.9675672],[92.4143361,24.9903151]]]}},{"type":"Feature","properties":{"2024":201538.613027,"2023":201538.613027,"DistrictID":148,"2020":199631.819263,"2014":195872.182627,"2021":200265.404206,"2022":200901,"district":"Shariatpur","2018":198370.656504,"2013":195252.496635,"2017":197743.066025,"2016":197117.46107,"2015":196493.835358,"2025":201538.613027,"2019":199000.23881,"2012":194634.77116,"division":"Dhaka","upazila":"Zajira","UpazilaID":558},"geometry":{"type":"Polygon","coordinates":[[[90.3954515,23.4114661],[90.2813847,23.4465064],[90.2217183,23.3986627],[90.2471677,23.3431589],[90.2301792,23.2699617],[90.2340604,23.2606293],[90.3127581,23.2993053],[90.3925288,23.3296552],[90.4164683,23.4021415],[90.3954515,23.4114661]]]}},{"type":"Feature","properties":{"2024":322590.416503,"2023":322590.416503,"DistrictID":0,"2020":287667.15827,"2014":228753.594493,"2021":298866.572198,"2022":310502,"district":"Dhaka","2018":266511.629385,"2013":220181.521098,"2017":256524.650808,"2016":246911.91384,"2015":237659.394542,"2025":322590.416503,"2019":276887.419489,"2012":211930.668633,"division":"Dhaka","upazila":"Dhaka metropolitan","UpazilaID":0},"geometry":{"type":"Polygon","coordinates":[[[90.4615669,23.8833709],[90.3518847,23.8819143],[90.3370716,23.8321397],[90.3420805,23.7483485],[90.4489639,23.6681065],[90.5125249,23.7091683],[90.5127945,23.709569],[90.4899304,23.7359875],[90.4712694,23.8473083],[90.4615669,23.8833709]]]}},{"type":"Feature","properties":{"2024":140587.829845,"2023":140587.829845,"DistrictID":138,"2020":139839.671393,"2014":138355.277602,"2021":140088.614112,"2022":140338,"district":"Joypurhat","2018":139343.11231,"2013":138109.415087,"2017":139095.494375,"2016":138848.316466,"2015":138601.577802,"2025":140587.829845,"2019":139591.171054,"2012":137863.989478,"division":"Rajshahi","upazila":"Akkelpur","UpazilaID":0},"geometry":{"type":"Polygon","coordinates":[[[89.0383203,25.0218512],[89.016529,25.0472908],[88.9999248,24.9095937],[88.9900275,24.8594428],[89.0852398,24.8730732],[89.1033055,24.9708831],[89.0640459,24.9808526],[89.0383203,25.0218512]]]}},{"type":"Feature","properties":{"2024":151535.768436,"2023":151535.768436,"DistrictID":129,"2020":146851.574575,"2014":137913.097017,"2021":148396.65906,"2022":149958,"district":"Panchagarh","2018":143809.499695,"2013":136477.165859,"2017":142312.176048,"2016":140830.442318,"2015":139364.136184,"2025":151535.768436,"2019":145322.577286,"2012":135056.185408,"division":"Rangpur","upazila":"Atwari","UpazilaID":0},"geometry":{"type":"Polygon","coordinates":[[[88.4800067,26.3532518],[88.3794282,26.3096261],[88.3494366,26.2814482],[88.3478148,26.2219847],[88.3213947,26.2043744],[88.3689235,26.180108],[88.4987315,26.2034821],[88.5563472,26.1797355],[88.5499764,26.2226753],[88.4783491,26.230575],[88.4757336,26.2773438],[88.4349994,26.3202944],[88.4800067,26.3532518]]]}},{"type":"Feature","properties":{"2024":152391.004761,"2023":152391.004761,"DistrictID":0,"2020":152423.992858,"2014":152489.990476,"2021":152412.996032,"2022":152402,"district":"Kishoreganj","2018":152445.988889,"2013":152500.992857,"2017":152456.988096,"2016":152467.988095,"2015":152478.988889,"2025":152391.004761,"2019":152434.990477,"2012":152511.996031,"division":"Dhaka","upazila":"Austagram","UpazilaID":0},"geometry":{"type":"Polygon","coordinates":[[[91.2171054,24.432476],[91.1546689,24.3827414],[91.0724699,24.3597292],[91.0439933,24.3732283],[91.0171663,24.2924352],[91.0504101,24.2542188],[91.0428306,24.2129944],[91.0851033,24.2411208],[91.1735579,24.2651986],[91.1701763,24.3151433],[91.2337694,24.3154436],[91.2406941,24.3766453],[91.2171054,24.432476]]]}},{"type":"Feature","properties":{"2024":262321.420448,"2023":262321.420448,"DistrictID":0,"2020":263332.455233,"2014":265366.229962,"2021":262995.01141,"2022":262658,"district":"Bagerhat","2018":264008.642338,"2013":265706.71625,"2017":264347.386732,"2016":264686.565761,"2015":265026.179985,"2025":262321.420448,"2019":263670.332024,"2012":266047.639409,"division":"Khulna","upazila":"Bagerhat Sadar","UpazilaID":0},"geometry":{"type":"Polygon","coordinates":[[[89.7792253,22.7851229],[89.7077261,22.7195104],[89.6404314,22.7112211],[89.6468268,22.6805141],[89.6627071,22.6535198],[89.7238341,22.6426152],[89.7149613,22.5876322],[89.7852287,22.5719262],[89.8236494,22.5949483],[89.8614596,22.6725252],[89.8380574,22.7467235],[89.7792253,22.7851229]]]}},{"type":"Feature","properties":{"2024":287776.734219,"2023":287776.734219,"DistrictID":0,"2020":277474.963089,"2014":257964.561219,"2021":280867.245298,"2022":284301,"district":"Kishoreganj","2018":270812.818602,"2013":254848.894988,"2017":267541.972599,"2016":264310.631498,"2015":261118.318162,"2025":287776.734219,"2019":274123.652474,"2012":251770.859414,"division":"Dhaka","upazila":"Bajitpur","UpazilaID":0},"geometry":{"type":"Polygon","coordinates":[[[91.0428306,24.2129944],[91.0504101,24.2542188],[91.0171663,24.2924352],[91.0025037,24.2640615],[90.9132957,24.2530656],[90.8854015,24.2729228],[90.8346187,24.2113876],[90.9004424,24.2009275],[90.9616182,24.1555964],[90.9858759,24.1567449],[91.0219487,24.1868276],[91.0428306,24.2129944]]]}},{"type":"Feature","properties":{"2024":352058.508519,"2023":352058.508519,"DistrictID":108,"2020":327210.620682,"2014":282652.275071,"2021":335292.013892,"2022":343573,"district":"Chittagong","2018":311627.486116,"2013":275839.633905,"2017":304116.468419,"2016":296786.485416,"2015":289633.17371,"2025":352058.508519,"2019":319324.009673,"2012":269191.194778,"division":"Chittagong","upazila":"Chattogram Metropolitan","UpazilaID":0},"geometry":{"type":"Polygon","coordinates":[[[91.8801764,22.4291733],[91.8189675,22.4159022],[91.8171418,22.4669181],[91.771878,22.4592619],[91.7951844,22.3920972],[91.7481637,22.366739],[91.7656122,22.2722586],[91.8001479,22.2259486],[91.8313319,22.2646756],[91.8023579,22.2754177],[91.7937164,22.2943428],[91.8149269,22.3182884],[91.8648557,22.3379362],[91.8908497,22.4062849],[91.8801764,22.4291733]]]}},{"type":"Feature","properties":{"2024":127939,"2023":127939,"DistrictID":108,"2020":127891,"2014":127796,"2021":127907,"2022":127923,"district":"Chittagong","2018":127859,"2013":127779.7361,"2017":127843,"2016":127827,"2015":127811,"2025":127939,"2019":127875,"2012":127763.8671,"division":"Chittagong","upazila":"Karnaphuli","UpazilaID":633},"geometry":{"type":"Polygon","coordinates":[[[91.8826433,22.2616238],[91.8695898,22.3288178],[91.8044809,22.3028459],[91.8018385,22.2809875],[91.8280651,22.2740516],[91.8379449,22.2535833],[91.8826433,22.2616238]]]}},{"type":"Feature","properties":{"2024":264961.25419,"2023":264961.25419,"DistrictID":0,"2020":252617.304857,"2014":229627.845221,"2021":256666.697057,"2022":260781,"district":"Jamalpur","2018":244709.172498,"2013":226005.040954,"2017":240848.43238,"2016":237048.602583,"2015":233308.722134,"2025":264961.25419,"2019":248631.799314,"2012":222439.39313,"division":"Mymensingh","upazila":"Bakshiganj","UpazilaID":0},"geometry":{"type":"Polygon","coordinates":[[[89.9482017,25.2936637],[89.8344736,25.2948464],[89.7987823,25.295477],[89.7910209,25.1837068],[89.8079207,25.1405895],[89.8471149,25.1409896],[89.8964756,25.1105538],[89.8862665,25.182662],[89.9060099,25.2659881],[89.9482017,25.2936637]]]}},{"type":"Feature","properties":{"2024":0,"2023":0,"DistrictID":104,"2020":0,"2014":0,"2021":0,"2022":0,"district":"Sylhet","2018":0,"2013":0,"2017":0,"2016":0,"2015":0,"2025":0,"2019":0,"2012":0,"division":"Sylhet","upazila":"Osmaninagar","UpazilaID":0},"geometry":{"type":"Polygon","coordinates":[[[91.7885597,24.7971366],[91.7118111,24.7406451],[91.6731257,24.7494834],[91.649134,24.6750057],[91.6609217,24.6259059],[91.6928696,24.6042174],[91.748536,24.637903],[91.7561235,24.7052268],[91.8248088,24.7009446],[91.8280887,24.7699928],[91.7885597,24.7971366]]]}},{"type":"Feature","properties":{"2024":433669.221129,"2023":433669.221129,"DistrictID":104,"2020":313790.474413,"2014":164286.571859,"2021":349525.906327,"2022":389331,"district":"Sylhet","2018":252906.81151,"2013":147489.958226,"2017":227049.689106,"2016":203836.191739,"2015":182996.035918,"2025":433669.221129,"2019":281708.623166,"2012":132410.625723,"division":"Sylhet","upazila":"Balaganj","UpazilaID":0},"geometry":{"type":"Polygon","coordinates":[[[91.8903168,24.7552072],[91.8280887,24.7699928],[91.8248088,24.7009446],[91.7561235,24.7052268],[91.748536,24.637903],[91.6928696,24.6042174],[91.7365506,24.5978198],[91.8244087,24.652285],[91.9032285,24.663645],[91.9170957,24.7157884],[91.8903168,24.7552072]]]}},{"type":"Feature","properties":{"2024":221907.64472,"2023":221907.64472,"DistrictID":151,"2020":218105.633307,"2014":210695.917467,"2021":219365.676881,"2022":220633,"district":"Rajbari","2018":215607.217779,"2013":209485.673273,"2017":214368.762917,"2016":213137.421779,"2015":211913.153505,"2025":221907.64472,"2019":216852.827465,"2012":208282.380761,"division":"Dhaka","upazila":"Balia Kandi","UpazilaID":0},"geometry":{"type":"Polygon","coordinates":[[[89.5876801,23.732552],[89.5322988,23.7358533],[89.4394833,23.6554988],[89.4821249,23.6199059],[89.49732,23.5790614],[89.5648139,23.6040269],[89.6462729,23.5907921],[89.666452,23.6087819],[89.6107243,23.6578271],[89.5876801,23.732552]]]}},{"type":"Feature","properties":{"2024":217943.404281,"2023":217943.404281,"DistrictID":141,"2020":211979.434742,"2014":200536.637497,"2021":213949.066836,"2022":215937,"district":"Thakurgaon","2018":208094.401393,"2013":198690.481292,"2017":206178.667814,"2016":204280.570631,"2015":202399.947481,"2025":217943.404281,"2019":210027.935238,"2012":196861.320949,"division":"Rangpur","upazila":"Baliadangi","UpazilaID":0},"geometry":{"type":"Polygon","coordinates":[[[88.3213947,26.2043744],[88.2480737,26.1904459],[88.1839439,26.1535579],[88.1588097,26.0972954],[88.1791026,26.0300866],[88.231632,26.0580034],[88.2443348,26.0172802],[88.3036811,26.0010839],[88.3357715,26.1365521],[88.3689235,26.180108],[88.3213947,26.2043744]]]}},{"type":"Feature","properties":{"2024":88052.721681,"2023":88052.721681,"DistrictID":134,"2020":85849.197632,"2014":81606.199488,"2021":86577.509456,"2022":87312,"district":"Barguna","2018":84410.902671,"2013":80919.707576,"2017":83700.816889,"2016":82996.704527,"2015":82298.515336,"2025":88052.721681,"2019":85127.01255,"2012":80238.990607,"division":"Barisal","upazila":"Bamna","UpazilaID":0},"geometry":{"type":"Polygon","coordinates":[[[90.0942972,22.3454972],[90.0508571,22.3369121],[90.0239862,22.2931064],[90.0188795,22.2308689],[89.9919486,22.2047609],[90.0197683,22.1875468],[90.0246843,22.1896102],[90.0725474,22.2177697],[90.1077236,22.2994456],[90.0942972,22.3454972]]]}},{"type":"Feature","properties":{"2024":306727.153031,"2023":306727.153031,"DistrictID":117,"2020":304631.484918,"2014":300483.005897,"2021":305328.445179,"2022":306027,"district":"Brahmanbaria","2018":303242.333531,"2013":299797.106115,"2017":302550.13515,"2016":301859.51682,"2015":301170.474935,"2025":306727.153031,"2019":303936.11558,"2012":299112.772007,"division":"Chittagong","upazila":"Banchharampur","UpazilaID":0},"geometry":{"type":"Polygon","coordinates":[[[90.8359073,23.865152],[90.7666551,23.864209],[90.7657706,23.8019156],[90.7346131,23.7628361],[90.7411442,23.6926205],[90.8003937,23.7464673],[90.8833653,23.7266548],[90.8848009,23.7529284],[90.860702,23.8360644],[90.8359073,23.865152]]]}},{"type":"Feature","properties":{"2024":150361.721427,"2023":150361.721427,"DistrictID":155,"2020":152684.415396,"2014":157437.996158,"2021":151906.224585,"2022":151132,"district":"Tangail","2018":154252.777075,"2013":158244.525332,"2017":155042.988892,"2016":155837.248835,"2015":156635.577642,"2025":150361.721427,"2019":153466.592752,"2012":159055.186224,"division":"Dhaka","upazila":"Basail","UpazilaID":0},"geometry":{"type":"Polygon","coordinates":[[[90.0562031,24.3027768],[89.9687004,24.2930661],[89.985965,24.2443414],[89.9737421,24.197169],[90.023602,24.1671703],[90.1156719,24.1826862],[90.1050948,24.2382808],[90.0562031,24.3027768]]]}},{"type":"Feature","properties":{"2024":286435.485223,"2023":286435.485223,"DistrictID":0,"2020":290796.981379,"2014":299720.219832,"2021":289335.819755,"2022":287882,"district":"Patuakhali","2018":293741.478729,"2013":301233.823241,"2017":295224.88917,"2016":296715.790915,"2015":298214.221795,"2025":286435.485223,"2019":292265.521949,"2012":302755.07043,"division":"Barisal","upazila":"Bauphal","UpazilaID":0},"geometry":{"type":"MultiPolygon","coordinates":[[[[90.5393714,22.5633412],[90.4567268,22.5352152],[90.4272202,22.4604457],[90.4149726,22.4249984],[90.4570861,22.335317],[90.484186,22.3437915],[90.5878703,22.3524903],[90.615732,22.324496],[90.630836,22.3119932],[90.643347,22.3139214],[90.6607181,22.3558487],[90.6582396,22.3660275],[90.6323495,22.4629843],[90.6175403,22.4758052],[90.5915063,22.5293278],[90.5393714,22.5633412]]],[[[90.5752228,22.5704566],[90.5746763,22.5711993],[90.5577438,22.5882739],[90.5862341,22.5473577],[90.5826875,22.5588203],[90.5752228,22.5704566]]],[[[90.554346,22.5926399],[90.5467786,22.5925385],[90.5571564,22.5890221],[90.554346,22.5926399]]],[[[90.6618406,22.4096658],[90.6626492,22.4166614],[90.660878,22.4077218],[90.6618406,22.4096658]]]]}},{"type":"Feature","properties":{"2024":299935.591833,"2023":299935.591833,"DistrictID":104,"2020":287617.406209,"2014":264477.960708,"2021":291666.205566,"2022":295772,"district":"Sylhet","2018":279687.638973,"2013":260806.578227,"2017":275805.121523,"2016":271976.499703,"2015":268201.025356,"2025":299935.591833,"2019":283624.810745,"2012":257186.160482,"division":"Sylhet","upazila":"Beani Bazar","UpazilaID":0},"geometry":{"type":"Polygon","coordinates":[[[92.2075581,24.9435532],[92.1052245,24.8945061],[92.065228,24.9001579],[92.1032396,24.8469143],[92.0801461,24.7662439],[92.1699919,24.7724783],[92.2507778,24.8362263],[92.232326,24.9003018],[92.2075581,24.9435532]]]}},{"type":"Feature","properties":{"2024":108087.754496,"2023":108087.754496,"DistrictID":134,"2020":110284.20328,"2014":114811.90981,"2021":109547.13862,"2022":108815,"district":"Barguna","2018":111773.243516,"2013":115584.397365,"2017":112525.286049,"2016":113282.388542,"2015":114044.585037,"2025":108087.754496,"2019":111026.227123,"2012":116362.082438,"division":"Barisal","upazila":"Betagi","UpazilaID":0},"geometry":{"type":"Polygon","coordinates":[[[90.2303529,22.4532887],[90.1904879,22.4795271],[90.1880916,22.4801739],[90.176962,22.4383753],[90.0942972,22.3454972],[90.1077236,22.2994456],[90.0725474,22.2177697],[90.1587384,22.2492827],[90.1457142,22.3124725],[90.1783906,22.3398876],[90.1876652,22.395128],[90.2303529,22.4532887]]]}},{"type":"Feature","properties":{"2024":353883.352783,"2023":353883.352783,"DistrictID":0,"2020":339087.428632,"2014":311325.576154,"2021":343949.358465,"2022":348881,"district":"Kishoreganj","2018":329568.776334,"2013":306924.802989,"2017":324910.124627,"2016":320317.325748,"2015":315789.448827,"2025":353883.352783,"2019":334294.225084,"2012":302586.237385,"division":"Dhaka","upazila":"Bhairab","UpazilaID":0},"geometry":{"type":"Polygon","coordinates":[[[90.9858759,24.1567449],[90.9616182,24.1555964],[90.9421013,24.104898],[90.8941636,24.0942392],[90.9473437,24.0813336],[90.9650751,24.050521],[90.9859915,24.030601],[91.0429015,24.0678124],[91.0442312,24.1099256],[90.9858759,24.1567449]]]}},{"type":"Feature","properties":{"2024":607957.229106,"2023":607957.229106,"DistrictID":101,"2020":557638.375082,"2014":469150.199339,"2021":573930.684423,"2022":590699,"district":"Mymensingh","2018":526428.108672,"2013":455832.319005,"2017":511484.266453,"2016":496964.638703,"2015":482857.183142,"2025":607957.229106,"2019":541808.559472,"2012":442892.496566,"division":"Mymensingh","upazila":"Bhaluka","UpazilaID":325},"geometry":{"type":"Polygon","coordinates":[[[90.2934714,24.4724048],[90.2190666,24.4485064],[90.2292512,24.4199333],[90.2295593,24.3493766],[90.2904978,24.2777749],[90.3244153,24.2990092],[90.4038949,24.2842802],[90.436608,24.3385156],[90.4962754,24.3151093],[90.4994135,24.3521269],[90.4558448,24.4602165],[90.4065013,24.4788055],[90.3646378,24.4553188],[90.2934714,24.4724048]]]}},{"type":"Feature","properties":{"2024":258059.623617,"2023":258059.623617,"DistrictID":148,"2020":256844.664468,"2014":254431.879527,"2021":257249.013951,"2022":257654,"district":"Shariatpur","2018":256037.871198,"2013":254031.958075,"2017":255635.425415,"2016":255233.612204,"2015":254832.430573,"2025":258059.623617,"2019":256440.95055,"2012":253632.665229,"division":"Dhaka","upazila":"Bhedarganj","UpazilaID":0},"geometry":{"type":"MultiPolygon","coordinates":[[[[90.5717186,23.1524247],[90.6077635,23.2135333],[90.5456415,23.2834582],[90.5021066,23.3018693],[90.4833691,23.2494194],[90.4239879,23.2079981],[90.3937445,23.213942],[90.3986088,23.1784142],[90.4863083,23.1568395],[90.5640524,23.1465142],[90.5669094,23.1490676],[90.5717186,23.1524247]]],[[[90.5386889,23.3793492],[90.5092355,23.3967993],[90.5058376,23.3335561],[90.5906737,23.3359458],[90.5386889,23.3793492]]]]}},{"type":"Feature","properties":{"2024":112034.135612,"2023":112034.135612,"DistrictID":0,"2020":109783.963828,"2014":105418.294615,"2021":110528.954174,"2022":111279,"district":"Nawabganj","2018":108309.013505,"2013":104707.751279,"2017":107578.986065,"2016":106853.879177,"2015":106133.659674,"2025":112034.135612,"2019":109043.994887,"2012":104001.997168,"division":"Rajshahi","upazila":"Bholahat","UpazilaID":0},"geometry":{"type":"Polygon","coordinates":[[[88.2590285,24.8781412],[88.2590594,24.9263355],[88.2249853,24.9600901],[88.1701502,24.95049],[88.1403066,24.9141565],[88.174152,24.8625691],[88.2119665,24.848466],[88.2336928,24.8058709],[88.2590285,24.8781412]]]}},{"type":"Feature","properties":{"2024":317160.716883,"2023":317160.716883,"DistrictID":117,"2020":300986.573442,"2014":271070.705922,"2021":306284.165894,"2022":311675,"district":"Brahmanbaria","2018":290664.690439,"2013":266382.177145,"2017":285637.257612,"2016":280696.780929,"2015":275841.756368,"2025":317160.716883,"2019":295780.609905,"2012":261774.742716,"division":"Chittagong","upazila":"Bijoynagar","UpazilaID":0},"geometry":{"type":"Polygon","coordinates":[[[91.3031427,23.9970769],[91.3116098,24.0392684],[91.2676464,24.0936925],[91.2482231,24.0827146],[91.1771224,24.0262317],[91.1730263,24.0021643],[91.1502286,23.9498112],[91.2079212,23.9038465],[91.2450681,23.9085012],[91.3031427,23.9970769]]]}},{"type":"Feature","properties":{"2024":248357.601827,"2023":248357.601827,"DistrictID":126,"2020":241260.493191,"2014":227668.904952,"2021":243603.370768,"2022":245969,"district":"Rajshahi","2018":236642.119839,"2013":225479.278549,"2017":234366.192726,"2016":232112.154549,"2015":229879.794789,"2025":248357.601827,"2019":238940.148452,"2012":223310.711077,"division":"Rajshahi","upazila":"Rajshahi Metropolitan","UpazilaID":0},"geometry":{"type":"Polygon","coordinates":[[[88.5896472,24.4060366],[88.549211,24.3619112],[88.6505713,24.3507143],[88.6561872,24.3884328],[88.5896472,24.4060366]]]}},{"type":"Feature","properties":{"2024":271512.001894,"2023":271512.001894,"DistrictID":152,"2020":267719.78979,"2014":260293.523452,"2021":268977.938561,"2022":270242,"district":"Faridpur","2018":265221.119756,"2013":259075.996177,"2017":263980.543567,"2016":262745.770195,"2015":261516.772495,"2025":271512.001894,"2019":266467.526031,"2012":257864.163906,"division":"Dhaka","upazila":"Boalmari","UpazilaID":0},"geometry":{"type":"Polygon","coordinates":[[[89.7553559,23.5049774],[89.7428941,23.5232173],[89.7157509,23.5026406],[89.623857,23.4937467],[89.6071898,23.4587],[89.617595,23.3868245],[89.674202,23.3518544],[89.733115,23.29128],[89.7899937,23.3130228],[89.7304954,23.4815237],[89.7553559,23.5049774]]]}},{"type":"Feature","properties":{"2024":261486.668814,"2023":261486.668814,"DistrictID":129,"2020":253814.936449,"2014":239140.108778,"2021":256346.83986,"2022":258904,"district":"Panchagarh","2018":248825.904445,"2013":236778.153945,"2017":246368.284306,"2016":243934.937751,"2015":241525.625035,"2025":261486.668814,"2019":251308.040308,"2012":234439.527824,"division":"Rangpur","upazila":"Boda","UpazilaID":0},"geometry":{"type":"Polygon","coordinates":[[[88.6855989,26.29036],[88.6383663,26.3207294],[88.5979808,26.3185075],[88.4757336,26.2773438],[88.4783491,26.230575],[88.5499764,26.2226753],[88.5563472,26.1797355],[88.6225989,26.1291074],[88.646531,26.082674],[88.6637255,26.1098774],[88.6532091,26.1778793],[88.7030444,26.2119352],[88.7441358,26.3030685],[88.6855989,26.29036]]]}},{"type":"Feature","properties":{"2024":665222.480629,"2023":665222.480629,"DistrictID":156,"2020":635771.671111,"2014":580723.877204,"2021":645440.80898,"2022":655257,"district":"Bogra","2018":616865.776004,"2013":572024.242544,"2017":607624.711367,"2016":598522.0841,"2015":589555.820318,"2025":665222.480629,"2019":626247.383437,"2012":563454.934268,"division":"Rajshahi","upazila":"Bogra Sadar","UpazilaID":0},"geometry":{"type":"Polygon","coordinates":[[[89.4301738,24.8383946],[89.4031782,24.9483086],[89.3753242,24.9846046],[89.2715003,24.9609518],[89.2668765,24.9422316],[89.3188448,24.8676202],[89.3068983,24.8212231],[89.4301738,24.8383946]]]}},{"type":"Feature","properties":{"2024":225067.087396,"2023":225067.087396,"DistrictID":126,"2020":220351.152467,"2014":211213.657597,"2021":221912.047798,"2022":223484,"district":"Rajshahi","2018":217262.221876,"2013":209728.013103,"2017":215734.032708,"2016":214216.592588,"2015":212709.82591,"2025":225067.087396,"2019":218801.236235,"2012":208252.818405,"division":"Rajshahi","upazila":"Charghat","UpazilaID":0},"geometry":{"type":"Polygon","coordinates":[[[88.8467188,24.3386318],[88.7550142,24.3629041],[88.7046245,24.3565506],[88.6754424,24.3151813],[88.7247405,24.297878],[88.7353653,24.225708],[88.8192772,24.2268436],[88.8611823,24.3040905],[88.8467188,24.3386318]]]}},{"type":"Feature","properties":{"2024":242551.864696,"2023":242551.864696,"DistrictID":116,"2020":240192.959267,"2014":235543.748945,"2021":240976.700972,"2022":241763,"district":"Noakhali","2018":238633.114584,"2013":234777.677127,"2017":237856.995054,"2016":237083.399739,"2015":236312.32043,"2025":242551.864696,"2019":239411.766568,"2012":234014.096847,"division":"Chittagong","upazila":"Chatkhil","UpazilaID":0},"geometry":{"type":"Polygon","coordinates":[[[91.0393819,23.1005725],[90.980754,23.1331992],[90.9618452,23.131044],[90.9442111,23.0872891],[90.9008007,23.0618905],[90.8871552,23.0248228],[90.9371506,22.9899678],[90.9988301,22.9774269],[90.9990966,22.9778458],[90.9972174,23.0664934],[91.0393819,23.1005725]]]}},{"type":"Feature","properties":{"2024":126497.851483,"2023":126497.851483,"DistrictID":103,"2020":125573.557427,"2014":123745.180852,"2021":125880.902595,"2022":126189,"district":"Kurigram","2018":124961.116459,"2013":123443.050166,"2017":124656.016999,"2016":124351.662456,"2015":124048.051012,"2025":126497.851483,"2019":125266.962659,"2012":123141.657149,"division":"Rangpur","upazila":"Chilmary","UpazilaID":292},"geometry":{"type":"Polygon","coordinates":[[[89.7749414,25.643714],[89.7413744,25.6251987],[89.6846099,25.6586669],[89.6522746,25.6249168],[89.6281227,25.5619375],[89.67532,25.5349924],[89.7062099,25.4595888],[89.7397206,25.4637005],[89.786066,25.5143418],[89.7978609,25.605978],[89.7749414,25.643714]]]}},{"type":"Feature","properties":{"2024":311043.168396,"2023":311043.168396,"DistrictID":130,"2020":306299.979658,"2014":297029.490036,"2021":307872.950915,"2022":309454,"district":"Dinajpur","2018":303178.105756,"2013":295511.919723,"2017":301629.1212,"2016":300088.05065,"2015":298554.853671,"2025":311043.168396,"2019":304735.044958,"2012":294002.102916,"division":"Rangpur","upazila":"Chirirbandar","UpazilaID":0},"geometry":{"type":"Polygon","coordinates":[[[88.8587083,25.7763264],[88.845054,25.803101],[88.7645102,25.7792578],[88.7186571,25.7831572],[88.7462161,25.7297962],[88.699578,25.6087966],[88.7433361,25.5828748],[88.7633103,25.5254324],[88.8048872,25.5233056],[88.8380825,25.5283135],[88.8201498,25.6555805],[88.8401765,25.7105401],[88.8792026,25.7444684],[88.8587083,25.7763264]]]}},{"type":"Feature","properties":{"2024":129821.746439,"2023":129821.746439,"DistrictID":0,"2020":132012.718354,"2014":136506.215824,"2021":131278.316396,"2022":130548,"district":"Bagerhat","2018":133493.870509,"2013":137269.863889,"2017":134240.666801,"2016":134991.640848,"2015":135746.816022,"2025":129821.746439,"2019":132751.22873,"2012":138037.783981,"division":"Khulna","upazila":"Chitalmari","UpazilaID":0},"geometry":{"type":"Polygon","coordinates":[[[89.9437802,22.8564936],[89.9198826,22.8808104],[89.8486715,22.8908339],[89.8149258,22.8204337],[89.7641332,22.8196504],[89.7792253,22.7851229],[89.8380574,22.7467235],[89.9128417,22.7262671],[89.9053772,22.7743534],[89.9437802,22.8564936]]]}},{"type":"Feature","properties":{"2024":138055.427421,"2023":138055.427421,"DistrictID":147,"2020":141490.243888,"2014":148618.37753,"2021":140335.913212,"2022":139191,"district":"Khulna","2018":143827.468124,"2013":149840.835476,"2017":145010.518526,"2016":146203.300089,"2015":147405.892856,"2025":138055.427421,"2019":142654.069492,"2012":151073.34873,"division":"Khulna","upazila":"Dacope","UpazilaID":0},"geometry":{"type":"Polygon","coordinates":[[[89.5323675,22.6091006],[89.4915108,22.647609],[89.4550245,22.6366981],[89.4019381,22.5767668],[89.4229516,22.4766748],[89.4344438,22.4136635],[89.4336128,22.3571174],[89.4947747,22.2659703],[89.4760713,22.2327938],[89.5333671,22.0588073],[89.5804148,22.1352861],[89.5451992,22.1859733],[89.5863962,22.2885763],[89.6288232,22.3659067],[89.5551425,22.5719038],[89.5323675,22.6091006]]]}},{"type":"Feature","properties":{"2024":278094.990561,"2023":278094.990561,"DistrictID":114,"2020":271972.507076,"2014":260128.946669,"2021":273998.209631,"2022":276039,"district":"Feni","2018":267965.920053,"2013":258205.781286,"2017":265984.814959,"2016":264018.35642,"2015":262066.436151,"2025":278094.990561,"2019":269961.780791,"2012":256296.834102,"division":"Chittagong","upazila":"Daganbhuiyan","UpazilaID":0},"geometry":{"type":"Polygon","coordinates":[[[91.2857647,23.0544267],[91.2589521,23.0546115],[91.2586677,22.8875008],[91.3301319,22.9087514],[91.3549846,22.9488183],[91.3664461,22.9862972],[91.3146293,23.0491829],[91.2857647,23.0544267]]]}},{"type":"Feature","properties":{"2024":124190.034895,"2023":124190.034895,"DistrictID":0,"2020":123989.038742,"2014":123588.021821,"2021":124056.001289,"2022":124123,"district":"Patuakhali","2018":123855.222064,"2013":123521.311879,"2017":123788.367893,"2016":123721.549809,"2015":123654.767791,"2025":124190.034895,"2019":123922.11234,"2012":123454.637945,"division":"Barisal","upazila":"Dashmina","UpazilaID":0},"geometry":{"type":"MultiPolygon","coordinates":[[[[90.615732,22.324496],[90.5878703,22.3524903],[90.484186,22.3437915],[90.4742639,22.2414453],[90.492811,22.1763989],[90.582002,22.2542405],[90.615732,22.324496]]],[[[90.5833466,22.1408801],[90.5855508,22.1847846],[90.5278799,22.1238464],[90.5833466,22.1408801]]]]}},{"type":"Feature","properties":{"2024":153894.692401,"2023":153894.692401,"DistrictID":137,"2020":157438.473722,"2014":164772.726771,"2021":156248.237765,"2022":155067,"district":"Bhola","2018":159846.214914,"2013":166027.898842,"2017":161063.858807,"2016":162290.77822,"2015":163527.04381,"2025":153894.692401,"2019":158637.776416,"2012":167292.632307,"division":"Barisal","upazila":"Daulatkhan","UpazilaID":0},"geometry":{"type":"Polygon","coordinates":[[[90.6990957,22.6672008],[90.6603925,22.642668],[90.6728039,22.5429126],[90.7139388,22.5633598],[90.7622395,22.5431408],[90.759256,22.5925944],[90.6990957,22.6672008]]]}},{"type":"Feature","properties":{"2024":178025.924819,"2023":178025.924819,"DistrictID":154,"2020":158706.450382,"2014":126129.662596,"2021":164901.321388,"2022":171338,"district":"Manikganj","2018":147006.136368,"2013":121391.331919,"2017":141483.536281,"2016":136168.404483,"2015":131052.946986,"2025":178025.924819,"2019":152744.302962,"2012":116831.006773,"division":"Dhaka","upazila":"Daulatpur","UpazilaID":0},"geometry":{"type":"Polygon","coordinates":[[[89.9152413,23.9957846],[89.8626084,23.965842],[89.7646522,23.9798926],[89.7852048,24.0352473],[89.7215755,24.0135251],[89.6914189,23.9757925],[89.69716,23.9152139],[89.8189985,23.8958052],[89.8504877,23.9359651],[89.9409752,23.9286583],[89.9152413,23.9957846]]]}},{"type":"Feature","properties":{"2024":99696.454207,"2023":99696.454207,"DistrictID":147,"2020":102740.559116,"2014":109110.450638,"2021":101715.66764,"2022":100701,"district":"Khulna","2018":104821.426673,"2013":110209.852267,"2017":105877.611911,"2016":106944.439317,"2015":108022.016122,"2025":99696.454207,"2019":103775.777442,"2012":111320.331515,"division":"Khulna","upazila":"Khulna Metropolitan","UpazilaID":0},"geometry":{"type":"Polygon","coordinates":[[[89.5145447,22.9275818],[89.4852926,22.9493762],[89.4645461,22.9230161],[89.5368524,22.8062181],[89.5754847,22.7691426],[89.5552219,22.8522386],[89.5278869,22.8697544],[89.5145447,22.9275818]]]}},{"type":"Feature","properties":{"2024":287563.900562,"2023":287563.900562,"DistrictID":106,"2020":275905.400515,"2014":253987.224596,"2021":279738.079845,"2022":283624,"district":"Sunamganj","2018":268396.856518,"2013":250507.35662,"2017":264719.562798,"2016":261092.65152,"2015":257515.432396,"2025":287563.900562,"2019":272125.232558,"2012":247075.166163,"division":"Sylhet","upazila":"Derai","UpazilaID":0},"geometry":{"type":"Polygon","coordinates":[[[91.2823235,24.8847281],[91.2498871,24.882643],[91.1715879,24.8203484],[91.1702685,24.7892295],[91.2065602,24.808215],[91.2301569,24.7473537],[91.2754786,24.7687331],[91.3410328,24.7409406],[91.3800566,24.6953262],[91.407262,24.6731307],[91.4545567,24.6668819],[91.4520521,24.7376092],[91.4668707,24.7783895],[91.4490334,24.8380119],[91.3616852,24.8441529],[91.3159261,24.8890153],[91.2823235,24.8847281]]]}},{"type":"Feature","properties":{"2024":281372.010109,"2023":281372.010109,"DistrictID":0,"2020":275373.124358,"2014":263756.317015,"2021":277358.405812,"2022":279358,"district":"Jamalpur","2018":271445.090596,"2013":261868.39686,"2017":269502.135586,"2016":267573.087898,"2015":265657.847986,"2025":281372.010109,"2019":273402.053191,"2012":259993.990097,"division":"Mymensingh","upazila":"Dewanganj","UpazilaID":0},"geometry":{"type":"Polygon","coordinates":[[[89.8256201,25.4152186],[89.744416,25.3739898],[89.732732,25.3383544],[89.7478714,25.2350838],[89.7012143,25.2321527],[89.6659032,25.1609215],[89.8079207,25.1405895],[89.7910209,25.1837068],[89.7987823,25.295477],[89.8344736,25.2948464],[89.8256201,25.4152186]]]}},{"type":"Feature","properties":{"2024":474927.633982,"2023":474927.633982,"DistrictID":0,"2020":458463.729511,"2014":427228.354925,"2021":463887.284843,"2022":469375,"district":"Dhaka","2018":447806.106583,"2013":422233.398826,"2017":442570.56494,"2016":437396.234827,"2015":432282.400585,"2025":474927.633982,"2019":453103.583877,"2012":417296.841442,"division":"Dhaka","upazila":"Dhamrai","UpazilaID":0},"geometry":{"type":"Polygon","coordinates":[[[90.1475526,24.033543],[90.1021502,24.019038],[90.0120174,24.0425245],[90.0075938,24.0113622],[90.082853,23.9108997],[90.1267497,23.8665039],[90.1854617,23.8187837],[90.2457619,23.8383999],[90.2288651,23.9452831],[90.1832993,24.0016785],[90.1475526,24.033543]]]}},{"type":"Feature","properties":{"2024":356171.583873,"2023":356171.583873,"DistrictID":128,"2020":336402.310041,"2014":300094.732933,"2021":342867.03787,"2022":349456,"district":"Nilphamari","2018":323836.231746,"2013":294436.47315,"2017":317730.328092,"2016":311739.550715,"2015":305861.728917,"2025":356171.583873,"2019":330059.474087,"2012":288884.899357,"division":"Rangpur","upazila":"Dimla","UpazilaID":0},"geometry":{"type":"Polygon","coordinates":[[[89.0189164,26.2422296],[88.9530858,26.2420879],[88.926221,26.2838929],[88.8757911,26.28665],[88.877645,26.2334828],[88.8919078,26.1192141],[89.0155248,26.0684429],[89.0890998,26.0890682],[89.0982033,26.1451899],[89.0229344,26.1925071],[89.0189164,26.2422296]]]}},{"type":"Feature","properties":{"2024":262151.866772,"2023":262151.866772,"DistrictID":0,"2020":252727.512656,"2014":234883.040379,"2021":255830.704583,"2022":258972,"district":"Dhaka","2018":246633.596116,"2013":232033.940792,"2017":243641.963873,"2016":240686.619726,"2015":237767.123505,"2025":262151.866772,"2019":249661.962028,"2012":229219.400398,"division":"Dhaka","upazila":"Dohar","UpazilaID":0},"geometry":{"type":"Polygon","coordinates":[[[90.2056718,23.5689441],[90.1577374,23.6293206],[90.0205512,23.6652076],[90.0076972,23.6349422],[90.0447607,23.6290116],[90.0465462,23.5742795],[90.0781695,23.5614237],[90.1298949,23.5650982],[90.1582572,23.5221472],[90.2056718,23.5689441]]]}},{"type":"Feature","properties":{"2024":66639.256566,"2023":66639.256566,"DistrictID":0,"2020":67621.271511,"2014":69628.928404,"2021":67292.335721,"2022":66965,"district":"Patuakhali","2018":68283.974625,"2013":69969.285837,"2017":68617.757706,"2016":68953.172373,"2015":69290.226601,"2025":66639.256566,"2019":67951.815193,"2012":70311.306991,"division":"Barisal","upazila":"Dumki","UpazilaID":0},"geometry":{"type":"Polygon","coordinates":[[[90.4272202,22.4604457],[90.3710872,22.501489],[90.3073305,22.4727251],[90.2834008,22.4295477],[90.3792323,22.4439428],[90.4149726,22.4249984],[90.4272202,22.4604457]]]}},{"type":"Feature","properties":{"2024":321190.500781,"2023":321190.500781,"DistrictID":147,"2020":317239.312193,"2014":309482.156065,"2021":318550.944611,"2022":319868,"district":"Khulna","2018":314632.227047,"2013":308207.864353,"2017":313336.729935,"2016":312046.567028,"2015":310761.716363,"2025":321190.500781,"2019":315933.080418,"2012":306938.819533,"division":"Khulna","upazila":"Dumuria","UpazilaID":0},"geometry":{"type":"Polygon","coordinates":[[[89.384179,22.9319178],[89.3585211,22.9229732],[89.3412135,22.9205758],[89.3527311,22.8346203],[89.2467436,22.8356448],[89.2897897,22.7948362],[89.3295884,22.7160958],[89.401119,22.6736906],[89.4351652,22.6717357],[89.4876073,22.8095037],[89.5368524,22.8062181],[89.4645461,22.9230161],[89.384179,22.9319178]]]}},{"type":"Feature","properties":{"2024":134035.121934,"2023":134035.121934,"DistrictID":0,"2020":134963.893159,"2014":136840.787442,"2021":134653.589862,"2022":134344,"district":"Bagerhat","2018":135586.646644,"2013":137156.131041,"2017":135899.10013,"2016":136212.273652,"2015":136526.168868,"2025":134035.121934,"2019":135274.911538,"2012":137472.201336,"division":"Khulna","upazila":"Fakirhat","UpazilaID":0},"geometry":{"type":"Polygon","coordinates":[[[89.7641332,22.8196504],[89.708491,22.823335],[89.6801244,22.8164943],[89.6572451,22.7583657],[89.6085101,22.7608125],[89.5771583,22.6684476],[89.6181337,22.6525964],[89.6468268,22.6805141],[89.6404314,22.7112211],[89.7077261,22.7195104],[89.7792253,22.7851229],[89.7641332,22.8196504]]]}},{"type":"Feature","properties":{"2024":111088.323349,"2023":111088.323349,"DistrictID":104,"2020":109466.312347,"2014":106292.993948,"2021":110004.333998,"2022":110545,"district":"Sylhet","2018":108398.150427,"2013":105773.124139,"2017":107867.98448,"2016":107340.41153,"2015":106815.418892,"2025":111088.323349,"2019":108930.922114,"2012":105255.796968,"division":"Sylhet","upazila":"Fenchuganj","UpazilaID":0},"geometry":{"type":"Polygon","coordinates":[[[91.9661388,24.7310072],[91.8903168,24.7552072],[91.9170957,24.7157884],[91.9032285,24.663645],[91.9668567,24.6389409],[92.0312362,24.6561043],[92.0310762,24.6995371],[91.9661388,24.7310072]]]}},{"type":"Feature","properties":{"2024":198681.779669,"2023":198681.779669,"DistrictID":130,"2020":192757.322786,"2014":181433.122214,"2021":194712.248065,"2022":196687,"district":"Dinajpur","2018":188906.157944,"2013":179611.520334,"2017":187009.526235,"2016":185131.936848,"2015":183273.198597,"2025":198681.779669,"2019":190822.025099,"2012":177808.20747,"division":"Rangpur","upazila":"Fulbari","UpazilaID":0},"geometry":{"type":"Polygon","coordinates":[[[88.9905319,25.5011284],[88.9473274,25.5557232],[88.8914077,25.5534921],[88.8380825,25.5283135],[88.8048872,25.5233056],[88.8296476,25.4903547],[88.8411675,25.3940325],[88.9540088,25.3987431],[88.9891655,25.4518085],[88.983963,25.4879263],[88.9905319,25.5011284]]]}},{"type":"Feature","properties":{"2024":194741.661969,"2023":194741.661969,"DistrictID":0,"2020":186932.44968,"2014":172240.924436,"2021":189500.090714,"2022":192103,"district":"Gaibandha","2018":181901.067361,"2013":169907.137345,"2017":179436.389676,"2016":177005.107266,"2015":174606.767639,"2025":194741.661969,"2019":184399.599026,"2012":167604.97202,"division":"Rangpur","upazila":"Fulchhari","UpazilaID":0},"geometry":{"type":"Polygon","coordinates":[[[89.732732,25.3383544],[89.6876402,25.3632738],[89.6519654,25.3217488],[89.5823709,25.3309802],[89.5677163,25.2365083],[89.6198799,25.1111232],[89.6494002,25.1119162],[89.6659032,25.1609215],[89.7012143,25.2321527],[89.7478714,25.2350838],[89.732732,25.3383544]]]}},{"type":"Feature","properties":{"2024":427291.157938,"2023":427291.157938,"DistrictID":101,"2020":428152.261928,"2014":429879.679458,"2021":427865.03462,"2022":427578,"district":"Mymensingh","2018":428727.295123,"2013":430168.259204,"2017":429015.101269,"2016":429303.100621,"2015":429591.293307,"2025":427291.157938,"2019":428439.682052,"2012":430457.032675,"division":"Mymensingh","upazila":"Goffargaon","UpazilaID":328},"geometry":{"type":"Polygon","coordinates":[[[90.5448939,24.5154712],[90.4695776,24.5449933],[90.4438648,24.5076241],[90.4558448,24.4602165],[90.4994135,24.3521269],[90.4962754,24.3151093],[90.5441423,24.2661609],[90.5770756,24.2457491],[90.6492934,24.2579878],[90.6230815,24.3380011],[90.6412949,24.3944938],[90.6303173,24.4364003],[90.5737733,24.4821295],[90.5448939,24.5154712]]]}},{"type":"Feature","properties":{"2024":470918.471262,"2023":470918.471262,"DistrictID":0,"2020":462270.541013,"2014":445448.194991,"2021":465135.393261,"2022":468018,"district":"Gaibandha","2018":456593.663253,"2013":442704.599725,"2017":453781.421052,"2016":450986.499954,"2015":448208.793275,"2025":470918.471262,"2019":459423.333904,"2012":439977.902755,"division":"Rangpur","upazila":"Gaibandha Sadar","UpazilaID":0},"geometry":{"type":"Polygon","coordinates":[[[89.7013139,25.4021603],[89.6249986,25.4049921],[89.5686277,25.4462971],[89.5132838,25.4366179],[89.4707192,25.3424525],[89.4330398,25.3069303],[89.4716529,25.2779191],[89.5245921,25.2724381],[89.5236946,25.2210846],[89.5677163,25.2365083],[89.5823709,25.3309802],[89.6519654,25.3217488],[89.6876402,25.3632738],[89.732732,25.3383544],[89.744416,25.3739898],[89.7013139,25.4021603]]]}},{"type":"Feature","properties":{"2024":400062.109504,"2023":400062.109504,"DistrictID":0,"2020":358688.127911,"2014":288334.205095,"2021":371980.758039,"2022":385766,"district":"Patuakhali","2018":333510.918806,"2013":278030.661541,"2017":321592.997807,"2016":310100.960438,"2015":299019.587865,"2025":400062.109504,"2019":345870.506265,"2012":268095.312283,"division":"Barisal","upazila":"Galachipa","UpazilaID":0},"geometry":{"type":"MultiPolygon","coordinates":[[[[90.484186,22.3437915],[90.4570861,22.335317],[90.4580145,22.2995473],[90.3810041,22.2973625],[90.3340005,22.2634784],[90.3632075,22.2152474],[90.3368134,22.1659381],[90.3441303,22.109544],[90.3745887,22.101664],[90.4407789,22.0837769],[90.4978257,22.1588127],[90.492811,22.1763989],[90.4742639,22.2414453],[90.484186,22.3437915]]],[[[90.5785632,22.0514805],[90.5833466,22.1408801],[90.5278799,22.1238464],[90.4851349,22.073742],[90.5002879,21.9765018],[90.5243099,21.9830239],[90.5785632,22.0514805]]],[[[90.5872884,21.983936],[90.5442177,21.969835],[90.5849742,21.9777879],[90.5872884,21.983936]]]]}},{"type":"Feature","properties":{"2024":358262.904043,"2023":358262.904043,"DistrictID":101,"2020":349117.139394,"2014":331520.071436,"2021":352139.487288,"2022":355188,"district":"Mymensingh","2018":343150.041721,"2013":328674.696164,"2017":340204.848571,"2016":337284.933468,"2015":334390.079455,"2025":358262.904043,"2019":346120.731752,"2012":325853.74222,"division":"Mymensingh","upazila":"Gouripur","UpazilaID":329},"geometry":{"type":"Polygon","coordinates":[[[90.5350993,24.8909501],[90.5190277,24.838661],[90.553963,24.8114942],[90.5260781,24.7484127],[90.499799,24.7433272],[90.4529623,24.7028746],[90.4625373,24.6368171],[90.4935681,24.7033754],[90.5732431,24.6774931],[90.5766814,24.7044721],[90.6669516,24.7149416],[90.6958503,24.7000992],[90.7173974,24.7690863],[90.6698088,24.802674],[90.5663571,24.8107936],[90.5681469,24.8857237],[90.5350993,24.8909501]]]}},{"type":"Feature","properties":{"2024":175603.081932,"2023":175603.081932,"DistrictID":0,"2020":171023.238363,"2014":162218.771986,"2021":172536.424963,"2022":174063,"district":"Munshiganj","2018":168036.56182,"2013":160796.073722,"2017":166562.840118,"2016":165102.043316,"2015":163654.058059,"2025":175603.081932,"2019":169523.322778,"2012":159385.852871,"division":"Dhaka","upazila":"Gazaria","UpazilaID":0},"geometry":{"type":"Polygon","coordinates":[[[90.6876238,23.5566493],[90.6530537,23.6204042],[90.6299502,23.6208192],[90.5579202,23.5803774],[90.5649229,23.5343926],[90.5769513,23.4960282],[90.6877545,23.4924753],[90.6876238,23.5566493]]]}},{"type":"Feature","properties":{"2024":4209186.212145,"2023":4209186.212145,"DistrictID":0,"2020":3413412.388248,"2014":2244760.453828,"2021":3660371.961009,"2022":3925199,"district":"Gazipur","2018":2968355.01391,"2013":2093309.975972,"2017":2768084.742516,"2016":2581326.393184,"2015":2407168.337662,"2025":4209186.212145,"2019":3183114.79171,"2012":1952077.625045,"division":"Dhaka","upazila":"Gazipur Sadar","UpazilaID":0},"geometry":{"type":"Polygon","coordinates":[[[90.492366,24.0276953],[90.4449878,24.0334459],[90.4196923,24.0661267],[90.4603416,24.1031045],[90.4545245,24.1690223],[90.3558264,24.1583562],[90.3360896,24.0499928],[90.3130348,24.0161572],[90.2600262,24.0148275],[90.2601326,23.9711313],[90.3455134,23.9471435],[90.3518847,23.8819143],[90.4615669,23.8833709],[90.5131498,23.9350364],[90.492366,24.0276953]]]}},{"type":"Feature","properties":{"2024":101379.284086,"2023":101379.284086,"DistrictID":151,"2020":104105.510469,"2014":109779.870461,"2021":103188.718428,"2022":102280,"district":"Rajbari","2018":105963.602953,"2013":110755.222351,"2017":106905.048775,"2016":107854.858981,"2015":108813.107885,"2025":101379.284086,"2019":105030.447855,"2012":111739.239867,"division":"Dhaka","upazila":"Goalandaghat","UpazilaID":0},"geometry":{"type":"Polygon","coordinates":[[[89.8444493,23.7387287],[89.7327413,23.8353682],[89.6799074,23.8113997],[89.7256179,23.7708403],[89.7226179,23.7074521],[89.7547268,23.6765451],[89.810513,23.7212556],[89.8649004,23.718871],[89.8444493,23.7387287]]]}},{"type":"Feature","properties":{"2024":554811.112046,"2023":554811.112046,"DistrictID":0,"2020":544498.341606,"2014":524444.315631,"2021":547914.454674,"2022":551352,"district":"Gaibandha","2018":537729.878574,"2013":521174.533158,"2017":534377.263855,"2016":531045.551872,"2015":527734.612301,"2025":554811.112046,"2019":541103.52717,"2012":517925.136983,"division":"Rangpur","upazila":"Gobindaganj","UpazilaID":0},"geometry":{"type":"Polygon","coordinates":[[[89.5092829,25.1963119],[89.482365,25.2417595],[89.3036513,25.2297343],[89.2046099,25.2284573],[89.1964804,25.1786414],[89.2515846,25.0974007],[89.2800909,25.0876313],[89.3321066,25.1229208],[89.3602094,25.0663174],[89.4095896,25.0773651],[89.4525938,25.0555833],[89.5302532,25.0462844],[89.4897541,25.1605869],[89.5092829,25.1963119]]]}},{"type":"Feature","properties":{"2024":383455.218368,"2023":383455.218368,"DistrictID":126,"2020":369588.164861,"2014":343340.362999,"2021":374153.881088,"2022":378776,"district":"Rajshahi","2018":360623.195781,"2013":339150.657249,"2017":356222.591484,"2016":351875.686778,"2015":347581.826379,"2025":383455.218368,"2019":365078.163048,"2012":335012.077543,"division":"Rajshahi","upazila":"Godagari","UpazilaID":0},"geometry":{"type":"Polygon","coordinates":[[[88.3968991,24.6039754],[88.3315904,24.5862422],[88.3017875,24.5583963],[88.3040035,24.4937744],[88.3308903,24.4476297],[88.2916867,24.4163618],[88.3282703,24.3849774],[88.3893877,24.3719144],[88.4303395,24.3837734],[88.4700382,24.3640873],[88.5129653,24.3905014],[88.5400647,24.4933103],[88.5504445,24.5312182],[88.3968991,24.6039754]]]}},{"type":"Feature","properties":{"2024":371586.513833,"2023":371586.513833,"DistrictID":104,"2020":356876.466953,"2014":329180.306466,"2021":361713.947319,"2022":366617,"district":"Sylhet","2018":347394.727098,"2013":324777.92364,"2017":342748.748739,"2016":338164.904641,"2015":333642.363835,"2025":371586.513833,"2019":352103.681953,"2012":320434.417285,"division":"Sylhet","upazila":"Golabganj","UpazilaID":0},"geometry":{"type":"Polygon","coordinates":[[[92.065228,24.9001579],[92.0197643,24.9276693],[92.0093091,24.9199583],[91.9270834,24.8667825],[91.9410099,24.8119095],[91.9705956,24.7932585],[91.9661388,24.7310072],[92.0310762,24.6995371],[92.0804701,24.7235474],[92.0801461,24.7662439],[92.1032396,24.8469143],[92.065228,24.9001579]]]}},{"type":"Feature","properties":{"2024":308119.007842,"2023":308119.007842,"DistrictID":0,"2020":299706.724645,"2014":283564.905661,"2021":302484.985181,"2022":305289,"district":"Nawabganj","2018":294226.522401,"2013":280960.422049,"2017":291524.114097,"2016":288846.52684,"2015":286193.532656,"2025":308119.007842,"2019":296953.981843,"2012":278379.860067,"division":"Rajshahi","upazila":"Gomastapur","UpazilaID":0},"geometry":{"type":"Polygon","coordinates":[[[88.4940797,24.9066748],[88.4341691,24.9608676],[88.3951119,24.9647076],[88.3242881,24.9177475],[88.3329508,24.8709127],[88.2590285,24.8781412],[88.2336928,24.8058709],[88.2318968,24.7636838],[88.2715955,24.7458087],[88.3305521,24.7403121],[88.3320903,24.7936355],[88.3845395,24.8186227],[88.4756538,24.8621518],[88.4940797,24.9066748]]]}},{"type":"Feature","properties":{"2024":351966.153008,"2023":351966.153008,"DistrictID":153,"2020":349959.519523,"2014":345980.508057,"2021":350627.122982,"2022":351296,"district":"Gopalganj","2018":348628.123591,"2013":345321.751878,"2017":347964.326281,"2016":347301.792858,"2015":346640.520918,"2025":351966.153008,"2019":349293.1872,"2012":344664.249988,"division":"Dhaka","upazila":"Gopalganj Sadar","UpazilaID":0},"geometry":{"type":"Polygon","coordinates":[[[89.9732363,23.1812799],[89.9248234,23.1734617],[89.9064347,23.1300873],[89.8414892,23.1232479],[89.7395005,23.1305525],[89.7244831,23.0809532],[89.7577383,23.0136128],[89.7968225,22.9963072],[89.8010467,22.94126],[89.8379941,22.9168221],[89.8336815,22.9613153],[89.886411,22.9577693],[89.9207731,22.995219],[89.9609833,23.0245263],[89.9684372,23.1097879],[89.9441182,23.1574988],[89.9732363,23.1812799]]]}},{"type":"Feature","properties":{"2024":215204.807517,"2023":215204.807517,"DistrictID":155,"2020":223939.97681,"2014":242488.389341,"2021":220989.552384,"2022":218078,"district":"Tangail","2018":229959.524636,"2013":245725.84405,"2017":233029.706874,"2016":236140.879016,"2015":239293.588318,"2025":215204.807517,"2019":226929.792258,"2012":249006.521912,"division":"Dhaka","upazila":"Gopalpur","UpazilaID":0},"geometry":{"type":"Polygon","coordinates":[[[89.9469574,24.6247173],[89.8477496,24.6379577],[89.8180548,24.5757031],[89.8367502,24.5285718],[89.8812375,24.536108],[89.8797392,24.485629],[89.9419865,24.4971908],[89.9864451,24.5714794],[89.9469574,24.6247173]]]}},{"type":"Feature","properties":{"2024":99803.17728,"2023":99803.17728,"DistrictID":130,"2020":97951.220042,"2014":94349.763168,"2021":98564.688942,"2022":99182,"district":"Dinajpur","2018":96735.713211,"2013":93762.528063,"2017":96133.627899,"2016":95535.289979,"2015":94940.676128,"2025":99803.17728,"2019":97341.569387,"2012":93178.947923,"division":"Rangpur","upazila":"Hakimpur","UpazilaID":0},"geometry":{"type":"Polygon","coordinates":[[[89.0378545,25.3293569],[88.9830674,25.3017863],[89.0078332,25.2676578],[89.0701025,25.2697823],[89.0959462,25.2411023],[89.1388261,25.2549783],[89.1409934,25.3000933],[89.0676336,25.3094577],[89.0378545,25.3293569]]]}},{"type":"Feature","properties":{"2024":166065.058526,"2023":166065.058526,"DistrictID":141,"2020":161337.468382,"2014":152282.216029,"2021":162898.185302,"2022":164474,"district":"Thakurgaon","2018":158260.750659,"2013":150823.210021,"2017":156744.464699,"2016":155242.706176,"2015":153755.335904,"2025":166065.058526,"2019":159791.704589,"2012":149378.182654,"division":"Rangpur","upazila":"Haripur","UpazilaID":0},"geometry":{"type":"Polygon","coordinates":[[[88.13478,25.9982137],[88.0857827,25.9156773],[88.1155198,25.7983365],[88.1723529,25.7867345],[88.2403634,25.8095161],[88.1934383,25.8591133],[88.2005139,25.9367563],[88.13478,25.9982137]]]}},{"type":"Feature","properties":{"2024":102307.318552,"2023":102307.318552,"DistrictID":154,"2020":110517.699031,"2014":128968.039789,"2021":107710.189574,"2022":104974,"district":"Manikganj","2018":116354.161974,"2013":132329.64367,"2017":119386.980052,"2016":122498.849754,"2015":125691.831593,"2025":102307.318552,"2019":113398.387352,"2012":135778.86911,"division":"Dhaka","upazila":"Harirampur","UpazilaID":0},"geometry":{"type":"Polygon","coordinates":[[[89.9808289,23.7854955],[89.9253926,23.7995605],[89.8498987,23.7809723],[89.8444493,23.7387287],[89.8649004,23.718871],[89.9322115,23.6572758],[90.0076972,23.6349422],[90.0205512,23.6652076],[90.0422926,23.7129959],[90.0171327,23.7666068],[89.9808289,23.7854955]]]}},{"type":"Feature","properties":{"2024":111072.110803,"2023":111072.110803,"DistrictID":135,"2020":118945.832205,"2014":136407.307671,"2021":116261.117896,"2022":113637,"district":"Barisal","2018":124502.679577,"2013":139557.239974,"2017":127377.70892,"2016":130319.128753,"2015":133328.47217,"2025":111072.110803,"2019":121692.542229,"2012":142779.910855,"division":"Barisal","upazila":"Hizla","UpazilaID":0},"geometry":{"type":"MultiPolygon","coordinates":[[[[90.4757141,23.0075828],[90.4830333,22.9748166],[90.5340187,22.9302453],[90.58693,22.9453072],[90.5101529,23.0340525],[90.4898084,23.02253],[90.4757141,23.0075828]]],[[[90.4917772,22.8794492],[90.5291566,22.8993557],[90.5162154,22.9426584],[90.4548337,22.9827556],[90.4223231,22.9054992],[90.4641806,22.9161492],[90.4917772,22.8794492]]],[[[90.4173438,23.0071879],[90.4078938,23.0070838],[90.4090242,23.0047497],[90.4173438,23.0071879]]]]}},{"type":"Feature","properties":{"2024":213434.453806,"2023":213434.453806,"DistrictID":133,"2020":211650.088194,"2014":208125.985485,"2021":212243.213015,"2022":212838,"district":"Cumilla","2018":210468.806474,"2013":207544.366473,"2017":209880.640325,"2016":209294.117837,"2015":208709.234418,"2025":213434.453806,"2019":211058.620891,"2012":206964.372825,"division":"Chittagong","upazila":"Homna","UpazilaID":0},"geometry":{"type":"Polygon","coordinates":[[[90.8833653,23.7266548],[90.8003937,23.7464673],[90.7411442,23.6926205],[90.7332305,23.6679431],[90.7583024,23.631737],[90.8494683,23.6273921],[90.8833653,23.7266548]]]}},{"type":"Feature","properties":{"2024":202500.896564,"2023":202500.896564,"DistrictID":0,"2020":197677.025894,"2014":188371.282375,"2021":199272.077727,"2022":200880,"district":"Kishoreganj","2018":194525.122294,"2013":186863.484782,"2017":192968.066954,"2016":191423.474895,"2015":189891.246356,"2025":202500.896564,"2019":196094.741482,"2012":185367.756192,"division":"Dhaka","upazila":"Hossainpur","UpazilaID":0},"geometry":{"type":"Polygon","coordinates":[[[90.7219699,24.4711],[90.5737733,24.4821295],[90.6303173,24.4364003],[90.6412949,24.3944938],[90.7182136,24.3918777],[90.7219699,24.4711]]]}},{"type":"Feature","properties":{"2024":292477.617546,"2023":292477.617546,"DistrictID":0,"2020":293954.242964,"2014":296929.896458,"2021":293461.20801,"2022":292969,"district":"Jamalpur","2018":294942.79926,"2013":297428.759046,"2017":295438.323389,"2016":295934.680031,"2015":296431.870588,"2025":292477.617546,"2019":294448.10625,"2012":297928.459757,"division":"Mymensingh","upazila":"Islampur","UpazilaID":0},"geometry":{"type":"Polygon","coordinates":[[[89.8079207,25.1405895],[89.6659032,25.1609215],[89.6494002,25.1119162],[89.6478348,25.0467389],[89.6726017,24.9753266],[89.704862,24.9771726],[89.7688685,25.0211566],[89.8036097,25.0834758],[89.8367033,25.026391],[89.8958593,24.9947138],[89.8825497,25.0357137],[89.9252202,25.0627686],[89.8964756,25.1105538],[89.8471149,25.1409896],[89.8079207,25.1405895]]]}},{"type":"Feature","properties":{"2024":171225.049657,"2023":171225.049657,"DistrictID":0,"2020":169422.264976,"2014":165873.438942,"2021":170021.074267,"2022":170622,"district":"Kishoreganj","2018":168230.965934,"2013":165289.237503,"2017":167638.461354,"2016":167048.043557,"2015":166459.705194,"2025":171225.049657,"2019":168825.564675,"2012":164707.093605,"division":"Dhaka","upazila":"Itna","UpazilaID":0},"geometry":{"type":"Polygon","coordinates":[[[91.1952143,24.6311394],[91.127319,24.6291606],[91.0996522,24.5998734],[91.0413347,24.6243593],[91.0178026,24.6031267],[90.9442498,24.6050019],[90.9610484,24.5362657],[90.9492856,24.4985892],[91.0114134,24.4586199],[91.05115,24.4901434],[91.1185897,24.4933006],[91.1537152,24.4763546],[91.213186,24.5234362],[91.2339612,24.5689629],[91.2058449,24.5772248],[91.1952143,24.6311394]]]}},{"type":"Feature","properties":{"2024":290868.877617,"2023":290868.877617,"DistrictID":106,"2020":282685.217095,"2014":267002.165265,"2021":285387.195444,"2022":288115,"district":"Sunamganj","2018":277357.763269,"2013":264474.252026,"2017":274731.805681,"2016":272130.710038,"2015":269554.240952,"2025":290868.877617,"2019":280008.820437,"2012":261970.27247,"division":"Sylhet","upazila":"Jagannathpur","UpazilaID":0},"geometry":{"type":"Polygon","coordinates":[[[91.5139229,24.8303218],[91.4490334,24.8380119],[91.4668707,24.7783895],[91.4520521,24.7376092],[91.4545567,24.6668819],[91.5451439,24.6554344],[91.5800475,24.6750104],[91.649134,24.6750057],[91.6731257,24.7494834],[91.6608365,24.8214415],[91.5139229,24.8303218]]]}},{"type":"Feature","properties":{"2024":638564.517836,"2023":638564.517836,"DistrictID":0,"2020":632608.578047,"2014":620862.834846,"2021":634587.693194,"2022":636573,"district":"Jamalpur","2018":628668.845551,"2013":618926.523988,"2017":626708.189762,"2016":624753.648751,"2015":622805.20345,"2025":638564.517836,"2019":630635.63525,"2012":616996.251984,"division":"Mymensingh","upazila":"Jamalpur Sadar","UpazilaID":0},"geometry":{"type":"Polygon","coordinates":[[[89.9034711,24.9637369],[89.8949344,24.8671661],[89.8143966,24.8489055],[89.8366902,24.8286505],[89.8891448,24.8040785],[89.9357673,24.7571875],[89.9896203,24.7275483],[90.0222773,24.7701022],[90.075779,24.7878738],[90.1413529,24.7876032],[90.2001641,24.8591999],[90.1949259,24.8852587],[90.1163683,24.9057349],[89.9820966,24.9167669],[89.9034711,24.9637369]]]}},{"type":"Feature","properties":{"2024":224539.539664,"2023":224539.539664,"DistrictID":136,"2020":222465.340504,"2014":218374.246851,"2021":223154.602485,"2022":223846,"district":"Jhalokathi","2018":221093.196776,"2013":217699.750048,"2017":220410.301899,"2016":219729.516292,"2015":219050.833441,"2025":224539.539664,"2019":221778.207459,"2012":217027.336576,"division":"Barisal","upazila":"Jhalokati Sadar","UpazilaID":0},"geometry":{"type":"Polygon","coordinates":[[[90.1988488,22.7851633],[90.1771525,22.7526801],[90.1381398,22.6735605],[90.0972032,22.6555716],[90.1100841,22.6097308],[90.1433371,22.6109791],[90.2024408,22.5769078],[90.2266272,22.6591377],[90.2752536,22.6888997],[90.2688809,22.733687],[90.2446809,22.7545106],[90.1988488,22.7851633]]]}},{"type":"Feature","properties":{"2024":188989.52396,"2023":188989.52396,"DistrictID":122,"2020":186592.161108,"2014":181888.282449,"2021":187387.883873,"2022":188187,"district":"Chuadanga","2018":185010.838086,"2013":181115.913157,"2017":184225.209193,"2016":183442.91639,"2015":182663.945511,"2025":188989.52396,"2019":185799.817295,"2012":180346.82365,"division":"Khulna","upazila":"Jiban Nagar","UpazilaID":0},"geometry":{"type":"Polygon","coordinates":[[[88.9435667,23.4998927],[88.7997013,23.4982508],[88.7511252,23.4028667],[88.7648145,23.3704274],[88.8082952,23.3870397],[88.8522854,23.3752989],[88.8775658,23.4067168],[88.9348691,23.4130463],[88.9435667,23.4998927]]]}},{"type":"Feature","properties":{"2024":88156.025526,"2023":88156.025526,"DistrictID":0,"2020":90290.955059,"2014":94717.175012,"2021":89573.628086,"2022":88862,"district":"Bagerhat","2018":91742.888585,"2013":95475.692736,"2017":92477.587514,"2016":93218.170086,"2015":93964.683421,"2025":88156.025526,"2019":91014.026557,"2012":96240.28485,"division":"Khulna","upazila":"Kachua","UpazilaID":0},"geometry":{"type":"Polygon","coordinates":[[[89.9128417,22.7262671],[89.8380574,22.7467235],[89.8614596,22.6725252],[89.8236494,22.5949483],[89.8596625,22.5615304],[89.9205946,22.6101337],[89.9339234,22.6833415],[89.9128417,22.7262671]]]}},{"type":"Feature","properties":{"2024":168141.51956,"2023":168141.51956,"DistrictID":130,"2020":164604.062643,"2014":157750.852146,"2021":165774.867439,"2022":166954,"district":"Dinajpur","2018":162287.201495,"2013":156636.717916,"2017":161141.028756,"2016":160002.950999,"2015":158872.911052,"2025":168141.51956,"2019":163441.526795,"2012":155530.452392,"division":"Rangpur","upazila":"Kaharole","UpazilaID":0},"geometry":{"type":"Polygon","coordinates":[[[88.7244132,25.818021],[88.6030299,25.8263194],[88.5506387,25.8830621],[88.5135532,25.8771779],[88.5085887,25.7758516],[88.5282021,25.7660203],[88.6472453,25.7386082],[88.7095172,25.7882346],[88.7244132,25.818021]]]}},{"type":"Feature","properties":{"2024":273639.579747,"2023":273639.579747,"DistrictID":0,"2020":264211.247456,"2014":246317.957761,"2021":267317.365666,"2022":270460,"district":"Patuakhali","2018":258106.867123,"2013":243455.844062,"2017":255107.77113,"2016":252143.523402,"2015":249213.719019,"2025":273639.579747,"2019":261141.221065,"2012":240626.986951,"division":"Barisal","upazila":"Kala Para","UpazilaID":0},"geometry":{"type":"MultiPolygon","coordinates":[[[[90.3004864,21.9536906],[90.2497981,21.9517676],[90.2122369,21.9835873],[90.1742431,21.97517],[90.1608467,21.9816855],[90.1366794,21.9564168],[90.1446952,21.9260992],[90.1181524,21.9252121],[90.1005771,21.8226864],[90.1849736,21.7977296],[90.2586486,21.8440409],[90.3004864,21.9536906]]],[[[90.3441303,22.109544],[90.2912495,22.0716318],[90.276373,22.0308857],[90.1855003,22.0841384],[90.2112113,22.0483985],[90.1474151,21.974766],[90.1556715,21.9833639],[90.1638995,21.984073],[90.1736565,21.9774177],[90.2103695,21.9858845],[90.2554973,21.9536315],[90.3075506,21.9822511],[90.3293707,22.0417774],[90.3745887,22.101664],[90.3441303,22.109544]]]]}},{"type":"Feature","properties":{"2024":0,"2023":0,"DistrictID":0,"2020":0,"2014":0,"2021":0,"2022":0,"district":"Patuakhali","2018":0,"2013":0,"2017":0,"2016":0,"2015":0,"2025":0,"2019":0,"2012":0,"division":"Barisal","upazila":"Rangabali","UpazilaID":0},"geometry":{"type":"MultiPolygon","coordinates":[[[[90.4543447,22.0505096],[90.3561109,21.979134],[90.3067981,21.8831664],[90.3580452,21.8515571],[90.4645177,21.9188455],[90.4983768,21.9602454],[90.4800592,22.012596],[90.4543447,22.0505096]]],[[[90.5849742,21.9777879],[90.5442177,21.969835],[90.5070547,21.9238721],[90.5171337,21.8915227],[90.5763141,21.8824817],[90.6017857,21.9675681],[90.5849742,21.9777879]]]]}},{"type":"Feature","properties":{"2024":152977.991899,"2023":152977.991899,"DistrictID":138,"2020":150471.827893,"2014":145581.999055,"2021":151302.62044,"2022":152138,"district":"Joypurhat","2018":148823.903229,"2013":144782.618056,"2017":148006.721152,"2016":147194.026167,"2015":146385.793635,"2025":152977.991899,"2019":149645.597172,"2012":143987.626405,"division":"Rajshahi","upazila":"Kalai","UpazilaID":0},"geometry":{"type":"Polygon","coordinates":[[[89.2800909,25.0876313],[89.2515846,25.0974007],[89.1964804,25.1786414],[89.1610017,25.1341772],[89.1578014,25.1224901],[89.1788441,25.1004181],[89.1280731,25.0444932],[89.186346,24.9826738],[89.2464386,25.0651491],[89.2800909,25.0876313]]]}},{"type":"Feature","properties":{"2024":937440.796023,"2023":937440.796023,"DistrictID":0,"2020":794353.627356,"2014":570366.422008,"2021":839441.698355,"2022":887089,"district":"Gazipur","2018":711312.71529,"2013":539730.91536,"2017":673106.704947,"2016":636952.814853,"2015":602740.821577,"2025":937440.796023,"2019":751687.325671,"2012":510740.902259,"division":"Dhaka","upazila":"Kaliakair","UpazilaID":0},"geometry":{"type":"Polygon","coordinates":[[[90.3558264,24.1583562],[90.2979212,24.2523361],[90.2483936,24.1916727],[90.2075472,24.0948668],[90.1840198,24.0997579],[90.1475526,24.033543],[90.1832993,24.0016785],[90.2600262,24.0148275],[90.3130348,24.0161572],[90.3360896,24.0499928],[90.3558264,24.1583562]]]}},{"type":"Feature","properties":{"2024":281874.035737,"2023":281874.035737,"DistrictID":0,"2020":281996.946387,"2014":282242.928495,"2021":281955.970216,"2022":281915,"district":"Gazipur","2018":282078.916594,"2013":282283.946369,"2017":282119.910632,"2016":282160.910627,"2015":282201.916582,"2025":281874.035737,"2019":282037.928512,"2012":282324.970203,"division":"Dhaka","upazila":"Kaliganj","UpazilaID":0},"geometry":{"type":"Polygon","coordinates":[[[90.6503107,24.036867],[90.4981729,24.0377778],[90.492366,24.0276953],[90.5131498,23.9350364],[90.4615669,23.8833709],[90.4712694,23.8473083],[90.5706679,23.8949893],[90.6081534,23.921517],[90.6503107,24.036867]]]}},{"type":"Feature","properties":{"2024":266260.723753,"2023":266260.723753,"DistrictID":131,"2020":270198.809726,"2014":278250.580006,"2021":268879.684844,"2022":267567,"district":"Lalmonirhat","2018":272856.506136,"2013":279615.678539,"2017":274195.141319,"2016":275540.343853,"2015":276892.145956,"2025":266260.723753,"2019":271524.40624,"2012":280987.474252,"division":"Rangpur","upazila":"Kaliganj","UpazilaID":0},"geometry":{"type":"Polygon","coordinates":[[[89.2787711,26.0486387],[89.1781993,26.0587475],[89.1196434,25.9899584],[89.141843,25.9641742],[89.2015114,25.9444709],[89.2351721,25.9045462],[89.2913634,25.8899796],[89.3281767,25.9865804],[89.3676945,26.0095574],[89.2787711,26.0486387]]]}},{"type":"Feature","properties":{"2024":0,"2023":0,"DistrictID":0,"2020":0,"2014":0,"2021":0,"2022":0,"district":"Madaripur","2018":0,"2013":0,"2017":0,"2016":0,"2015":0,"2025":0,"2019":0,"2012":0,"division":"Dhaka","upazila":"Dasar","UpazilaID":0},"geometry":{"type":"Polygon","coordinates":[[[90.2257577,23.10292],[90.1961465,23.1281271],[90.1186966,23.1114757],[90.1353231,23.049785],[90.2077515,23.0658508],[90.2257577,23.10292]]]}},{"type":"Feature","properties":{"2024":259612.37273,"2023":259612.37273,"DistrictID":0,"2020":262958.528727,"2014":269780.78289,"2021":261838.378557,"2022":260723,"district":"Madaripur","2018":265213.225646,"2013":270934.910836,"2017":266347.813484,"2016":267487.255113,"2015":268631.571297,"2025":259612.37273,"2019":264083.470923,"2012":272093.976165,"division":"Dhaka","upazila":"Kalkini","UpazilaID":0},"geometry":{"type":"Polygon","coordinates":[[[90.2885499,23.16708],[90.2257577,23.10292],[90.2077515,23.0658508],[90.2383649,23.0367161],[90.2302171,22.9786893],[90.2908669,22.9725214],[90.31988,22.9814611],[90.3157509,23.0528791],[90.3487856,23.056747],[90.352369,23.1040934],[90.3537345,23.1342045],[90.2885499,23.16708]]]}},{"type":"Feature","properties":{"2024":348434.031736,"2023":348434.031736,"DistrictID":0,"2020":346855.326844,"2014":343719.343311,"2021":347380.765438,"2022":347907,"district":"Gazipur","2018":345806.832745,"2013":343199.442884,"2017":345283.774839,"2016":344761.508095,"2015":344240.031317,"2025":348434.031736,"2019":346330.683014,"2012":342680.328843,"division":"Dhaka","upazila":"Kapasia","UpazilaID":0},"geometry":{"type":"Polygon","coordinates":[[[90.6492934,24.2579878],[90.5770756,24.2457491],[90.5441423,24.2661609],[90.5532649,24.1597562],[90.5175528,24.1296132],[90.4981729,24.0377778],[90.6503107,24.036867],[90.6460068,24.0518235],[90.6371147,24.073933],[90.6764097,24.1180231],[90.6829503,24.2443483],[90.6492934,24.2579878]]]}},{"type":"Feature","properties":{"2024":309881.484215,"2023":309881.484215,"DistrictID":0,"2020":304209.000156,"2014":293173.641417,"2021":306088.195883,"2022":307979,"district":"Kishoreganj","2018":300485.149234,"2013":291373.733215,"2017":298640.352812,"2016":296806.88232,"2015":294984.668224,"2025":309881.484215,"2019":302341.34155,"2012":289584.875357,"division":"Dhaka","upazila":"Karimganj","UpazilaID":0},"geometry":{"type":"Polygon","coordinates":[[[90.9492856,24.4985892],[90.902719,24.4893871],[90.8699974,24.5334781],[90.8207609,24.5025622],[90.8047911,24.4414086],[90.8619422,24.4217354],[90.8788936,24.3683313],[90.9016338,24.3755876],[90.9523848,24.3870226],[90.9973403,24.4379784],[91.0114134,24.4586199],[90.9492856,24.4985892]]]}},{"type":"Feature","properties":{"2024":367294.702589,"2023":367294.702589,"DistrictID":117,"2020":354636.850951,"2014":330614.773791,"2021":358806.908314,"2022":363026,"district":"Brahmanbaria","2018":346441.566314,"2013":326772.365689,"2017":342415.219077,"2016":338435.666086,"2015":334502.363498,"2025":367294.702589,"2019":350515.258036,"2012":322974.614092,"division":"Chittagong","upazila":"Kasba","UpazilaID":0},"geometry":{"type":"Polygon","coordinates":[[[91.1404569,23.8623859],[91.0984455,23.8631784],[91.0819606,23.821138],[91.0353683,23.7952985],[91.0650114,23.737714],[91.1564307,23.6692993],[91.1675966,23.7497828],[91.210311,23.7492928],[91.2269335,23.790346],[91.132244,23.8174929],[91.1404569,23.8623859]]]}},{"type":"Feature","properties":{"2024":174274.051073,"2023":174274.051073,"DistrictID":153,"2020":182070.34994,"2014":198724.872695,"2021":179433.581951,"2022":176835,"district":"Gopalganj","2018":187460.696849,"2013":201645.125289,"2017":190215.422912,"2016":193010.629543,"2015":195846.911604,"2025":174274.051073,"2019":184745.86511,"2012":204608.290855,"division":"Dhaka","upazila":"Kashiani","UpazilaID":0},"geometry":{"type":"Polygon","coordinates":[[[89.7899937,23.3130228],[89.733115,23.29128],[89.7513558,23.2765029],[89.6880129,23.2103914],[89.6797654,23.1798928],[89.7395005,23.1305525],[89.8414892,23.1232479],[89.9064347,23.1300873],[89.9248234,23.1734617],[89.8414289,23.2079899],[89.7931644,23.3115016],[89.7899937,23.3130228]]]}},{"type":"Feature","properties":{"2024":338580.688867,"2023":338580.688867,"DistrictID":0,"2020":332400.60972,"2014":320376.805501,"2021":334447.999509,"2022":336508,"district":"Kishoreganj","2018":328343.353923,"2013":318415.555318,"2017":326333.334933,"2016":324335.620673,"2015":322350.135818,"2025":338580.688867,"2019":330365.753433,"2012":316466.311317,"division":"Dhaka","upazila":"Katiadi","UpazilaID":0},"geometry":{"type":"Polygon","coordinates":[[[90.8854015,24.2729228],[90.9188653,24.3212332],[90.9016338,24.3755876],[90.8788936,24.3683313],[90.7641687,24.3441399],[90.7590475,24.2844162],[90.7185382,24.2381446],[90.7815453,24.2426676],[90.804073,24.1847045],[90.8204614,24.1709926],[90.8346187,24.2113876],[90.8854015,24.2729228]]]}},{"type":"Feature","properties":{"2024":268419.901322,"2023":268419.901322,"DistrictID":145,"2020":269971.176216,"2014":273100.673593,"2021":269453.090995,"2022":268936,"district":"Serajganj","2018":271010.336986,"2013":273625.772126,"2017":271531.416369,"2016":272053.497646,"2015":272576.582744,"2025":268419.901322,"2019":270490.257575,"2012":274151.880281,"division":"Rajshahi","upazila":"Kazipur","UpazilaID":0},"geometry":{"type":"Polygon","coordinates":[[[89.7153356,24.7773463],[89.6795259,24.7838634],[89.6570905,24.7399315],[89.6377365,24.6963293],[89.5647501,24.6992592],[89.5461072,24.6515714],[89.6017018,24.6052186],[89.7070842,24.5893003],[89.7716214,24.6002138],[89.7986048,24.6785684],[89.7724048,24.7240242],[89.7812294,24.7634065],[89.7153356,24.7773463]]]}},{"type":"Feature","properties":{"2024":1047773.346034,"2023":1047773.346034,"DistrictID":0,"2020":977698.280916,"2014":851294.567457,"2021":1000519.789746,"2022":1023874,"district":"Dhaka","2018":933605.041739,"2013":831876.834107,"2017":912309.835065,"2016":891500.364657,"2015":871165.55104,"2025":1047773.346034,"2019":955397.322773,"2012":812902.012509,"division":"Dhaka","upazila":"Keraniganj","UpazilaID":0},"geometry":{"type":"Polygon","coordinates":[[[90.2411226,23.7781382],[90.2185573,23.7483146],[90.2555117,23.715085],[90.2861832,23.673856],[90.3471183,23.636679],[90.3919608,23.6484947],[90.4301934,23.6086052],[90.4714738,23.639466],[90.4489639,23.6681065],[90.3420805,23.7483485],[90.3134472,23.7702776],[90.2666491,23.7444674],[90.2411226,23.7781382]]]}},{"type":"Feature","properties":{"2024":112913.367087,"2023":112913.367087,"DistrictID":102,"2020":108831.466067,"2014":101105.020636,"2021":110175.434645,"2022":111536,"district":"Netrokona","2018":106192.511891,"2013":99871.696972,"2017":104897.128762,"2016":103617.547289,"2015":102353.574715,"2025":112913.367087,"2019":107503.891811,"2012":98653.417933,"division":"Mymensingh","upazila":"Khaliajuri","UpazilaID":288},"geometry":{"type":"Polygon","coordinates":[[[91.1715879,24.8203484],[91.1162204,24.806525],[91.0026869,24.7380914],[91.0722537,24.6962967],[91.0413347,24.6243593],[91.0996522,24.5998734],[91.127319,24.6291606],[91.1952143,24.6311394],[91.2408765,24.6920935],[91.1352254,24.7571964],[91.1702685,24.7892295],[91.1715879,24.8203484]]]}},{"type":"Feature","properties":{"2024":189930.613046,"2023":189930.613046,"DistrictID":130,"2020":185216.325436,"2014":176135.88728,"2021":186774.607564,"2022":188346,"district":"Dinajpur","2018":182138.655495,"2013":174666.365224,"2017":180619.051651,"2016":179112.126037,"2015":177617.772878,"2025":189930.613046,"2019":183671.044236,"2012":173209.103561,"division":"Rangpur","upazila":"Khansama","UpazilaID":0},"geometry":{"type":"Polygon","coordinates":[[[88.7349548,26.0146825],[88.7105444,26.0073518],[88.7289425,25.9215647],[88.7244132,25.818021],[88.7095172,25.7882346],[88.7186571,25.7831572],[88.7645102,25.7792578],[88.845054,25.803101],[88.8463023,25.8053631],[88.801223,25.9224425],[88.7595495,25.93895],[88.7349548,26.0146825]]]}},{"type":"Feature","properties":{"2024":482497.177738,"2023":482497.177738,"DistrictID":0,"2020":464435.815719,"2014":430316.061407,"2021":470379.870539,"2022":476400,"district":"Kishoreganj","2018":452772.096815,"2013":424878.281393,"2017":447050.546355,"2016":441401.297479,"2015":435823.436533,"2025":482497.177738,"2019":458566.874206,"2012":419509.217037,"division":"Dhaka","upazila":"Kishoreganj Sadar","UpazilaID":0},"geometry":{"type":"Polygon","coordinates":[[[90.8207609,24.5025622],[90.8040532,24.5307],[90.7219699,24.4711],[90.7182136,24.3918777],[90.7641687,24.3441399],[90.8788936,24.3683313],[90.8619422,24.4217354],[90.8047911,24.4414086],[90.8207609,24.5025622]]]}},{"type":"Feature","properties":{"2024":1046021.697881,"2023":1046021.697881,"DistrictID":125,"2020":516304.236769,"2014":125786.977002,"2021":653307.068372,"2022":826664,"district":"Jessore","2018":322464.828402,"2013":99408.612428,"2017":254841.812025,"2016":201399.791345,"2015":159164.917372,"2025":1046021.697881,"2019":408031.808947,"2012":78561.966115,"division":"Khulna","upazila":"Jessore Sadar","UpazilaID":370},"geometry":{"type":"Polygon","coordinates":[[[89.2134037,23.3178199],[89.1940479,23.2898505],[89.1305315,23.2740736],[89.1030866,23.2429774],[89.1010951,23.1802437],[89.1094597,23.1375575],[89.1521492,23.0846275],[89.1972187,23.0954472],[89.3059379,23.09218],[89.3853401,23.0850878],[89.3782231,23.1355709],[89.3341811,23.1409035],[89.2683913,23.2362376],[89.2338012,23.3104803],[89.2134037,23.3178199]]]}},{"type":"Feature","properties":{"2024":184667.218934,"2023":184667.218934,"DistrictID":147,"2020":186940.829677,"2014":191572.373446,"2021":186179.866045,"2022":185422,"district":"Khulna","2018":188472.1004,"2013":192355.377603,"2017":189242.432967,"2016":190015.914075,"2015":190792.556595,"2025":184667.218934,"2019":187704.903558,"2012":193141.582095,"division":"Khulna","upazila":"Koyra","UpazilaID":0},"geometry":{"type":"MultiPolygon","coordinates":[[[[89.4229516,22.4766748],[89.361977,22.4735438],[89.3257605,22.5078909],[89.2575104,22.4944306],[89.2412948,22.4373273],[89.2513215,22.3444132],[89.3056904,22.2144577],[89.3317291,22.2117486],[89.3403304,22.1491094],[89.3693768,22.1002032],[89.3866809,22.123589],[89.4049219,22.1294429],[89.4061833,22.1521531],[89.4288863,22.1668413],[89.4021761,22.2090016],[89.426412,22.2844364],[89.4344438,22.4136635],[89.4229516,22.4766748]]],[[[89.3842,21.8728714],[89.3486628,21.8038573],[89.3600744,21.7517876],[89.4104141,21.7245326],[89.4733261,21.8077878],[89.4501381,21.8469624],[89.3842,21.8728714]]],[[[89.4889701,21.9979709],[89.4711614,22.04631],[89.4308704,22.047809],[89.4390616,21.9923098],[89.4218706,21.971502],[89.462442,21.9296174],[89.5083864,21.9569637],[89.4889701,21.9979709]]],[[[89.4431114,22.1598783],[89.4171676,22.1589285],[89.4077129,22.1267826],[89.3853973,22.1186408],[89.3903867,22.0570264],[89.426081,22.0432266],[89.4485577,22.074985],[89.4850524,22.0890287],[89.4431114,22.1598783]]],[[[89.3901589,22.0557065],[89.3536628,22.0322394],[89.3625875,21.9596523],[89.3855318,21.9232684],[89.4269427,22.0270834],[89.3901589,22.0557065]]],[[[89.4154453,21.9861428],[89.4033732,21.9159332],[89.4677151,21.8575377],[89.4154453,21.9861428]]],[[[89.4574668,22.2239073],[89.4043383,22.2068089],[89.4330958,22.1663647],[89.4724003,22.1645289],[89.4574668,22.2239073]]]]}},{"type":"Feature","properties":{"2024":206833.853463,"2023":206833.853463,"DistrictID":0,"2020":200389.407419,"2014":188096.639464,"2021":202514.931031,"2022":204663,"district":"Kishoreganj","2018":196205.052235,"2013":186122.445036,"2017":194145.754833,"2016":192108.071073,"2015":190091.774106,"2025":206833.853463,"2019":198286.192535,"2012":184168.971039,"division":"Dhaka","upazila":"Kuliar Char","UpazilaID":0},"geometry":{"type":"Polygon","coordinates":[[[90.9616182,24.1555964],[90.9004424,24.2009275],[90.8346187,24.2113876],[90.8204614,24.1709926],[90.8941636,24.0942392],[90.9421013,24.104898],[90.9616182,24.1555964]]]}},{"type":"Feature","properties":{"2024":276634.614406,"2023":276634.614406,"DistrictID":137,"2020":278430.644092,"2014":282057.760938,"2021":277830.675633,"2022":277232,"district":"Bhola","2018":279634.470658,"2013":282666.857682,"2017":280238.334368,"2016":280843.502106,"2015":281449.976688,"2025":276634.614406,"2019":279031.908168,"2012":283277.269756,"division":"Barisal","upazila":"Lalmohan","UpazilaID":0},"geometry":{"type":"MultiPolygon","coordinates":[[[[90.7647093,22.4042027],[90.6736221,22.4145718],[90.6843579,22.3317819],[90.6684175,22.2561764],[90.7073761,22.2459125],[90.7773144,22.2612134],[90.8262515,22.1942997],[90.841196,22.2658883],[90.8363703,22.3438928],[90.7687607,22.3740781],[90.7647093,22.4042027]]],[[[90.660878,22.4077218],[90.6701994,22.413137],[90.6618406,22.4096658],[90.660878,22.4077218]]]]}},{"type":"Feature","properties":{"2024":141103.849735,"2023":141103.849735,"DistrictID":0,"2020":145434.871973,"2014":154499.804172,"2021":143976.62521,"2022":142533,"district":"Munshiganj","2018":148395.824025,"2013":156064.633455,"2017":149898.830014,"2016":151417.058985,"2015":152950.665123,"2025":141103.849735,"2019":146907.88838,"2012":157645.311889,"division":"Dhaka","upazila":"Lohajang","UpazilaID":0},"geometry":{"type":"Polygon","coordinates":[[[90.4198146,23.530739],[90.3629011,23.5282524],[90.3477124,23.5093402],[90.217741,23.4779225],[90.2813847,23.4465064],[90.3954515,23.4114661],[90.4198146,23.530739]]]}},{"type":"Feature","properties":{"2024":289016.845182,"2023":289016.845182,"DistrictID":0,"2020":282443.779024,"2014":269742.717606,"2021":284618.020895,"2022":286809,"district":"Jamalpur","2018":278144.996528,"2013":267682.110519,"2017":276020.20311,"2016":273911.641323,"2015":271819.187171,"2025":289016.845182,"2019":280286.146529,"2012":265637.244734,"division":"Mymensingh","upazila":"Madarganj","UpazilaID":0},"geometry":{"type":"Polygon","coordinates":[[[89.704862,24.9771726],[89.6726017,24.9753266],[89.6607921,24.8880723],[89.6868002,24.826396],[89.7303162,24.7983838],[89.8052678,24.7897464],[89.8366902,24.8286505],[89.8143966,24.8489055],[89.7861254,24.8706371],[89.7991812,24.9357846],[89.7588476,24.9748348],[89.704862,24.9771726]]]}},{"type":"Feature","properties":{"2024":342855.567923,"2023":342855.567923,"DistrictID":0,"2020":343580.374309,"2014":345034.587105,"2021":343338.602089,"2022":343097,"district":"Madaripur","2018":344064.429623,"2013":345277.553604,"2017":344306.712957,"2016":344549.166902,"2015":344791.791578,"2025":342855.567923,"2019":343822.316781,"2012":345520.691196,"division":"Dhaka","upazila":"Madaripur Sadar","UpazilaID":0},"geometry":{"type":"Polygon","coordinates":[[[90.2301792,23.2699617],[90.1792128,23.2551167],[90.1289728,23.3004126],[90.0886166,23.2853507],[90.1163691,23.226388],[90.0938618,23.2131722],[90.0820487,23.1256577],[90.1186966,23.1114757],[90.1961465,23.1281271],[90.2257577,23.10292],[90.2885499,23.16708],[90.2340604,23.2606293],[90.2301792,23.2699617]]]}},{"type":"Feature","properties":{"2024":214103.967706,"2023":214103.967706,"DistrictID":152,"2020":211659.427597,"2014":206853.760596,"2021":212471.157277,"2022":213286,"district":"Faridpur","2018":210045.259843,"2013":206063.491748,"2017":209242.798118,"2016":208443.402136,"2015":207647.060184,"2025":214103.967706,"2019":210850.799069,"2012":205276.24206,"division":"Dhaka","upazila":"Madhukhali","UpazilaID":0},"geometry":{"type":"Polygon","coordinates":[[[89.666452,23.6087819],[89.6462729,23.5907921],[89.5648139,23.6040269],[89.49732,23.5790614],[89.5097984,23.5257363],[89.5072838,23.4777573],[89.5270972,23.5129989],[89.5723992,23.4980711],[89.6071898,23.4587],[89.623857,23.4937467],[89.7157509,23.5026406],[89.7428941,23.5232173],[89.6895683,23.556717],[89.7009833,23.5878122],[89.666452,23.6087819]]]}},{"type":"Feature","properties":{"2024":299649.837769,"2023":299649.837769,"DistrictID":142,"2020":293317.462139,"2014":281051.341325,"2021":295413.243788,"2022":297524,"district":"Norshingdi","2018":289170.39834,"2013":279057.448851,"2017":287118.905975,"2016":285081.967731,"2015":283059.480354,"2025":299649.837769,"2019":291236.548817,"2012":277077.70186,"division":"Dhaka","upazila":"Manohardi","UpazilaID":0},"geometry":{"type":"Polygon","coordinates":[[[90.804073,24.1847045],[90.7815453,24.2426676],[90.7185382,24.2381446],[90.6829503,24.2443483],[90.6764097,24.1180231],[90.6371147,24.073933],[90.7283271,24.0692342],[90.7920779,24.0995794],[90.7782067,24.1633774],[90.804073,24.1847045]]]}},{"type":"Feature","properties":{"2024":266889.221734,"2023":266889.221734,"DistrictID":119,"2020":272970.164454,"2014":285550.860798,"2021":270927.942804,"2022":268901,"district":"Chandpur","2018":277100.905844,"2013":287703.308213,"2017":279189.658533,"2016":281294.155985,"2015":283414.516881,"2025":266889.221734,"2019":275027.780122,"2012":289871.980513,"division":"Chittagong","upazila":"Matlab Uttar","UpazilaID":0},"geometry":{"type":"Polygon","coordinates":[[[90.6877545,23.4924753],[90.5769513,23.4960282],[90.577757,23.4520762],[90.5386889,23.3793492],[90.5906737,23.3359458],[90.6203785,23.3435981],[90.6601619,23.3317284],[90.6646487,23.3303941],[90.6685165,23.3359898],[90.6671638,23.3422761],[90.7503383,23.3799426],[90.7518779,23.4158474],[90.7107859,23.4352193],[90.6877545,23.4924753]]]}},{"type":"Feature","properties":{"2024":280392.375743,"2023":280392.375743,"DistrictID":135,"2020":285418.990381,"2014":295744.172576,"2021":283733.518621,"2022":282058,"district":"Barisal","2018":288820.030172,"2013":297500.991628,"2017":290535.717508,"2016":292261.596599,"2015":293997.727988,"2025":280392.375743,"2019":287114.474406,"2012":299268.246772,"division":"Barisal","upazila":"Mehendiganj","UpazilaID":0},"geometry":{"type":"MultiPolygon","coordinates":[[[[90.5928623,22.8758452],[90.516158,22.8719663],[90.4909111,22.8486925],[90.4966975,22.8016372],[90.5406487,22.7944193],[90.6024486,22.8138291],[90.6438614,22.8367118],[90.6514162,22.8480958],[90.5928623,22.8758452]]],[[[90.4917772,22.8794492],[90.4641806,22.9161492],[90.4223231,22.9054992],[90.3938814,22.8675356],[90.4070976,22.7905299],[90.4304265,22.7817321],[90.433722,22.7810335],[90.4407665,22.7837734],[90.4463197,22.787364],[90.4620267,22.8011706],[90.4917772,22.8794492]]],[[[90.560237,22.6991761],[90.5194718,22.6864896],[90.5251718,22.6839241],[90.560237,22.6991761]]]]}},{"type":"Feature","properties":{"2024":321410.924703,"2023":321410.924703,"DistrictID":0,"2020":319333.6419,"2014":315219.266037,"2021":320024.573477,"2022":320717,"district":"Jamalpur","2018":317956.250678,"2013":314538.709096,"2017":317269.7846,"2016":316584.8006,"2015":315901.295476,"2025":321410.924703,"2019":318644.20204,"2012":313859.621474,"division":"Mymensingh","upazila":"Melandaha","UpazilaID":0},"geometry":{"type":"Polygon","coordinates":[[[89.8958593,24.9947138],[89.8367033,25.026391],[89.8036097,25.0834758],[89.7688685,25.0211566],[89.704862,24.9771726],[89.7588476,24.9748348],[89.7991812,24.9357846],[89.7861254,24.8706371],[89.8143966,24.8489055],[89.8949344,24.8671661],[89.9034711,24.9637369],[89.8958593,24.9947138]]]}},{"type":"Feature","properties":{"2024":119238.480485,"2023":119238.480485,"DistrictID":0,"2020":119853.092016,"2014":121091.835402,"2021":119647.87031,"2022":119443,"district":"Patuakhali","2018":120264.592029,"2013":121299.533817,"2017":120470.871545,"2016":120677.504874,"2015":120884.492624,"2025":119238.480485,"2019":120058.665721,"2012":121507.588479,"division":"Barisal","upazila":"Mirzaganj","UpazilaID":0},"geometry":{"type":"Polygon","coordinates":[[[90.3073305,22.4727251],[90.2303529,22.4532887],[90.1876652,22.395128],[90.1783906,22.3398876],[90.1457142,22.3124725],[90.1587384,22.2492827],[90.2149841,22.2242333],[90.2087518,22.3239406],[90.2628867,22.3478691],[90.2834008,22.4295477],[90.3073305,22.4727251]]]}},{"type":"Feature","properties":{"2024":114984.023808,"2023":114984.023808,"DistrictID":0,"2020":116705.472353,"2014":120226.07172,"2021":116128.811488,"2022":115555,"district":"Kishoreganj","2018":117867.398875,"2013":120823.078351,"2017":118452.693043,"2016":119040.893607,"2015":119632.014998,"2025":114984.023808,"2019":117284.996742,"2012":121423.049537,"division":"Dhaka","upazila":"Mithamain","UpazilaID":0},"geometry":{"type":"Polygon","coordinates":[[[91.1537152,24.4763546],[91.1185897,24.4933006],[91.05115,24.4901434],[91.0114134,24.4586199],[90.9973403,24.4379784],[91.0439933,24.3732283],[91.0724699,24.3597292],[91.1546689,24.3827414],[91.2171054,24.432476],[91.2190678,24.4851405],[91.1537152,24.4763546]]]}},{"type":"Feature","properties":{"2024":220705.128693,"2023":220705.128693,"DistrictID":149,"2020":217433.047297,"2014":211033.696815,"2021":218518.315214,"2022":219609,"district":"Magura","2018":215278.654594,"2013":209985.601143,"2017":214209.476403,"2016":213145.608269,"2015":212087.023821,"2025":220705.128693,"2019":216353.169347,"2012":208942.710822,"division":"Khulna","upazila":"Mohammadpur","UpazilaID":0},"geometry":{"type":"Polygon","coordinates":[[[89.6071898,23.4587],[89.5723992,23.4980711],[89.5270972,23.5129989],[89.5072838,23.4777573],[89.486884,23.4424209],[89.5267221,23.3779077],[89.4901986,23.3171265],[89.4804278,23.2995649],[89.524478,23.2781779],[89.5600488,23.3203557],[89.6176524,23.3044387],[89.617595,23.3868245],[89.6071898,23.4587]]]}},{"type":"Feature","properties":{"2024":190430.58793,"2023":190430.58793,"DistrictID":102,"2020":184421.16932,"2014":172965.265376,"2021":186402.936744,"2022":188406,"district":"Netrokona","2018":180520.618735,"2013":171126.362328,"2017":178601.389951,"2016":176702.565701,"2015":174823.929051,"2025":190430.58793,"2019":182460.471318,"2012":169307.009821,"division":"Mymensingh","upazila":"Mohanganj","UpazilaID":290},"geometry":{"type":"Polygon","coordinates":[[[91.1156112,24.8129953],[91.1089169,24.8713709],[91.0752355,24.9012422],[90.9980553,24.8921351],[90.9303165,24.8634956],[90.9146877,24.822324],[90.946304,24.7663074],[90.9895918,24.7419639],[91.0026869,24.7380914],[91.1162204,24.806525],[91.1156112,24.8129953]]]}},{"type":"Feature","properties":{"2024":129100.828644,"2023":129100.828644,"DistrictID":0,"2020":129542.846216,"2014":130431.426704,"2021":129395.339127,"2022":129248,"district":"Bagerhat","2018":129838.365049,"2013":130580.114904,"2017":129986.377176,"2016":130134.558032,"2015":130282.907811,"2025":129100.828644,"2019":129690.52146,"2012":130728.972605,"division":"Khulna","upazila":"Mollahat","UpazilaID":0},"geometry":{"type":"Polygon","coordinates":[[[89.8010467,22.94126],[89.7491627,22.9639069],[89.7193404,22.884385],[89.6989297,22.8776012],[89.708491,22.823335],[89.7641332,22.8196504],[89.8149258,22.8204337],[89.8486715,22.8908339],[89.8379941,22.9168221],[89.8010467,22.94126]]]}},{"type":"Feature","properties":{"2024":115962.195565,"2023":115962.195565,"DistrictID":0,"2020":120806.543508,"2014":131110.814926,"2021":119169.682479,"2022":117555,"district":"Bagerhat","2018":124148.023942,"2013":132911.693967,"2017":125853.265225,"2016":127581.928934,"2015":129334.336788,"2025":115962.195565,"2019":122465.887723,"2012":134737.30907,"division":"Khulna","upazila":"Mongla","UpazilaID":0},"geometry":{"type":"MultiPolygon","coordinates":[[[[89.7115454,22.5021855],[89.6931253,22.5181927],[89.5551425,22.5719038],[89.6288232,22.3659067],[89.6149304,22.3000648],[89.62506,22.2771677],[89.621823,22.2149696],[89.6188957,22.1936724],[89.6068926,22.1789733],[89.6512208,22.1485715],[89.6771392,22.1424445],[89.6665564,22.0986125],[89.703827,22.0706828],[89.7089359,22.1296463],[89.7416047,22.1365099],[89.738861,22.2111801],[89.7382384,22.2476354],[89.7697918,22.2955324],[89.7744011,22.3730912],[89.7424206,22.3860885],[89.7125641,22.4503989],[89.7115454,22.5021855]]],[[[89.6147587,21.9467288],[89.5734118,21.9352485],[89.5485377,21.8770476],[89.6080707,21.8108658],[89.6101677,21.764257],[89.6699426,21.755112],[89.6999413,21.7757272],[89.6257372,21.8637114],[89.6456959,21.9114683],[89.6147587,21.9467288]]],[[[89.6185688,22.166726],[89.6115343,22.1564077],[89.6141797,22.1486778],[89.6103748,22.1336915],[89.6037401,22.1252953],[89.5982614,22.0887715],[89.6456996,22.1008002],[89.667971,22.0558012],[89.6284645,21.9449156],[89.6852333,21.9499586],[89.6768905,21.9907225],[89.6985163,22.0302051],[89.6801754,22.0678893],[89.6641411,22.1011968],[89.6612997,22.136455],[89.6185688,22.166726]]],[[[89.6365981,22.0974592],[89.6118494,22.0916076],[89.5996763,22.0854647],[89.5957913,22.0895051],[89.5687342,22.0392054],[89.6053284,22.023775],[89.6089972,22.0133445],[89.6058746,22.0038573],[89.588076,21.9856201],[89.563432,21.9750179],[89.5866709,21.9503139],[89.6258805,21.9483519],[89.6664022,22.0551407],[89.6365981,22.0974592]]],[[[89.7693639,22.0790101],[89.7455389,22.1343808],[89.7129393,22.1283742],[89.6995595,22.0405467],[89.7081826,21.9864437],[89.7334241,21.9888294],[89.7494182,22.003197],[89.7430198,22.011936],[89.7415767,22.0159973],[89.7435685,22.0203031],[89.7389765,22.0499368],[89.7693639,22.0790101]]],[[[89.7144751,21.9766765],[89.6784487,21.9049451],[89.6661303,21.8487456],[89.708179,21.8341958],[89.7408679,21.865948],[89.7110521,21.907683],[89.7144751,21.9766765]]],[[[89.544954,21.8495241],[89.5381164,21.7620155],[89.5885912,21.7490492],[89.6030551,21.8023914],[89.544954,21.8495241]]],[[[89.6198105,22.2775956],[89.5955374,22.2329758],[89.5561486,22.1963017],[89.5972546,22.1418332],[89.6128704,22.1501354],[89.610246,22.159347],[89.6133967,22.1676283],[89.6051783,22.1780367],[89.6180691,22.1984561],[89.6003515,22.2209594],[89.6198105,22.2775956]]],[[[89.5736416,21.9416989],[89.5825102,21.9492754],[89.5657997,21.9675425],[89.5613225,21.9734587],[89.5630041,21.9766661],[89.5868806,21.9869485],[89.6063399,22.0086873],[89.605759,22.0214697],[89.5830505,22.032972],[89.5684764,22.0375347],[89.5486117,21.9610899],[89.5736416,21.9416989]]]]}},{"type":"Feature","properties":{"2024":225801.116503,"2023":225801.116503,"DistrictID":0,"2020":241320.326331,"2014":275631.939946,"2021":236032.223514,"2022":230860,"district":"Bagerhat","2018":252254.612754,"2013":281807.240998,"2017":257906.164515,"2016":263684.334525,"2015":269591.959558,"2025":225801.116503,"2019":246726.90463,"2012":288120.89446,"division":"Khulna","upazila":"Morrelganj","UpazilaID":0},"geometry":{"type":"Polygon","coordinates":[[[89.9205946,22.6101337],[89.8596625,22.5615304],[89.8236494,22.5949483],[89.7852287,22.5719262],[89.7734775,22.5373187],[89.7115454,22.5021855],[89.7125641,22.4503989],[89.7424206,22.3860885],[89.7744011,22.3730912],[89.8761558,22.3691018],[89.8900241,22.3391963],[89.900534,22.3774222],[89.8774292,22.4282747],[89.9107258,22.4472934],[89.891637,22.5068362],[89.9469868,22.5420519],[89.9577432,22.598591],[89.9205946,22.6101337]]]}},{"type":"Feature","properties":{"2024":105422.112183,"2023":105422.112183,"DistrictID":127,"2020":103816.001764,"2014":100676.815622,"2021":104348.634534,"2022":104884,"district":"Meherpur","2018":102758.878593,"2013":100162.92513,"2017":102234.360507,"2016":101712.519748,"2015":101193.342652,"2025":105422.112183,"2019":103286.087743,"2012":99651.657719,"division":"Khulna","upazila":"Mujib Nagar","UpazilaID":0},"geometry":{"type":"Polygon","coordinates":[[[88.7031115,23.6677498],[88.6002367,23.7372186],[88.5687375,23.7241041],[88.5738242,23.6667522],[88.6014551,23.60698],[88.6380672,23.610411],[88.6536573,23.646736],[88.7031115,23.6677498]]]}},{"type":"Feature","properties":{"2024":274549.654479,"2023":274549.654479,"DistrictID":153,"2020":278190.668928,"2014":285618.197081,"2021":276971.663681,"2022":275758,"district":"Gopalganj","2018":280644.79826,"2013":286875.257375,"2017":281879.969675,"2016":283120.577315,"2015":284366.645107,"2025":274549.654479,"2019":279415.03925,"2012":288137.850231,"division":"Dhaka","upazila":"Muksudpur","UpazilaID":0},"geometry":{"type":"Polygon","coordinates":[[[90.0238932,23.2882504],[89.9714809,23.3495661],[89.9477949,23.3517698],[89.9252834,23.3097125],[89.8836939,23.335636],[89.7931644,23.3115016],[89.8414289,23.2079899],[89.9248234,23.1734617],[89.9732363,23.1812799],[90.0181733,23.230456],[90.0238932,23.2882504]]]}},{"type":"Feature","properties":{"2024":438733.239945,"2023":438733.239945,"DistrictID":0,"2020":424155.036394,"2014":396435.744747,"2021":428959.804333,"2022":433819,"district":"Munshiganj","2018":414706.351953,"2013":391995.277978,"2017":410061.236574,"2016":405468.151016,"2015":400926.512492,"2025":438733.239945,"2019":419404.086539,"2012":387604.548766,"division":"Dhaka","upazila":"Munshiganj Sadar","UpazilaID":0},"geometry":{"type":"Polygon","coordinates":[[[90.5183172,23.5730784],[90.4715835,23.5635792],[90.4758573,23.5061188],[90.5035669,23.4951902],[90.4996146,23.4039279],[90.5092355,23.3967993],[90.5386889,23.3793492],[90.577757,23.4520762],[90.5769513,23.4960282],[90.5649229,23.5343926],[90.5416869,23.5628529],[90.5183172,23.5730784]]]}},{"type":"Feature","properties":{"2024":867943.965461,"2023":867943.965461,"DistrictID":101,"2020":843911.359418,"2014":797824.047093,"2021":851847.365252,"2022":859858,"district":"Mymensingh","2018":828260.459931,"2013":790391.334907,"2017":820544.195128,"2016":812899.816822,"2015":805326.655301,"2025":867943.965461,"2019":836049.287239,"2012":783027.867577,"division":"Mymensingh","upazila":"Mymensingh Sadar","UpazilaID":332},"geometry":{"type":"Polygon","coordinates":[[[90.3426275,24.8600536],[90.294616,24.8898225],[90.2388754,24.8948611],[90.1949259,24.8852587],[90.2001641,24.8591999],[90.252176,24.8026382],[90.2888647,24.8042799],[90.3139083,24.7610608],[90.300127,24.7186883],[90.3448281,24.6749083],[90.4625431,24.6365348],[90.4625373,24.6368171],[90.4529623,24.7028746],[90.499799,24.7433272],[90.5018486,24.7693557],[90.3872423,24.8268158],[90.3426275,24.8600536]]]}},{"type":"Feature","properties":{"2024":566098.987124,"2023":566098.987124,"DistrictID":117,"2020":547009.706349,"2014":510740.553019,"2021":553300.183702,"2022":559663,"district":"Brahmanbaria","2018":534642.48814,"2013":504933.936689,"2017":528564.130383,"2016":522554.877558,"2015":516613.944011,"2025":566098.987124,"2019":540790.745519,"2012":499193.33586,"division":"Chittagong","upazila":"Nabinagar","UpazilaID":0},"geometry":{"type":"Polygon","coordinates":[[[91.0287424,23.9777415],[90.973794,23.9754137],[90.898333,23.8627333],[90.8412915,23.8709415],[90.8359073,23.865152],[90.860702,23.8360644],[90.8848009,23.7529284],[91.0353683,23.7952985],[91.0819606,23.821138],[91.0984455,23.8631784],[91.0854376,23.9511358],[91.0287424,23.9777415]]]}},{"type":"Feature","properties":{"2024":156820.904795,"2023":156820.904795,"DistrictID":0,"2020":154207.839877,"2014":149111.606944,"2021":155073.987469,"2022":155945,"district":"Nawabganj","2018":152490.030969,"2013":148278.761529,"2017":151638.315763,"2016":150791.357712,"2015":149949.130246,"2025":156820.904795,"2019":153346.53005,"2012":147450.567875,"division":"Rajshahi","upazila":"Nachole","UpazilaID":0},"geometry":{"type":"Polygon","coordinates":[[[88.5055698,24.7186309],[88.473649,24.7353959],[88.4262729,24.824957],[88.3845395,24.8186227],[88.3320903,24.7936355],[88.3305521,24.7403121],[88.2715955,24.7458087],[88.2788911,24.714083],[88.4194869,24.6331072],[88.4347482,24.66632],[88.5055698,24.7186309]]]}},{"type":"Feature","properties":{"2024":475346.573388,"2023":475346.573388,"DistrictID":103,"2020":453631.186774,"2014":413131.184087,"2021":460757.123932,"2022":467995,"district":"Kurigram","2018":439708.2311,"2013":406741.816017,"2017":432907.830064,"2016":426212.602075,"2015":419620.920556,"2025":475346.573388,"2019":446615.45731,"2012":400451.264075,"division":"Rangpur","upazila":"Nageswari","UpazilaID":295},"geometry":{"type":"Polygon","coordinates":[[[89.7738121,26.0383573],[89.7241911,26.027769],[89.6495377,26.0630353],[89.5876236,26.0387948],[89.6142503,26.0264942],[89.6464928,25.9007787],[89.6768309,25.9078776],[89.7566716,25.8457822],[89.8341027,25.8541237],[89.8785297,25.9243352],[89.8670278,25.9826496],[89.7738121,26.0383573]]]}},{"type":"Feature","properties":{"2024":427006.699683,"2023":427006.699683,"DistrictID":133,"2020":413085.683186,"2014":386590.388131,"2021":417674.849967,"2022":422315,"district":"Cumilla","2018":404058.064842,"2013":382342.759223,"2017":399618.511326,"2016":395227.737026,"2015":390885.205984,"2025":427006.699683,"2019":408546.939484,"2012":378141.800775,"division":"Chittagong","upazila":"Nangalkot","UpazilaID":0},"geometry":{"type":"Polygon","coordinates":[[[91.2857647,23.0544267],[91.267694,23.1302248],[91.2737201,23.1927829],[91.208241,23.2401843],[91.1833505,23.226586],[91.1347162,23.1665477],[91.1202714,23.140332],[91.1459214,23.0811666],[91.1830387,23.0613758],[91.2589521,23.0546115],[91.2857647,23.0544267]]]}},{"type":"Feature","properties":{"2024":2041714.915538,"2023":2041714.915538,"DistrictID":140,"2020":1832042.379601,"2014":1475082.613971,"2021":1899424.538515,"2022":1969285,"district":"Narayangnj","2018":1704364.416858,"2013":1422754.00123,"2017":1643902.023299,"2016":1585584.535488,"2015":1529335.862811,"2025":2041714.915538,"2019":1767050.605378,"2012":1372281.748049,"division":"Dhaka","upazila":"Narayanganj Sadar","UpazilaID":0},"geometry":{"type":"Polygon","coordinates":[[[90.5248988,23.6863915],[90.5125249,23.7091683],[90.4489639,23.6681065],[90.4714738,23.639466],[90.4301934,23.6086052],[90.4372814,23.5562156],[90.4715835,23.5635792],[90.5183172,23.5730784],[90.5063625,23.6015361],[90.5248988,23.6863915]]]}},{"type":"Feature","properties":{"2024":852854.414283,"2023":852854.414283,"DistrictID":142,"2020":813938.56049,"2014":741353.031735,"2021":826709.096643,"2022":839680,"district":"Norshingdi","2018":788986.25697,"2013":729901.027962,"2017":776798.441982,"2016":764798.89749,"2015":752984.715198,"2025":852854.414283,"2019":801365.296382,"2012":718625.928289,"division":"Dhaka","upazila":"Narsingdi Sadar","UpazilaID":0},"geometry":{"type":"Polygon","coordinates":[[[90.7632651,23.9441149],[90.6949506,23.9360124],[90.6254268,23.914791],[90.6107173,23.8852011],[90.6076522,23.8343174],[90.6700162,23.7942367],[90.7147652,23.7991611],[90.7346131,23.7628361],[90.7657706,23.8019156],[90.7666551,23.864209],[90.8359073,23.865152],[90.8412915,23.8709415],[90.7632651,23.9441149]]]}},{"type":"Feature","properties":{"2024":367216.202548,"2023":367216.202548,"DistrictID":117,"2020":351710.117159,"2014":322634.580097,"2021":356804.661178,"2022":361973,"district":"Brahmanbaria","2018":341738.213932,"2013":318027.924834,"2017":336858.792323,"2016":332049.040287,"2015":327307.963063,"2025":367216.202548,"2019":346688.314282,"2012":313487.044518,"division":"Chittagong","upazila":"Nasirnagar","UpazilaID":0},"geometry":{"type":"Polygon","coordinates":[[[91.3209865,24.2644047],[91.2816405,24.2268853],[91.2068033,24.2368071],[91.1735579,24.2651986],[91.0851033,24.2411208],[91.0428306,24.2129944],[91.0219487,24.1868276],[91.1390734,24.1405021],[91.1672396,24.0926346],[91.2122921,24.1097401],[91.2482231,24.0827146],[91.2676464,24.0936925],[91.2847325,24.210243],[91.3209865,24.2644047]]]}},{"type":"Feature","properties":{"2024":338513.688793,"2023":338513.688793,"DistrictID":0,"2020":307114.773479,"2014":252784.042158,"2021":317243.367082,"2022":327706,"district":"Dhaka","2018":287817.385367,"2013":244713.434234,"2017":278628.271801,"2016":269732.538038,"2015":261120.817376,"2025":338513.688793,"2019":297309.554354,"2012":236900.495708,"division":"Dhaka","upazila":"Nawabganj","UpazilaID":0},"geometry":{"type":"Polygon","coordinates":[[[90.2555117,23.715085],[90.083669,23.7283363],[90.0422926,23.7129959],[90.0205512,23.6652076],[90.1577374,23.6293206],[90.2056718,23.5689441],[90.2452832,23.6323362],[90.2861832,23.673856],[90.2555117,23.715085]]]}},{"type":"Feature","properties":{"2024":249051.69765,"2023":249051.69765,"DistrictID":130,"2020":243969.570482,"2014":234114.31627,"2021":245651.98428,"2022":247346,"district":"Dinajpur","2018":240639.231365,"2013":232510.9213,"2017":238991.148757,"2016":237354.353486,"2015":235728.768249,"2025":249051.69765,"2019":242298.679149,"2012":230918.507613,"division":"Rangpur","upazila":"Nawabganj","UpazilaID":0},"geometry":{"type":"Polygon","coordinates":[[[89.095021,25.5504378],[88.9884838,25.5387775],[88.9905319,25.5011284],[88.983963,25.4879263],[89.0183243,25.4804207],[89.0358877,25.3937724],[89.0648026,25.3659438],[89.0378545,25.3293569],[89.0676336,25.3094577],[89.1409934,25.3000933],[89.2096975,25.3645355],[89.1485062,25.4339463],[89.1063306,25.4717518],[89.1049235,25.5339024],[89.095021,25.5504378]]]}},{"type":"Feature","properties":{"2024":607500.040516,"2023":607500.040516,"DistrictID":0,"2020":587286.351296,"2014":548854.337899,"2021":593948.389353,"2022":600686,"district":"Nawabganj","2018":574185.611815,"2013":542698.098481,"2017":567745.243483,"2016":561377.113715,"2015":555080.412246,"2025":607500.040516,"2019":580699.038168,"2012":536610.910688,"division":"Rajshahi","upazila":"Nawabganj Sadar","UpazilaID":0},"geometry":{"type":"Polygon","coordinates":[[[88.4194869,24.6331072],[88.2788911,24.714083],[88.2387182,24.6360505],[88.1772381,24.5884286],[88.0869818,24.5736936],[88.2044116,24.4594671],[88.2633036,24.4459926],[88.2916867,24.4163618],[88.3308903,24.4476297],[88.3040035,24.4937744],[88.3017875,24.5583963],[88.3315904,24.5862422],[88.3968991,24.6039754],[88.4194869,24.6331072]]]}},{"type":"Feature","properties":{"2024":172124.480439,"2023":172124.480439,"DistrictID":139,"2020":174159.002956,"2014":178300.476806,"2021":173478.170704,"2022":172800,"district":"Perojpur","2018":175528.693928,"2013":179000.234675,"2017":176217.573661,"2016":176909.156972,"2015":177603.454469,"2025":172124.480439,"2019":174842.507202,"2012":179702.738814,"division":"Barisal","upazila":"Nazirpur","UpazilaID":487},"geometry":{"type":"Polygon","coordinates":[[[90.0347498,22.8656802],[90.0183725,22.8710433],[89.9698797,22.8586303],[89.9437802,22.8564936],[89.9053772,22.7743534],[89.9128417,22.7262671],[89.9339234,22.6833415],[90.0039816,22.6822366],[90.0511258,22.8104013],[90.0347498,22.8656802]]]}},{"type":"Feature","properties":{"2024":197822.52962,"2023":197822.52962,"DistrictID":139,"2020":201045.284856,"2014":207649.157755,"2021":199965.241355,"2022":198891,"district":"Perojpur","2018":203222.903815,"2013":208770.703288,"2017":204320.542459,"2016":205424.109621,"2015":206533.637322,"2025":197822.52962,"2019":202131.16184,"2012":209898.306463,"division":"Barisal","upazila":"Nesarabad (Swarupkati)","UpazilaID":0},"geometry":{"type":"Polygon","coordinates":[[[90.1771525,22.7526801],[90.0797294,22.7838961],[90.0511258,22.8104013],[90.0039816,22.6822366],[90.0317207,22.6646431],[90.0972032,22.6555716],[90.1381398,22.6735605],[90.1771525,22.7526801]]]}},{"type":"Feature","properties":{"2024":143834.528453,"2023":143834.528453,"DistrictID":0,"2020":141238.717282,"2014":136186.790886,"2021":142098.740239,"2022":142964,"district":"Kishoreganj","2018":139534.255193,"2013":135362.548768,"2017":138689.753246,"2016":137850.362471,"2015":137016.051933,"2025":143834.528453,"2019":140383.899434,"2012":134543.295203,"division":"Dhaka","upazila":"Nikli","UpazilaID":0},"geometry":{"type":"Polygon","coordinates":[[[90.9973403,24.4379784],[90.9523848,24.3870226],[90.9016338,24.3755876],[90.9188653,24.3212332],[90.8854015,24.2729228],[90.9132957,24.2530656],[91.0025037,24.2640615],[91.0171663,24.2924352],[91.0439933,24.3732283],[90.9973403,24.4379784]]]}},{"type":"Feature","properties":{"2024":233916.945638,"2023":233916.945638,"DistrictID":147,"2020":237356.834175,"2014":244389.111995,"2021":236204.620462,"2022":235058,"district":"Khulna","2018":239678.150626,"2013":245581.249921,"2017":240847.308331,"2016":242022.169224,"2015":243202.761127,"2025":233916.945638,"2019":238514.668424,"2012":246779.203133,"division":"Khulna","upazila":"Paikgachha","UpazilaID":0},"geometry":{"type":"Polygon","coordinates":[[[89.3295884,22.7160958],[89.2676212,22.7014218],[89.2452382,22.6406721],[89.2618088,22.5790433],[89.2341931,22.5517671],[89.2575104,22.4944306],[89.3257605,22.5078909],[89.361977,22.4735438],[89.4229516,22.4766748],[89.4019381,22.5767668],[89.4550245,22.6366981],[89.401119,22.6736906],[89.3295884,22.7160958]]]}},{"type":"Feature","properties":{"2024":251653.149222,"2023":251653.149222,"DistrictID":0,"2020":251253.912865,"2014":250457.339258,"2021":251386.921227,"2022":251520,"district":"Kishoreganj","2018":250988.107229,"2013":250324.822737,"2017":250855.309879,"2016":250722.582792,"2015":250589.925931,"2025":251653.149222,"2019":251120.974878,"2012":250192.37633,"division":"Dhaka","upazila":"Pakundia","UpazilaID":0},"geometry":{"type":"Polygon","coordinates":[[[90.7182136,24.3918777],[90.6412949,24.3944938],[90.6230815,24.3380011],[90.6492934,24.2579878],[90.6829503,24.2443483],[90.7185382,24.2381446],[90.7590475,24.2844162],[90.7641687,24.3441399],[90.7182136,24.3918777]]]}},{"type":"Feature","properties":{"2024":231374.889501,"2023":231374.889501,"DistrictID":142,"2020":226534.37447,"2014":217155.026126,"2021":228136.521702,"2022":229750,"district":"Norshingdi","2018":223363.755458,"2013":215629.999263,"2017":221795.126201,"2016":220237.513045,"2015":218690.838627,"2025":231374.889501,"2019":224943.478728,"2012":214115.682292,"division":"Dhaka","upazila":"Palash","UpazilaID":0},"geometry":{"type":"Polygon","coordinates":[[[90.6949506,23.9360124],[90.6460068,24.0518235],[90.6503107,24.036867],[90.6081534,23.921517],[90.5706679,23.8949893],[90.6107173,23.8852011],[90.6254268,23.914791],[90.6949506,23.9360124]]]}},{"type":"Feature","properties":{"2024":246952.792205,"2023":246952.792205,"DistrictID":0,"2020":246410.812564,"2014":245330.419069,"2021":246591.340152,"2022":246772,"district":"Gaibandha","2018":246050.153779,"2013":245150.814591,"2017":245870.022389,"2016":245690.022871,"2015":245510.15513,"2025":246952.792205,"2019":246230.417138,"2012":244971.3416,"division":"Rangpur","upazila":"Palashbari","UpazilaID":0},"geometry":{"type":"Polygon","coordinates":[[[89.5236946,25.2210846],[89.5245921,25.2724381],[89.4716529,25.2779191],[89.4330398,25.3069303],[89.3435379,25.3074355],[89.2806563,25.3013452],[89.2732484,25.264583],[89.3036513,25.2297343],[89.482365,25.2417595],[89.5092829,25.1963119],[89.5236946,25.2210846]]]}},{"type":"Feature","properties":{"2024":315315.007218,"2023":315315.007218,"DistrictID":129,"2020":303797.144697,"2014":282008.22872,"2021":307588.909388,"2022":311428,"district":"Panchagarh","2018":296353.266649,"2013":278531.806744,"2017":292700.007971,"2016":289091.784392,"2015":285528.040749,"2025":315315.007218,"2019":300052.122522,"2012":275098.239934,"division":"Rangpur","upazila":"Panchagarh Sadar","UpazilaID":0},"geometry":{"type":"Polygon","coordinates":[[[88.6855989,26.29036],[88.6950575,26.3442441],[88.6781245,26.393526],[88.6304301,26.4347354],[88.6228512,26.4711574],[88.5629705,26.4576405],[88.5229386,26.4869686],[88.5071159,26.4069632],[88.4800067,26.3532518],[88.4349994,26.3202944],[88.4757336,26.2773438],[88.5979808,26.3185075],[88.6383663,26.3207294],[88.6855989,26.29036]]]}},{"type":"Feature","properties":{"2024":396872.905522,"2023":396872.905522,"DistrictID":130,"2020":388680.218661,"2014":372798.721077,"2021":391392.148387,"2022":394123,"district":"Dinajpur","2018":383312.601341,"2013":370215.623951,"2017":380656.65425,"2016":378019.110036,"2015":375399.841188,"2025":396872.905522,"2019":385987.079712,"2012":367650.42493,"division":"Rangpur","upazila":"Parbatipur","UpazilaID":0},"geometry":{"type":"Polygon","coordinates":[[[88.9410692,25.7343293],[88.898008,25.735103],[88.8587083,25.7763264],[88.8792026,25.7444684],[88.8401765,25.7105401],[88.8201498,25.6555805],[88.8380825,25.5283135],[88.8914077,25.5534921],[88.9473274,25.5557232],[88.9905319,25.5011284],[88.9884838,25.5387775],[89.095021,25.5504378],[89.0964007,25.5683247],[89.0001658,25.6205845],[89.0011924,25.6490717],[88.9389834,25.6856675],[88.9410692,25.7343293]]]}},{"type":"Feature","properties":{"2024":239818.92486,"2023":239818.92486,"DistrictID":131,"2020":234332.528153,"2014":223733.404285,"2021":236147.237375,"2022":237976,"district":"Lalmonirhat","2018":230744.838768,"2013":222014.091044,"2017":228971.645097,"2016":227212.077801,"2015":225466.032167,"2025":239818.92486,"2019":232531.764339,"2012":220307.990127,"division":"Rangpur","upazila":"Patgram","UpazilaID":0},"geometry":{"type":"Polygon","coordinates":[[[89.1269271,26.2489294],[89.1049137,26.2755673],[89.1362449,26.3202169],[89.1001668,26.3365523],[89.0872691,26.3977636],[89.0377627,26.399765],[88.9749825,26.4499524],[88.9229546,26.423423],[88.9118848,26.366198],[88.9872007,26.3480574],[88.9848682,26.3006433],[89.0446085,26.2794266],[89.0365616,26.2424975],[89.0629007,26.2301562],[89.1269271,26.2489294]]]}},{"type":"Feature","properties":{"2024":291681.237359,"2023":291681.237359,"DistrictID":0,"2020":297688.297524,"2014":310076.104788,"2021":295672.32257,"2022":293670,"district":"Patuakhali","2018":301761.577562,"2013":312190.288678,"2017":303819.070726,"2016":305890.592443,"2015":307976.238362,"2025":291681.237359,"2019":299718.017948,"2012":314318.887653,"division":"Barisal","upazila":"Patuakhali Sadar","UpazilaID":0},"geometry":{"type":"Polygon","coordinates":[[[90.4149726,22.4249984],[90.3792323,22.4439428],[90.2834008,22.4295477],[90.2628867,22.3478691],[90.2087518,22.3239406],[90.2149841,22.2242333],[90.2249584,22.217122],[90.2456848,22.2616126],[90.2888636,22.2434436],[90.3340005,22.2634784],[90.3810041,22.2973625],[90.4580145,22.2995473],[90.4570861,22.335317],[90.4149726,22.4249984]]]}},{"type":"Feature","properties":{"2024":433283.940651,"2023":433283.940651,"DistrictID":146,"2020":375162.81918,"2014":281264.024823,"2021":393614.170128,"2022":412973,"district":"Rangpur","2018":340814.389548,"2013":268079.282949,"2017":324838.120433,"2016":309610.766806,"2015":295097.221946,"2025":433283.940651,"2019":357576.407499,"2012":255512.598854,"division":"Rangpur","upazila":"Pirganj","UpazilaID":0},"geometry":{"type":"Polygon","coordinates":[[[89.4083495,25.4669522],[89.3834809,25.497775],[89.3066464,25.5146331],[89.1955971,25.5095062],[89.1427814,25.485395],[89.1485062,25.4339463],[89.2096975,25.3645355],[89.2378189,25.3191375],[89.2806563,25.3013452],[89.3435379,25.3074355],[89.3431383,25.3667514],[89.4083495,25.4669522]]]}},{"type":"Feature","properties":{"2024":266332.691006,"2023":266332.691006,"DistrictID":141,"2020":260440.610208,"2014":249044.616553,"2021":262390.009473,"2022":264354,"district":"Thakurgaon","2018":256585.152658,"2013":247194.365497,"2017":254678.879973,"2016":252786.769743,"2015":250908.716748,"2025":266332.691006,"2019":258505.693803,"2012":245357.860688,"division":"Rangpur","upazila":"Pirganj","UpazilaID":0},"geometry":{"type":"Polygon","coordinates":[[[88.5016814,25.918697],[88.4562636,25.9138282],[88.4168651,25.962543],[88.3463288,25.9732798],[88.3056204,25.8639503],[88.2599898,25.8136915],[88.26846,25.780798],[88.427114,25.6697031],[88.4214634,25.7323915],[88.3866507,25.7626816],[88.3862716,25.8397557],[88.4084627,25.8684493],[88.4846691,25.8661244],[88.4974689,25.9048042],[88.5016814,25.918697]]]}},{"type":"Feature","properties":{"2024":165596.237856,"2023":165596.237856,"DistrictID":139,"2020":165062.099614,"2014":163998.986234,"2021":165239.953988,"2022":165418,"district":"Perojpur","2018":164706.964956,"2013":163822.467564,"2017":164529.684259,"2016":164352.594377,"2015":164175.695104,"2025":165596.237856,"2019":164884.436672,"2012":163646.138887,"division":"Barisal","upazila":"Pirojpur Sadar","UpazilaID":0},"geometry":{"type":"Polygon","coordinates":[[[90.0039816,22.6822366],[89.9339234,22.6833415],[89.9205946,22.6101337],[89.9577432,22.598591],[89.9469868,22.5420519],[89.9957838,22.5021049],[90.021246,22.5161747],[90.0317207,22.6646431],[90.0039816,22.6822366]]]}},{"type":"Feature","properties":{"2024":219571.074552,"2023":219571.074552,"DistrictID":126,"2020":216486.409772,"2014":210446.477018,"2021":217509.78603,"2022":218538,"district":"Rajshahi","2018":214454.079454,"2013":209456.333392,"2017":213445.080193,"2016":212440.82824,"2015":211441.301259,"2025":219571.074552,"2019":215467.848464,"2012":208470.848359,"division":"Rajshahi","upazila":"Puthia","UpazilaID":0},"geometry":{"type":"Polygon","coordinates":[[[88.9026716,24.4465195],[88.8841712,24.5158795],[88.8495639,24.5101601],[88.8608179,24.4566156],[88.8121059,24.4422585],[88.7980191,24.4049882],[88.7089449,24.3971181],[88.7046245,24.3565506],[88.7550142,24.3629041],[88.8467188,24.3386318],[88.8508191,24.3437523],[88.8922377,24.3651587],[88.9026716,24.4465195]]]}},{"type":"Feature","properties":{"2024":228718.727287,"2023":228718.727287,"DistrictID":0,"2020":228716.545434,"2014":228712.18179,"2021":228717.272716,"2022":228718,"district":"Madaripur","2018":228715.090877,"2013":228711.454525,"2017":228714.363602,"2016":228713.636329,"2015":228712.909059,"2025":228718.727287,"2019":228715.818154,"2012":228710.727261,"division":"Dhaka","upazila":"Rajoir","UpazilaID":0},"geometry":{"type":"Polygon","coordinates":[[[90.075829,23.309201],[90.0238932,23.2882504],[90.0181733,23.230456],[89.9732363,23.1812799],[89.9441182,23.1574988],[89.9684372,23.1097879],[89.9928308,23.1319373],[90.0820487,23.1256577],[90.0938618,23.2131722],[90.1163691,23.226388],[90.0886166,23.2853507],[90.075829,23.309201]]]}},{"type":"Feature","properties":{"2024":271248.244412,"2023":271248.244412,"DistrictID":115,"2020":274787.796544,"2014":282006.067692,"2021":273602.843366,"2022":272423,"district":"Laksmipur","2018":277173.120953,"2013":283227.414597,"2017":278373.536733,"2016":279579.151422,"2015":280789.987537,"2025":271248.244412,"2019":275977.881664,"2012":284454.051064,"division":"Chittagong","upazila":"Ramganj","UpazilaID":0},"geometry":{"type":"Polygon","coordinates":[[[90.9019685,23.162305],[90.8740133,23.1734254],[90.8170085,23.124038],[90.7868995,23.0770448],[90.8316547,23.0460725],[90.8871552,23.0248228],[90.9008007,23.0618905],[90.9442111,23.0872891],[90.9618452,23.131044],[90.9019685,23.162305]]]}},{"type":"Feature","properties":{"2024":123164.974442,"2023":123164.974442,"DistrictID":0,"2020":130443.913854,"2014":146317.752209,"2021":127971.016893,"2022":125545,"district":"Bagerhat","2018":135533.989099,"2013":149145.179336,"2017":138153.032049,"2016":140822.685079,"2015":143543.926172,"2025":123164.974442,"2019":132964.596785,"2012":152027.243334,"division":"Khulna","upazila":"Rampal","UpazilaID":0},"geometry":{"type":"Polygon","coordinates":[[[89.7852287,22.5719262],[89.7149613,22.5876322],[89.7238341,22.6426152],[89.6627071,22.6535198],[89.6468268,22.6805141],[89.6181337,22.6525964],[89.5771583,22.6684476],[89.5323675,22.6091006],[89.5551425,22.5719038],[89.6931253,22.5181927],[89.7115454,22.5021855],[89.7734775,22.5373187],[89.7852287,22.5719262]]]}},{"type":"Feature","properties":{"2024":617640.454673,"2023":617640.454673,"DistrictID":142,"2020":596076.04285,"2014":555179.64364,"2021":603179.19895,"2022":610367,"district":"Norshingdi","2018":582119.690055,"2013":548641.739682,"2017":575264.534846,"2016":568490.107285,"2015":561795.456706,"2025":617640.454673,"2019":589056.534904,"2012":542180.827358,"division":"Dhaka","upazila":"Roypura","UpazilaID":0},"geometry":{"type":"Polygon","coordinates":[[[90.9650751,24.050521],[90.9058918,24.0544744],[90.8716637,24.029195],[90.8324301,24.0514443],[90.8251319,23.9970537],[90.7632651,23.9441149],[90.8412915,23.8709415],[90.898333,23.8627333],[90.973794,23.9754137],[90.9859915,24.030601],[90.9650751,24.050521]]]}},{"type":"Feature","properties":{"2024":172975.589293,"2023":172975.589293,"DistrictID":152,"2020":176203.696983,"2014":182841.767566,"2021":175121.022272,"2022":174045,"district":"Faridpur","2018":178389.168494,"2013":183972.1753,"2017":179492.048315,"2016":180601.74662,"2015":181718.305565,"2025":172975.589293,"2019":177293.065263,"2012":185109.571709,"division":"Dhaka","upazila":"Sadarpur","UpazilaID":0},"geometry":{"type":"Polygon","coordinates":[[[90.1582572,23.5221472],[90.1298949,23.5650982],[90.0781695,23.5614237],[89.9701158,23.5522834],[89.9307588,23.5361935],[89.93423,23.4598186],[89.9854448,23.474673],[90.0213453,23.4416814],[90.074886,23.4363699],[90.0925116,23.3740798],[90.1106928,23.4563426],[90.1820035,23.4980373],[90.1582572,23.5221472]]]}},{"type":"Feature","properties":{"2024":298041.394557,"2023":298041.394557,"DistrictID":0,"2020":295351.34496,"2014":290043.865836,"2021":296245.319531,"2022":297142,"district":"Gaibandha","2018":293571.480873,"2013":289168.605288,"2017":292685.5751,"2016":291802.342711,"2015":290921.775637,"2025":298041.394557,"2019":294460.068121,"2012":288295.986,"division":"Rangpur","upazila":"Sadullapur","UpazilaID":0},"geometry":{"type":"Polygon","coordinates":[[[89.5132838,25.4366179],[89.4413351,25.4936824],[89.4083495,25.4669522],[89.3431383,25.3667514],[89.3435379,25.3074355],[89.4330398,25.3069303],[89.4707192,25.3424525],[89.5132838,25.4366179]]]}},{"type":"Feature","properties":{"2024":274504.437133,"2023":274504.437133,"DistrictID":0,"2020":272817.592828,"2014":269474.937764,"2021":273378.719356,"2022":273941,"district":"Gaibandha","2018":271698.792647,"2013":268921.823986,"2017":271141.114272,"2016":270584.580565,"2015":270029.189177,"2025":274504.437133,"2019":272257.618047,"2012":268369.845508,"division":"Rangpur","upazila":"Saghatta","UpazilaID":0},"geometry":{"type":"Polygon","coordinates":[[[89.5677163,25.2365083],[89.5236946,25.2210846],[89.5092829,25.1963119],[89.4897541,25.1605869],[89.5302532,25.0462844],[89.5908043,25.0449728],[89.6478348,25.0467389],[89.6494002,25.1119162],[89.6198799,25.1111232],[89.5677163,25.2365083]]]}},{"type":"Feature","properties":{"2024":247579.112161,"2023":247579.112161,"DistrictID":108,"2020":254995.623951,"2014":270501.812834,"2021":252499.090829,"2022":250027,"district":"Chittagong","2018":260062.986135,"2013":273176.344188,"2017":262634.305725,"2016":265231.048711,"2015":267853.466463,"2025":247579.112161,"2019":257516.841034,"2012":275877.319424,"division":"Chittagong","upazila":"Sandwip","UpazilaID":311},"geometry":{"type":"MultiPolygon","coordinates":[[[[91.5297195,22.3904269],[91.5684146,22.4094125],[91.564302,22.4724875],[91.4620869,22.6073222],[91.4207377,22.5972701],[91.4199692,22.5222395],[91.480428,22.3998192],[91.5297195,22.3904269]]],[[[91.3181829,22.6498889],[91.3797874,22.6270993],[91.4099759,22.6767808],[91.3384127,22.7320514],[91.3181829,22.6498889]]]]}},{"type":"Feature","properties":{"2024":118420.88144,"2023":118420.88144,"DistrictID":0,"2020":118586.314096,"2014":118917.873053,"2021":118531.144215,"2022":118476,"district":"Bagerhat","2018":118696.730906,"2013":118973.222935,"2017":118751.977859,"2016":118807.250526,"2015":118862.54892,"2025":118420.88144,"2019":118641.509656,"2012":119028.59858,"division":"Khulna","upazila":"Sarankhola","UpazilaID":0},"geometry":{"type":"MultiPolygon","coordinates":[[[[89.8900241,22.3391963],[89.8761558,22.3691018],[89.7744011,22.3730912],[89.7697918,22.2955324],[89.7382384,22.2476354],[89.738861,22.2111801],[89.7440496,22.1384976],[89.7761787,22.0914747],[89.8444527,22.0634094],[89.8840636,22.1148688],[89.8858729,22.1772728],[89.8578212,22.2561213],[89.8900241,22.3391963]]],[[[89.7605003,22.0305785],[89.7583427,22.0252853],[89.7468016,22.0202198],[89.7429986,22.0159366],[89.7533052,22.001147],[89.7395064,21.9915642],[89.7396284,21.9667997],[89.7162911,21.9624584],[89.7308747,21.9339891],[89.7300467,21.8973663],[89.7704575,21.8389096],[89.835863,21.8502707],[89.8447797,21.8922077],[89.8084789,21.9161696],[89.8425335,21.9552175],[89.8236324,22.0506713],[89.770238,22.076847],[89.7605003,22.0305785]]],[[[89.8502044,21.8732264],[89.8755882,21.8979169],[89.8431773,21.9524391],[89.8123477,21.9160724],[89.8440311,21.8979381],[89.8502044,21.8732264]]],[[[89.8892894,22.1581899],[89.8877428,22.1652391],[89.8886024,22.1509645],[89.8912177,22.1500588],[89.8892894,22.1581899]]]]}},{"type":"Feature","properties":{"2024":318103.81446,"2023":318103.81446,"DistrictID":0,"2020":319892.714015,"2014":323500.750052,"2021":319295.299157,"2022":318699,"district":"Jamalpur","2018":321090.899187,"2013":324106.033484,"2017":321691.673688,"2016":322293.572263,"2015":322896.597015,"2025":318103.81446,"2019":320491.246661,"2012":324712.449427,"division":"Mymensingh","upazila":"Sarishabari","UpazilaID":0},"geometry":{"type":"Polygon","coordinates":[[[89.9357673,24.7571875],[89.8891448,24.8040785],[89.8366902,24.8286505],[89.8052678,24.7897464],[89.7303162,24.7983838],[89.7153356,24.7773463],[89.7812294,24.7634065],[89.7724048,24.7240242],[89.7986048,24.6785684],[89.7716214,24.6002138],[89.7890685,24.5722892],[89.8180548,24.5757031],[89.8477496,24.6379577],[89.8793079,24.6790466],[89.8814248,24.741859],[89.9357673,24.7571875]]]}},{"type":"Feature","properties":{"2024":500993.007298,"2023":500993.007298,"DistrictID":124,"2020":490651.962864,"2014":470605.819596,"2021":494075.040725,"2022":497522,"district":"Satkhira","2018":483876.790699,"2013":467345.342482,"2017":480524.368913,"2016":477195.173561,"2015":473889.043723,"2025":500993.007298,"2019":487252.600958,"2012":464107.454785,"division":"Khulna","upazila":"Satkhira Sadar","UpazilaID":0},"geometry":{"type":"Polygon","coordinates":[[[89.0973314,22.8227572],[88.9960829,22.8284422],[88.9590443,22.8080782],[88.9109837,22.7578611],[88.9623191,22.6951078],[88.9286261,22.6514908],[88.9565143,22.6205144],[88.9919255,22.6602739],[89.0773497,22.6619185],[89.1048548,22.5996193],[89.1383014,22.6023076],[89.1708669,22.6518823],[89.1562234,22.7005253],[89.0964478,22.7682843],[89.0973314,22.8227572]]]}},{"type":"Feature","properties":{"2024":3690568.279745,"2023":3690568.279745,"DistrictID":0,"2020":2889040.902965,"2014":1770412.969693,"2021":3134730.49397,"2022":3401314,"district":"Dhaka","2018":2453921.437128,"2013":1631653.97932,"2017":2261591.361095,"2016":2084335.466977,"2015":1920972.291296,"2025":3690568.279745,"2019":2662607.632477,"2012":1503770.450062,"division":"Dhaka","upazila":"Savar","UpazilaID":0},"geometry":{"type":"Polygon","coordinates":[[[90.2600262,24.0148275],[90.1832993,24.0016785],[90.2288651,23.9452831],[90.2457619,23.8383999],[90.2411226,23.7781382],[90.2666491,23.7444674],[90.3134472,23.7702776],[90.3420805,23.7483485],[90.3370716,23.8321397],[90.3518847,23.8819143],[90.3455134,23.9471435],[90.2601326,23.9711313],[90.2600262,24.0148275]]]}},{"type":"Feature","properties":{"2024":336481.077167,"2023":336481.077167,"DistrictID":0,"2020":323674.836126,"2014":299505.994534,"2021":327888.491019,"2022":332157,"district":"Munshiganj","2018":315409.277965,"2013":295657.079631,"2017":311355.991912,"2016":307354.794142,"2015":303405.015275,"2025":336481.077167,"2019":319515.330396,"2012":291857.626663,"division":"Dhaka","upazila":"Serajdikhan","UpazilaID":0},"geometry":{"type":"Polygon","coordinates":[[[90.4301934,23.6086052],[90.3919608,23.6484947],[90.3471183,23.636679],[90.2861832,23.673856],[90.2452832,23.6323362],[90.307036,23.6093103],[90.3629011,23.5282524],[90.4198146,23.530739],[90.4372814,23.5562156],[90.4301934,23.6086052]]]}},{"type":"Feature","properties":{"2024":293375.920916,"2023":293375.920916,"DistrictID":0,"2020":299398.91162,"2014":311818.386542,"2021":297377.63286,"2022":295370,"district":"Madaripur","2018":303482.778479,"2013":313937.819251,"2017":305545.553975,"2016":307622.350177,"2015":309713.262384,"2025":293375.920916,"2019":301433.929032,"2012":316071.657764,"division":"Dhaka","upazila":"Shib Char","UpazilaID":0},"geometry":{"type":"Polygon","coordinates":[[[90.217741,23.4779225],[90.1820035,23.4980373],[90.1106928,23.4563426],[90.0925116,23.3740798],[90.075829,23.309201],[90.0886166,23.2853507],[90.1289728,23.3004126],[90.1792128,23.2551167],[90.2301792,23.2699617],[90.2471677,23.3431589],[90.2217183,23.3986627],[90.2813847,23.4465064],[90.217741,23.4779225]]]}},{"type":"Feature","properties":{"2024":185048.508794,"2023":185048.508794,"DistrictID":154,"2020":181662.843043,"2014":175076.21162,"2021":182784.459002,"2022":183913,"district":"Manikganj","2018":179440.216528,"2013":174001.895597,"2017":178339.121765,"2016":177244.783624,"2015":176157.160644,"2025":185048.508794,"2019":180548.109629,"2012":172934.171875,"division":"Dhaka","upazila":"Shibalaya","UpazilaID":0},"geometry":{"type":"Polygon","coordinates":[[[89.8189985,23.8958052],[89.69716,23.9152139],[89.7327413,23.8353682],[89.8444493,23.7387287],[89.8498987,23.7809723],[89.9253926,23.7995605],[89.887965,23.8515874],[89.8204066,23.8489328],[89.8189985,23.8958052]]]}},{"type":"Feature","properties":{"2024":698517.110955,"2023":698517.110955,"DistrictID":0,"2020":599386.025259,"2014":441332.328034,"2021":630758.955172,"2022":663774,"district":"Nawabganj","2018":541243.868056,"2013":419381.172078,"2017":514323.273748,"2016":488741.666245,"2015":464432.44651,"2025":698517.110955,"2019":569573.53412,"2012":398521.831103,"division":"Rajshahi","upazila":"Shibganj","UpazilaID":0},"geometry":{"type":"Polygon","coordinates":[[[88.2336928,24.8058709],[88.2119665,24.848466],[88.174152,24.8625691],[88.1468568,24.850249],[88.0657086,24.7508149],[88.0628394,24.7216422],[88.008628,24.6678838],[88.0869818,24.5736936],[88.1772381,24.5884286],[88.2387182,24.6360505],[88.2788911,24.714083],[88.2715955,24.7458087],[88.2318968,24.7636838],[88.2336928,24.8058709]]]}},{"type":"Feature","properties":{"2024":338322.728173,"2023":338322.728173,"DistrictID":142,"2020":329344.161603,"2014":312095.537125,"2021":332310.224667,"2022":335303,"district":"Norshingdi","2018":323491.220723,"2013":309309.901968,"2017":320603.872426,"2016":317742.295401,"2015":314906.259624,"2025":338322.728173,"2019":326404.572386,"2012":306549.130233,"division":"Dhaka","upazila":"Shibpur","UpazilaID":0},"geometry":{"type":"Polygon","coordinates":[[[90.7920779,24.0995794],[90.7283271,24.0692342],[90.6371147,24.073933],[90.6460068,24.0518235],[90.6949506,23.9360124],[90.7632651,23.9441149],[90.8251319,23.9970537],[90.8324301,24.0514443],[90.7920779,24.0995794]]]}},{"type":"Feature","properties":{"2024":323675.626729,"2023":323675.626729,"DistrictID":154,"2020":314212.497109,"2014":296108.154306,"2021":317335.726319,"2022":320490,"district":"Manikganj","2018":308057.952946,"2013":293193.847595,"2017":305026.035903,"2016":302023.959093,"2015":299051.428827,"2025":323675.626729,"2019":311120.00683,"2012":290308.223592,"division":"Dhaka","upazila":"Singair","UpazilaID":0},"geometry":{"type":"Polygon","coordinates":[[[90.2457619,23.8383999],[90.1854617,23.8187837],[90.1267497,23.8665039],[90.069833,23.8285347],[90.0513341,23.7712697],[90.083669,23.7283363],[90.2555117,23.715085],[90.2185573,23.7483146],[90.2411226,23.7781382],[90.2457619,23.8383999]]]}},{"type":"Feature","properties":{"2024":618813.806469,"2023":618813.806469,"DistrictID":145,"2020":602245.494954,"2014":570427.809936,"2021":607718.380149,"2022":613241,"district":"Serajganj","2018":591447.140997,"2013":565290.749715,"2017":586120.788516,"2016":580842.40318,"2015":575611.553015,"2025":618813.806469,"2019":596821.896522,"2012":560199.951944,"division":"Rajshahi","upazila":"Sirajganj Sadar","UpazilaID":0},"geometry":{"type":"Polygon","coordinates":[[[89.7716214,24.6002138],[89.7070842,24.5893003],[89.6017018,24.6052186],[89.601785,24.5624269],[89.6202435,24.4455318],[89.6833739,24.4103274],[89.69525,24.3678644],[89.7615602,24.3702547],[89.7613137,24.3948763],[89.7425709,24.4712049],[89.7474239,24.5377146],[89.7890685,24.5722892],[89.7716214,24.6002138]]]}},{"type":"Feature","properties":{"2024":286436.41271,"2023":286436.41271,"DistrictID":0,"2020":279555.028474,"2014":266284.246062,"2021":281830.255491,"2022":284124,"district":"Munshiganj","2018":275059.530153,"2013":264134.522606,"2017":272838.963475,"2016":270636.323521,"2015":268451.465568,"2025":286436.41271,"2019":277298.169457,"2012":262002.153954,"division":"Dhaka","upazila":"Sreenagar","UpazilaID":0},"geometry":{"type":"Polygon","coordinates":[[[90.3629011,23.5282524],[90.307036,23.6093103],[90.2452832,23.6323362],[90.2056718,23.5689441],[90.1582572,23.5221472],[90.1820035,23.4980373],[90.217741,23.4779225],[90.3477124,23.5093402],[90.3629011,23.5282524]]]}},{"type":"Feature","properties":{"2024":813311.35277,"2023":813311.35277,"DistrictID":0,"2020":547278.560913,"2014":247805.897123,"2021":624536.610329,"2022":712701,"district":"Gazipur","2018":420251.723001,"2013":217151.168595,"2017":368264.653155,"2016":322708.62281,"2015":282788.082819,"2025":813311.35277,"2019":479577.68733,"2012":190288.570892,"division":"Dhaka","upazila":"Sreepur","UpazilaID":0},"geometry":{"type":"Polygon","coordinates":[[[90.4962754,24.3151093],[90.436608,24.3385156],[90.4038949,24.2842802],[90.3244153,24.2990092],[90.2904978,24.2777749],[90.2979212,24.2523361],[90.3558264,24.1583562],[90.4545245,24.1690223],[90.4603416,24.1031045],[90.4196923,24.0661267],[90.4449878,24.0334459],[90.492366,24.0276953],[90.4981729,24.0377778],[90.5175528,24.1296132],[90.5532649,24.1597562],[90.5441423,24.2661609],[90.4962754,24.3151093]]]}},{"type":"Feature","properties":{"2024":123601.170457,"2023":123601.170457,"DistrictID":106,"2020":121059.28574,"2014":116131.264491,"2021":121900.718644,"2022":122748,"district":"Sunamganj","2018":119393.804084,"2013":115329.655868,"2017":118569.675429,"2016":117751.235411,"2015":116938.444763,"2025":123601.170457,"2019":120223.660917,"2012":114533.580436,"division":"Sylhet","upazila":"Sulla","UpazilaID":0},"geometry":{"type":"Polygon","coordinates":[[[91.3800566,24.6953262],[91.3410328,24.7409406],[91.2754786,24.7687331],[91.2301569,24.7473537],[91.2065602,24.808215],[91.1702685,24.7892295],[91.1352254,24.7571964],[91.2408765,24.6920935],[91.1952143,24.6311394],[91.2058449,24.5772248],[91.2339612,24.5689629],[91.2895593,24.5953281],[91.3343201,24.6629266],[91.3800566,24.6953262]]]}},{"type":"Feature","properties":{"2024":521595.541121,"2023":521595.541121,"DistrictID":0,"2020":505990.18687,"2014":476166.175959,"2021":511139.393002,"2022":516341,"district":"Gaibandha","2018":495846.87098,"2013":471369.289186,"2017":490851.721352,"2016":485906.892743,"2015":481011.878221,"2025":521595.541121,"2019":500892.853718,"2012":466620.726137,"division":"Rangpur","upazila":"Sundarganj","UpazilaID":0},"geometry":{"type":"Polygon","coordinates":[[[89.6281227,25.5619375],[89.5850746,25.5579935],[89.535995,25.590928],[89.5358905,25.6489942],[89.408252,25.5596211],[89.4413351,25.4936824],[89.5132838,25.4366179],[89.5686277,25.4462971],[89.6249986,25.4049921],[89.7013139,25.4021603],[89.7062099,25.4595888],[89.67532,25.5349924],[89.6281227,25.5619375]]]}},{"type":"Feature","properties":{"2024":289345.262186,"2023":289345.262186,"DistrictID":124,"2020":291929.129047,"2014":297166.290982,"2021":291065.286432,"2022":290204,"district":"Satkhira","2018":293664.513192,"2013":298048.240557,"2017":294536.069962,"2016":295410.213395,"2015":296286.951169,"2025":289345.262186,"2019":292795.535431,"2012":298932.807641,"division":"Khulna","upazila":"Tala","UpazilaID":0},"geometry":{"type":"Polygon","coordinates":[[[89.3295884,22.7160958],[89.2897897,22.7948362],[89.2467436,22.8356448],[89.1957937,22.8109959],[89.1367553,22.8277299],[89.0973314,22.8227572],[89.0964478,22.7682843],[89.1562234,22.7005253],[89.1708669,22.6518823],[89.2452382,22.6406721],[89.2676212,22.7014218],[89.3295884,22.7160958]]]}},{"type":"Feature","properties":{"2024":165900.648887,"2023":165900.648887,"DistrictID":146,"2020":159716.182874,"2014":148030.29254,"2021":161751.621522,"2022":163813,"district":"Rangpur","2018":155721.823492,"2013":146167.519383,"2017":153762.262191,"2016":151827.359479,"2015":149916.805059,"2025":165900.648887,"2019":157706.357635,"2012":144328.18686,"division":"Rangpur","upazila":"Taraganj","UpazilaID":0},"geometry":{"type":"Polygon","coordinates":[[[89.0912714,25.8290529],[89.0084949,25.8159885],[88.9453829,25.774766],[88.9519521,25.742474],[88.9923242,25.7475388],[89.0909423,25.7313968],[89.1060656,25.8081381],[89.0912714,25.8290529]]]}},{"type":"Feature","properties":{"2024":158056.468518,"2023":158056.468518,"DistrictID":0,"2020":158475.432606,"2014":159316.695399,"2021":158335.65466,"2022":158196,"district":"Kishoreganj","2018":158755.358792,"2013":159457.339403,"2017":158895.507251,"2016":159035.779432,"2015":159176.175445,"2025":158056.468518,"2019":158615.333947,"2012":159598.107567,"division":"Dhaka","upazila":"Tarail","UpazilaID":0},"geometry":{"type":"Polygon","coordinates":[[[90.9442498,24.6050019],[90.9163242,24.6137279],[90.9063152,24.5949202],[90.8199658,24.5880182],[90.8040532,24.5307],[90.8207609,24.5025622],[90.8699974,24.5334781],[90.902719,24.4893871],[90.9492856,24.4985892],[90.9610484,24.5362657],[90.9442498,24.6050019]]]}},{"type":"Feature","properties":{"2024":214785.040578,"2023":214785.040578,"DistrictID":133,"2020":206809.719231,"2014":191736.490837,"2021":209434.700518,"2022":212093,"district":"Cumilla","2018":201658.046086,"2013":189333.33272,"2017":199130.534666,"2016":196634.70219,"2015":194170.151606,"2025":214785.040578,"2019":204217.638542,"2012":186960.294948,"division":"Chittagong","upazila":"Titas","UpazilaID":0},"geometry":{"type":"Polygon","coordinates":[[[90.8494683,23.6273921],[90.7583024,23.631737],[90.7135021,23.5736175],[90.7748041,23.5407461],[90.8649567,23.5506953],[90.8494683,23.6273921]]]}},{"type":"Feature","properties":{"2024":194026.740368,"2023":194026.740368,"DistrictID":0,"2020":194808.567038,"2014":196381.684134,"2021":194547.608734,"2022":194287,"district":"Munshiganj","2018":195331.534232,"2013":196645.102592,"2017":195593.544062,"2016":195855.905341,"2015":196118.618541,"2025":194026.740368,"2019":195069.87538,"2012":196908.87439,"division":"Dhaka","upazila":"Tongibari","UpazilaID":0},"geometry":{"type":"Polygon","coordinates":[[[90.4996146,23.4039279],[90.5035669,23.4951902],[90.4758573,23.5061188],[90.4715835,23.5635792],[90.4372814,23.5562156],[90.4198146,23.530739],[90.3954515,23.4114661],[90.4164683,23.4021415],[90.4996146,23.4039279]]]}},{"type":"Feature","properties":{"2024":78223.36212,"2023":78223.36212,"DistrictID":139,"2020":77970.54861,"2014":77467.370186,"2021":78054.728863,"2022":78139,"district":"Perojpur","2018":77802.460366,"2013":77383.823387,"2017":77718.552179,"2016":77634.734485,"2015":77551.007187,"2025":78223.36212,"2019":77886.459144,"2012":77300.36669,"division":"Barisal","upazila":"Zianagar","UpazilaID":0},"geometry":{"type":"Polygon","coordinates":[[[89.9957838,22.5021049],[89.9469868,22.5420519],[89.891637,22.5068362],[89.9107258,22.4472934],[89.8774292,22.4282747],[89.900534,22.3774222],[89.9036168,22.3817537],[89.9699341,22.4442917],[89.9957838,22.5021049]]]}}]}